yyyymm,price,d12,e12,ret,retx,AAA,BAA,lty,ltr,corpr,tbl,Rfree,d/p,d/y,e/p,d/e,b/m,tms,dfy,dfr,infl,eqis,ntis,svar,cay,i/k,csp,pce,vp,impvar,vrp,govik,lzrt,skew,crdstd,ogap,wtexas,accrul,cfacc,sntm,ndrbl,skvw,tail,fbm,dtoy,dtoat,ygap,rdsp,rsvix,gpce,gip,tchi,house,avgcor,shtint,disag
187101,4.44,0.2600,0.4000,,,,,,,,,,0.058559,,0.090090,0.650000,,,,,,,,,,,,,,,,,,,,,,,,,,,,,,,,,,,,,,,,
187102,4.50,0.2600,0.4000,,,,,,,,,0.004967,0.057778,0.058559,0.088889,0.650000,,,,,,,,,,,,,,,,,,,,,,,,,,,,,,,,,,,,,,,,
187103,4.61,0.2600,0.4000,,,,,,,,,0.004525,0.056399,0.057778,0.086768,0.650000,,,,,,,,,,,,,,,,,,,,,,,,,,,,,,,,,,,,,,,,
187104,4.74,0.2600,0.4000,,,,,,,,,0.004252,0.054852,0.056399,0.084388,0.650000,,,,,,,,,,,,,,,,,,,,,,,,,,,,,,,,,,,,,,,,
187105,4.86,0.2600,0.4000,,,,,,,,,0.004643,0.053498,0.054852,0.082305,0.650000,,,,,,,,,,,,,,,,,,,,,,,,,,,,,,,,,,,,,,,,
187106,4.82,0.2600,0.4000,,,,,,,,,0.003698,0.053942,0.053498,0.082988,0.650000,,,,,,,,,,,,,,,,,,,,,,,,,,,,,,,,,,,,,,,,
187107,4.73,0.2600,0.4000,,,,,,,,,0.003373,0.054968,0.053942,0.084567,0.650000,,,,,,,,,,,,,,,,,,,,,,,,,,,,,,,,,,,,,,,,
187108,4.79,0.2600,0.4000,,,,,,,,,0.003255,0.054280,0.054968,0.083507,0.650000,,,,,,,,,,,,,,,,,,,,,,,,,,,,,,,,,,,,,,,,
187109,4.84,0.2600,0.4000,,,,,,,,,0.003713,0.053719,0.054280,0.082645,0.650000,,,,,,,,,,,,,,,,,,,,,,,,,,,,,,,,,,,,,,,,
187110,4.59,0.2600,0.4000,,,,,,,,,0.004554,0.056645,0.053719,0.087146,0.650000,,,,,,,,,,,,,,,,,,,,,,,,,,,,,,,,,,,,,,,,
187111,4.64,0.2600,0.4000,,,,,,,,,0.007041,0.056034,0.056645,0.086207,0.650000,,,,,,,,,,,,,,,,,,,,,,,,,,,,,,,,,,,,,,,,
187112,4.74,0.2600,0.4000,,,,,,,,,0.006488,0.054852,0.056034,0.084388,0.650000,,,,,,,,,,,,,,,,,,,,,,,,,,,,,,,,,,,,,,,,
187201,4.86,0.2633,0.4025,,,,,,,,,0.006975,0.054177,0.055549,0.082819,0.654161,,,,,,,,,,,,,,,,,,,,,,,,,,,,,,,,,,,,,,,,
187202,4.88,0.2667,0.4050,,,,,,,,,0.005764,0.054652,0.054877,0.082992,0.658519,,,,,,,,,,,,,,,,,,,,,,,,,,,,,,,,,,,,,,,,
187203,5.04,0.2700,0.4075,,,,,,,,,0.005218,0.053571,0.055328,0.080853,0.662577,,,,,,,,,,,,,,,,,,,,,,,,,,,,,,,,,,,,,,,,
187204,5.18,0.2733,0.4100,,,,,,,,,0.006001,0.052761,0.054226,0.079151,0.666585,,,,,,,,,,,,,,,,,,,,,,,,,,,,,,,,,,,,,,,,
187205,5.18,0.2767,0.4125,,,,,,,,,0.006030,0.053417,0.053417,0.079633,0.670788,,,,,,,,,,,,,,,,,,,,,,,,,,,,,,,,,,,,,,,,
187206,5.13,0.2800,0.4150,,,,,,,,,0.004953,0.054581,0.054054,0.080897,0.674699,,,,,,,,,,,,,,,,,,,,,,,,,,,,,,,,,,,,,,,,
187207,5.10,0.2833,0.4175,,,,,,,,,0.004067,0.055549,0.055224,0.081863,0.678563,,,,,,,,,,,,,,,,,,,,,,,,,,,,,,,,,,,,,,,,
187208,5.04,0.2867,0.4200,,,,,,,,,0.004399,0.056885,0.056216,0.083333,0.682619,,,,,,,,,,,,,,,,,,,,,,,,,,,,,,,,,,,,,,,,
187209,4.95,0.2900,0.4225,,,,,,,,,0.005218,0.058586,0.057540,0.085354,0.686391,,,,,,,,,,,,,,,,,,,,,,,,,,,,,,,,,,,,,,,,
187210,4.97,0.2933,0.4250,,,,,,,,,0.007019,0.059014,0.059253,0.085513,0.690118,,,,,,,,,,,,,,,,,,,,,,,,,,,,,,,,,,,,,,,,
187211,4.95,0.2967,0.4275,,,,,,,,,0.007609,0.059939,0.059698,0.086364,0.694035,,,,,,,,,,,,,,,,,,,,,,,,,,,,,,,,,,,,,,,,
187212,5.07,0.3000,0.4300,,,,,,,,,0.008214,0.059172,0.060606,0.084813,0.697674,,,,,,,,,,,,,,,,,,,,,,,,,,,,,,,,,,,,,,,,
187301,5.11,0.3025,0.4325,,,,,,,,,0.007631,0.059198,0.059665,0.084638,0.699422,,,,,,,,,,,,,,,,,,,,,,,,,,,,,,,,,,,,,,,,
187302,5.15,0.3050,0.4350,,,,,,,,,0.006488,0.059223,0.059687,0.084466,0.701149,,,,,,,,,,,,,,,,,,,,,,,,,,,,,,,,,,,,,,,,
187303,5.11,0.3075,0.4375,,,,,,,,,0.006561,0.060176,0.059709,0.085616,0.702857,,,,,,,,,,,,,,,,,,,,,,,,,,,,,,,,,,,,,,,,
187304,5.04,0.3100,0.4400,,,,,,,,,0.007107,0.061508,0.060665,0.087302,0.704545,,,,,,,,,,,,,,,,,,,,,,,,,,,,,,,,,,,,,,,,
187305,5.05,0.3125,0.4425,,,,,,,,,0.008052,0.061881,0.062004,0.087624,0.706215,,,,,,,,,,,,,,,,,,,,,,,,,,,,,,,,,,,,,,,,
187306,4.98,0.3150,0.4450,,,,,,,,,0.005632,0.063253,0.062376,0.089357,0.707865,,,,,,,,,,,,,,,,,,,,,,,,,,,,,,,,,,,,,,,,
187307,4.97,0.3175,0.4475,,,,,,,,,0.004680,0.063883,0.063755,0.090040,0.709497,,,,,,,,,,,,,,,,,,,,,,,,,,,,,,,,,,,,,,,,
187308,4.97,0.3200,0.4500,,,,,,,,,0.004392,0.064386,0.064386,0.090543,0.711111,,,,,,,,,,,,,,,,,,,,,,,,,,,,,,,,,,,,,,,,
187309,4.59,0.3225,0.4525,,,,,,,,,0.004849,0.070261,0.064889,0.098584,0.712707,,,,,,,,,,,,,,,,,,,,,,,,,,,,,,,,,,,,,,,,
187310,4.19,0.3250,0.4550,,,,,,,,,0.010177,0.077566,0.070806,0.108592,0.714286,,,,,,,,,,,,,,,,,,,,,,,,,,,,,,,,,,,,,,,,
187311,4.04,0.3275,0.4575,,,,,,,,,0.011815,0.081064,0.078162,0.113243,0.715847,,,,,,,,,,,,,,,,,,,,,,,,,,,,,,,,,,,,,,,,
187312,4.42,0.3300,0.4600,,,,,,,,,0.010340,0.074661,0.081683,0.104072,0.717391,,,,,,,,,,,,,,,,,,,,,,,,,,,,,,,,,,,,,,,,
187401,4.66,0.3300,0.4600,,,,,,,,,0.006871,0.070815,0.074661,0.098712,0.717391,,,,,,,,,,,,,,,,,,,,,,,,,,,,,,,,,,,,,,,,
187402,4.80,0.3300,0.4600,,,,,,,,,0.005130,0.068750,0.070815,0.095833,0.717391,,,,,,,,,,,,,,,,,,,,,,,,,,,,,,,,,,,,,,,,
187403,4.73,0.3300,0.4600,,,,,,,,,0.004067,0.069767,0.068750,0.097252,0.717391,,,,,,,,,,,,,,,,,,,,,,,,,,,,,,,,,,,,,,,,
187404,4.60,0.3300,0.4600,,,,,,,,,0.004170,0.071739,0.069767,0.100000,0.717391,,,,,,,,,,,,,,,,,,,,,,,,,,,,,,,,,,,,,,,,
187405,4.48,0.3300,0.4600,,,,,,,,,0.004252,0.073661,0.071739,0.102679,0.717391,,,,,,,,,,,,,,,,,,,,,,,,,,,,,,,,,,,,,,,,
187406,4.46,0.3300,0.4600,,,,,,,,,0.003816,0.073991,0.073661,0.103139,0.717391,,,,,,,,,,,,,,,,,,,,,,,,,,,,,,,,,,,,,,,,
187407,4.46,0.3300,0.4600,,,,,,,,,0.003742,0.073991,0.073991,0.103139,0.717391,,,,,,,,,,,,,,,,,,,,,,,,,,,,,,,,,,,,,,,,
187408,4.47,0.3300,0.4600,,,,,,,,,0.003779,0.073826,0.073991,0.102908,0.717391,,,,,,,,,,,,,,,,,,,,,,,,,,,,,,,,,,,,,,,,
187409,4.54,0.3300,0.4600,,,,,,,,,0.003654,0.072687,0.073826,0.101322,0.717391,,,,,,,,,,,,,,,,,,,,,,,,,,,,,,,,,,,,,,,,
187410,4.53,0.3300,0.4600,,,,,,,,,0.004252,0.072848,0.072687,0.101545,0.717391,,,,,,,,,,,,,,,,,,,,,,,,,,,,,,,,,,,,,,,,
187411,4.57,0.3300,0.4600,,,,,,,,,0.003927,0.072210,0.072848,0.100656,0.717391,,,,,,,,,,,,,,,,,,,,,,,,,,,,,,,,,,,,,,,,
187412,4.54,0.3300,0.4600,,,,,,,,,0.003787,0.072687,0.072210,0.101322,0.717391,,,,,,,,,,,,,,,,,,,,,,,,,,,,,,,,,,,,,,,,
187501,4.54,0.3275,0.4517,,,,,,,,,0.004067,0.072137,0.072137,0.099493,0.725039,,,,,,,,,,,,,,,,,,,,,,,,,,,,,,,,,,,,,,,,
187502,4.53,0.3250,0.4433,,,,,,,,,0.003514,0.071744,0.071586,0.097859,0.733138,,,,,,,,,,,,,,,,,,,,,,,,,,,,,,,,,,,,,,,,
187503,4.59,0.3225,0.4350,,,,,,,,,0.003469,0.070261,0.071192,0.094771,0.741379,,,,,,,,,,,,,,,,,,,,,,,,,,,,,,,,,,,,,,,,
187504,4.65,0.3200,0.4267,,,,,,,,,0.003993,0.068817,0.069717,0.091763,0.749941,,,,,,,,,,,,,,,,,,,,,,,,,,,,,,,,,,,,,,,,
187505,4.47,0.3175,0.4183,,,,,,,,,0.003654,0.071029,0.068280,0.093579,0.759025,,,,,,,,,,,,,,,,,,,,,,,,,,,,,,,,,,,,,,,,
187506,4.38,0.3150,0.4100,,,,,,,,,0.003005,0.071918,0.070470,0.093607,0.768293,,,,,,,,,,,,,,,,,,,,,,,,,,,,,,,,,,,,,,,,
187507,4.39,0.3125,0.4017,,,,,,,,,0.002997,0.071185,0.071347,0.091503,0.777944,,,,,,,,,,,,,,,,,,,,,,,,,,,,,,,,,,,,,,,,
187508,4.41,0.3100,0.3933,,,,,,,,,0.002820,0.070295,0.070615,0.089184,0.788202,,,,,,,,,,,,,,,,,,,,,,,,,,,,,,,,,,,,,,,,
187509,4.37,0.3075,0.3850,,,,,,,,,0.003285,0.070366,0.069728,0.088101,0.798701,,,,,,,,,,,,,,,,,,,,,,,,,,,,,,,,,,,,,,,,
187510,4.30,0.3050,0.3767,,,,,,,,,0.003986,0.070930,0.069794,0.087605,0.809663,,,,,,,,,,,,,,,,,,,,,,,,,,,,,,,,,,,,,,,,
187511,4.37,0.3025,0.3683,,,,,,,,,0.004296,0.069222,0.070349,0.084279,0.821341,,,,,,,,,,,,,,,,,,,,,,,,,,,,,,,,,,,,,,,,
187512,4.37,0.3000,0.3600,,,,,,,,,0.004355,0.068650,0.068650,0.082380,0.833333,,,,,,,,,,,,,,,,,,,,,,,,,,,,,,,,,,,,,,,,
187601,4.46,0.3000,0.3533,,,,,,,,,0.004517,0.067265,0.068650,0.079215,0.849137,,,,,,,,,,,,,,,,,,,,,,,,,,,,,,,,,,,,,,,,
187602,4.52,0.3000,0.3467,,,,,,,,,0.004392,0.066372,0.067265,0.076704,0.865301,,,,,,,,,,,,,,,,,,,,,,,,,,,,,,,,,,,,,,,,
187603,4.51,0.3000,0.3400,,,,,,,,,0.003573,0.066519,0.066372,0.075388,0.882353,,,,,,,,,,,,,,,,,,,,,,,,,,,,,,,,,,,,,,,,
187604,4.34,0.3000,0.3333,,,,,,,,,0.003617,0.069124,0.066519,0.076797,0.900090,,,,,,,,,,,,,,,,,,,,,,,,,,,,,,,,,,,,,,,,
187605,4.18,0.3000,0.3267,,,,,,,,,0.003698,0.071770,0.069124,0.078158,0.918274,,,,,,,,,,,,,,,,,,,,,,,,,,,,,,,,,,,,,,,,
187606,4.15,0.3000,0.3200,,,,,,,,,0.003366,0.072289,0.071770,0.077108,0.937500,,,,,,,,,,,,,,,,,,,,,,,,,,,,,,,,,,,,,,,,
187607,4.10,0.3000,0.3133,,,,,,,,,0.003145,0.073171,0.072289,0.076415,0.957549,,,,,,,,,,,,,,,,,,,,,,,,,,,,,,,,,,,,,,,,
187608,3.93,0.3000,0.3067,,,,,,,,,0.002451,0.076336,0.073171,0.078041,0.978155,,,,,,,,,,,,,,,,,,,,,,,,,,,,,,,,,,,,,,,,
187609,3.69,0.3000,0.3000,,,,,,,,,0.002296,0.081301,0.076336,0.081301,1.000000,,,,,,,,,,,,,,,,,,,,,,,,,,,,,,,,,,,,,,,,
187610,3.67,0.3000,0.2933,,,,,,,,,0.003145,0.081744,0.081301,0.079918,1.022844,,,,,,,,,,,,,,,,,,,,,,,,,,,,,,,,,,,,,,,,
187611,3.60,0.3000,0.2867,,,,,,,,,0.003824,0.083333,0.081744,0.079639,1.046390,,,,,,,,,,,,,,,,,,,,,,,,,,,,,,,,,,,,,,,,
187612,3.58,0.3000,0.2800,,,,,,,,,0.003654,0.083799,0.083333,0.078212,1.071429,,,,,,,,,,,,,,,,,,,,,,,,,,,,,,,,,,,,,,,,
187701,3.55,0.2908,0.2817,,,,,,,,,0.003979,0.081915,0.081229,0.079352,1.032304,,,,,,,,,,,,,,,,,,,,,,,,,,,,,,,,,,,,,,,,
187702,3.34,0.2817,0.2833,,,,,,,,,0.003735,0.084341,0.079352,0.084820,0.994352,,,,,,,,,,,,,,,,,,,,,,,,,,,,,,,,,,,,,,,,
187703,3.17,0.2725,0.2850,,,,,,,,,0.002960,0.085962,0.081587,0.089905,0.956140,,,,,,,,,,,,,,,,,,,,,,,,,,,,,,,,,,,,,,,,
187704,2.94,0.2633,0.2867,,,,,,,,,0.002916,0.089558,0.083060,0.097517,0.918382,,,,,,,,,,,,,,,,,,,,,,,,,,,,,,,,,,,,,,,,
187705,2.94,0.2542,0.2883,,,,,,,,,0.002872,0.086463,0.086463,0.098061,0.881720,,,,,,,,,,,,,,,,,,,,,,,,,,,,,,,,,,,,,,,,
187706,2.73,0.2450,0.2900,,,,,,,,,0.002591,0.089744,0.083333,0.106227,0.844828,,,,,,,,,,,,,,,,,,,,,,,,,,,,,,,,,,,,,,,,
187707,2.85,0.2358,0.2917,,,,,,,,,0.002636,0.082737,0.086374,0.102351,0.808365,,,,,,,,,,,,,,,,,,,,,,,,,,,,,,,,,,,,,,,,
187708,3.05,0.2267,0.2933,,,,,,,,,0.002695,0.074328,0.079544,0.096164,0.772929,,,,,,,,,,,,,,,,,,,,,,,,,,,,,,,,,,,,,,,,
187709,3.24,0.2175,0.2950,,,,,,,,,0.003801,0.067130,0.071311,0.091049,0.737288,,,,,,,,,,,,,,,,,,,,,,,,,,,,,,,,,,,,,,,,
187710,3.31,0.2083,0.2967,,,,,,,,,0.004348,0.062931,0.064290,0.089637,0.702056,,,,,,,,,,,,,,,,,,,,,,,,,,,,,,,,,,,,,,,,
187711,3.26,0.1992,0.2983,,,,,,,,,0.004990,0.061104,0.060181,0.091503,0.667784,,,,,,,,,,,,,,,,,,,,,,,,,,,,,,,,,,,,,,,,
187712,3.25,0.1900,0.3000,,,,,,,,,0.004207,0.058462,0.058282,0.092308,0.633333,,,,,,,,,,,,,,,,,,,,,,,,,,,,,,,,,,,,,,,,
187801,3.25,0.1892,0.3008,,,,,,,,,0.003787,0.058215,0.058215,0.092554,0.628989,,,,,,,,,,,,,,,,,,,,,,,,,,,,,,,,,,,,,,,,
187802,3.18,0.1883,0.3017,,,,,,,,,0.003956,0.059214,0.057938,0.094874,0.624130,,,,,,,,,,,,,,,,,,,,,,,,,,,,,,,,,,,,,,,,
187803,3.24,0.1875,0.3025,,,,,,,,,0.003558,0.057870,0.058962,0.093364,0.619835,,,,,,,,,,,,,,,,,,,,,,,,,,,,,,,,,,,,,,,,
187804,3.33,0.1867,0.3033,,,,,,,,,0.003418,0.056066,0.057623,0.091081,0.615562,,,,,,,,,,,,,,,,,,,,,,,,,,,,,,,,,,,,,,,,
187805,3.34,0.1858,0.3042,,,,,,,,,0.003595,0.055629,0.055796,0.091078,0.610782,,,,,,,,,,,,,,,,,,,,,,,,,,,,,,,,,,,,,,,,
187806,3.41,0.1850,0.3050,,,,,,,,,0.002982,0.054252,0.055389,0.089443,0.606557,,,,,,,,,,,,,,,,,,,,,,,,,,,,,,,,,,,,,,,,
187807,3.48,0.1842,0.3058,,,,,,,,,0.002451,0.052931,0.054018,0.087874,0.602354,,,,,,,,,,,,,,,,,,,,,,,,,,,,,,,,,,,,,,,,
187808,3.45,0.1833,0.3067,,,,,,,,,0.002296,0.053130,0.052672,0.088899,0.597652,,,,,,,,,,,,,,,,,,,,,,,,,,,,,,,,,,,,,,,,
187809,3.52,0.1825,0.3075,,,,,,,,,0.002451,0.051847,0.052899,0.087358,0.593496,,,,,,,,,,,,,,,,,,,,,,,,,,,,,,,,,,,,,,,,
187810,3.48,0.1817,0.3083,,,,,,,,,0.003049,0.052213,0.051619,0.088592,0.589361,,,,,,,,,,,,,,,,,,,,,,,,,,,,,,,,,,,,,,,,
187811,3.47,0.1808,0.3092,,,,,,,,,0.003661,0.052104,0.051954,0.089107,0.584735,,,,,,,,,,,,,,,,,,,,,,,,,,,,,,,,,,,,,,,,
187812,3.45,0.1800,0.3100,,,,,,,,,0.003418,0.052174,0.051873,0.089855,0.580645,,,,,,,,,,,,,,,,,,,,,,,,,,,,,,,,,,,,,,,,
187901,3.58,0.1817,0.3158,,,,,,,,,0.003373,0.050754,0.052667,0.088212,0.575364,,,,,,,,,,,,,,,,,,,,,,,,,,,,,,,,,,,,,,,,
187902,3.71,0.1833,0.3217,,,,,,,,,0.002835,0.049407,0.051201,0.086712,0.569786,,,,,,,,,,,,,,,,,,,,,,,,,,,,,,,,,,,,,,,,
187903,3.65,0.1850,0.3275,,,,,,,,,0.002451,0.050685,0.049865,0.089726,0.564885,,,,,,,,,,,,,,,,,,,,,,,,,,,,,,,,,,,,,,,,
187904,3.77,0.1867,0.3333,,,,,,,,,0.003373,0.049523,0.051151,0.088408,0.560156,,,,,,,,,,,,,,,,,,,,,,,,,,,,,,,,,,,,,,,,
187905,3.94,0.1883,0.3392,,,,,,,,,0.003661,0.047792,0.049947,0.086091,0.555130,,,,,,,,,,,,,,,,,,,,,,,,,,,,,,,,,,,,,,,,
187906,3.96,0.1900,0.3450,,,,,,,,,0.002916,0.047980,0.048223,0.087121,0.550725,,,,,,,,,,,,,,,,,,,,,,,,,,,,,,,,,,,,,,,,
187907,4.04,0.1917,0.3508,,,,,,,,,0.002776,0.047450,0.048409,0.086832,0.546465,,,,,,,,,,,,,,,,,,,,,,,,,,,,,,,,,,,,,,,,
187908,4.07,0.1933,0.3567,,,,,,,,,0.002517,0.047494,0.047847,0.087641,0.541912,,,,,,,,,,,,,,,,,,,,,,,,,,,,,,,,,,,,,,,,
187909,4.22,0.1950,0.3625,,,,,,,,,0.003742,0.046209,0.047912,0.085900,0.537931,,,,,,,,,,,,,,,,,,,,,,,,,,,,,,,,,,,,,,,,
187910,4.68,0.1967,0.3683,,,,,,,,,0.003905,0.042030,0.046611,0.078697,0.534075,,,,,,,,,,,,,,,,,,,,,,,,,,,,,,,,,,,,,,,,
187911,4.93,0.1983,0.3742,,,,,,,,,0.004023,0.040223,0.042372,0.075903,0.529931,,,,,,,,,,,,,,,,,,,,,,,,,,,,,,,,,,,,,,,,
187912,4.92,0.2000,0.3800,,,,,,,,,0.004252,0.040650,0.040568,0.077236,0.526316,,,,,,,,,,,,,,,,,,,,,,,,,,,,,,,,,,,,,,,,
188001,5.11,0.2050,0.3892,,,,,,,,,0.004030,0.040117,0.041667,0.076164,0.526721,,,,,,,,,,,,,,,,,,,,,,,,,,,,,,,,,,,,,,,,
188002,5.20,0.2100,0.3983,,,,,,,,,0.003610,0.040385,0.041096,0.076596,0.527241,,,,,,,,,,,,,,,,,,,,,,,,,,,,,,,,,,,,,,,,
188003,5.30,0.2150,0.4075,,,,,,,,,0.003558,0.040566,0.041346,0.076887,0.527607,,,,,,,,,,,,,,,,,,,,,,,,,,,,,,,,,,,,,,,,
188004,5.18,0.2200,0.4167,,,,,,,,,0.003698,0.042471,0.041509,0.080444,0.527958,,,,,,,,,,,,,,,,,,,,,,,,,,,,,,,,,,,,,,,,
188005,4.77,0.2250,0.4258,,,,,,,,,0.003698,0.047170,0.043436,0.089266,0.528417,,,,,,,,,,,,,,,,,,,,,,,,,,,,,,,,,,,,,,,,
188006,4.79,0.2300,0.4350,,,,,,,,,0.003469,0.048017,0.048218,0.090814,0.528736,,,,,,,,,,,,,,,,,,,,,,,,,,,,,,,,,,,,,,,,
188007,5.01,0.2350,0.4442,,,,,,,,,0.002997,0.046906,0.049061,0.088663,0.529041,,,,,,,,,,,,,,,,,,,,,,,,,,,,,,,,,,,,,,,,
188008,5.19,0.2400,0.4533,,,,,,,,,0.002916,0.046243,0.047904,0.087341,0.529451,,,,,,,,,,,,,,,,,,,,,,,,,,,,,,,,,,,,,,,,
188009,5.18,0.2450,0.4625,,,,,,,,,0.003351,0.047297,0.047206,0.089286,0.529730,,,,,,,,,,,,,,,,,,,,,,,,,,,,,,,,,,,,,,,,
188010,5.33,0.2500,0.4717,,,,,,,,,0.003514,0.046904,0.048263,0.088499,0.529998,,,,,,,,,,,,,,,,,,,,,,,,,,,,,,,,,,,,,,,,
188011,5.61,0.2550,0.4808,,,,,,,,,0.003418,0.045455,0.047842,0.085704,0.530366,,,,,,,,,,,,,,,,,,,,,,,,,,,,,,,,,,,,,,,,
188012,5.84,0.2600,0.4900,,,,,,,,,0.003654,0.044521,0.046346,0.083904,0.530612,,,,,,,,,,,,,,,,,,,,,,,,,,,,,,,,,,,,,,,,
188101,6.19,0.2650,0.4858,,,,,,,,,0.004067,0.042811,0.045377,0.078481,0.545492,,,,,,,,,,,,,,,,,,,,,,,,,,,,,,,,,,,,,,,,
188102,6.17,0.2700,0.4817,,,,,,,,,0.003514,0.043760,0.043619,0.078071,0.560515,,,,,,,,,,,,,,,,,,,,,,,,,,,,,,,,,,,,,,,,
188103,6.24,0.2750,0.4775,,,,,,,,,0.003610,0.044071,0.044571,0.076522,0.575916,,,,,,,,,,,,,,,,,,,,,,,,,,,,,,,,,,,,,,,,
188104,6.22,0.2800,0.4733,,,,,,,,,0.003735,0.045016,0.044872,0.076093,0.591591,,,,,,,,,,,,,,,,,,,,,,,,,,,,,,,,,,,,,,,,
188105,6.50,0.2850,0.4692,,,,,,,,,0.003469,0.043846,0.045820,0.072185,0.607417,,,,,,,,,,,,,,,,,,,,,,,,,,,,,,,,,,,,,,,,
188106,6.58,0.2900,0.4650,,,,,,,,,0.002636,0.044073,0.044615,0.070669,0.623656,,,,,,,,,,,,,,,,,,,,,,,,,,,,,,,,,,,,,,,,
188107,6.35,0.2950,0.4608,,,,,,,,,0.002222,0.046457,0.044833,0.072567,0.640191,,,,,,,,,,,,,,,,,,,,,,,,,,,,,,,,,,,,,,,,
188108,6.20,0.3000,0.4567,,,,,,,,,0.002591,0.048387,0.047244,0.073661,0.656886,,,,,,,,,,,,,,,,,,,,,,,,,,,,,,,,,,,,,,,,
188109,6.25,0.3050,0.4525,,,,,,,,,0.003292,0.048800,0.049194,0.072400,0.674033,,,,,,,,,,,,,,,,,,,,,,,,,,,,,,,,,,,,,,,,
188110,6.15,0.3100,0.4483,,,,,,,,,0.003838,0.050407,0.049600,0.072894,0.691501,,,,,,,,,,,,,,,,,,,,,,,,,,,,,,,,,,,,,,,,
188111,6.19,0.3150,0.4442,,,,,,,,,0.004252,0.050889,0.051220,0.071761,0.709140,,,,,,,,,,,,,,,,,,,,,,,,,,,,,,,,,,,,,,,,
188112,6.01,0.3200,0.4400,,,,,,,,,0.004289,0.053245,0.051696,0.073211,0.727273,,,,,,,,,,,,,,,,,,,,,,,,,,,,,,,,,,,,,,,,
188201,5.92,0.3200,0.4392,,,,,,,,,0.004252,0.054054,0.053245,0.074189,0.728597,,,,,,,,,,,,,,,,,,,,,,,,,,,,,,,,,,,,,,,,
188202,5.79,0.3200,0.4383,,,,,,,,,0.003698,0.055268,0.054054,0.075699,0.730094,,,,,,,,,,,,,,,,,,,,,,,,,,,,,,,,,,,,,,,,
188203,5.78,0.3200,0.4375,,,,,,,,,0.003676,0.055363,0.055268,0.075692,0.731429,,,,,,,,,,,,,,,,,,,,,,,,,,,,,,,,,,,,,,,,
188204,5.78,0.3200,0.4367,,,,,,,,,0.003801,0.055363,0.055363,0.075554,0.732768,,,,,,,,,,,,,,,,,,,,,,,,,,,,,,,,,,,,,,,,
188205,5.71,0.3200,0.4358,,,,,,,,,0.003373,0.056042,0.055363,0.076322,0.734282,,,,,,,,,,,,,,,,,,,,,,,,,,,,,,,,,,,,,,,,
188206,5.68,0.3200,0.4350,,,,,,,,,0.003219,0.056338,0.056042,0.076585,0.735632,,,,,,,,,,,,,,,,,,,,,,,,,,,,,,,,,,,,,,,,
188207,6.00,0.3200,0.4342,,,,,,,,,0.003418,0.053333,0.056338,0.072367,0.736988,,,,,,,,,,,,,,,,,,,,,,,,,,,,,,,,,,,,,,,,
188208,6.18,0.3200,0.4333,,,,,,,,,0.003049,0.051780,0.053333,0.070113,0.738518,,,,,,,,,,,,,,,,,,,,,,,,,,,,,,,,,,,,,,,,
188209,6.24,0.3200,0.4325,,,,,,,,,0.003809,0.051282,0.051780,0.069311,0.739884,,,,,,,,,,,,,,,,,,,,,,,,,,,,,,,,,,,,,,,,
188210,6.07,0.3200,0.4317,,,,,,,,,0.004621,0.052718,0.051282,0.071120,0.741256,,,,,,,,,,,,,,,,,,,,,,,,,,,,,,,,,,,,,,,,
188211,5.81,0.3200,0.4308,,,,,,,,,0.004562,0.055077,0.052718,0.074148,0.742804,,,,,,,,,,,,,,,,,,,,,,,,,,,,,,,,,,,,,,,,
188212,5.84,0.3200,0.4300,,,,,,,,,0.004436,0.054795,0.055077,0.073630,0.744186,,,,,,,,,,,,,,,,,,,,,,,,,,,,,,,,,,,,,,,,
188301,5.81,0.3208,0.4275,,,,,,,,,0.003979,0.055215,0.054932,0.073580,0.750409,,,,,,,,,,,,,,,,,,,,,,,,,,,,,,,,,,,,,,,,
188302,5.68,0.3217,0.4250,,,,,,,,,0.003698,0.056637,0.055370,0.074824,0.756941,,,,,,,,,,,,,,,,,,,,,,,,,,,,,,,,,,,,,,,,
188303,5.75,0.3225,0.4225,,,,,,,,,0.003610,0.056087,0.056778,0.073478,0.763314,,,,,,,,,,,,,,,,,,,,,,,,,,,,,,,,,,,,,,,,
188304,5.87,0.3233,0.4200,,,,,,,,,0.004348,0.055077,0.056226,0.071550,0.769762,,,,,,,,,,,,,,,,,,,,,,,,,,,,,,,,,,,,,,,,
188305,5.77,0.3242,0.4175,,,,,,,,,0.003927,0.056187,0.055230,0.072357,0.776527,,,,,,,,,,,,,,,,,,,,,,,,,,,,,,,,,,,,,,,,
188306,5.82,0.3250,0.4150,,,,,,,,,0.003587,0.055842,0.056326,0.071306,0.783133,,,,,,,,,,,,,,,,,,,,,,,,,,,,,,,,,,,,,,,,
188307,5.73,0.3258,0.4125,,,,,,,,,0.003698,0.056859,0.055979,0.071990,0.789818,,,,,,,,,,,,,,,,,,,,,,,,,,,,,,,,,,,,,,,,
188308,5.47,0.3267,0.4100,,,,,,,,,0.003167,0.059726,0.057016,0.074954,0.796829,,,,,,,,,,,,,,,,,,,,,,,,,,,,,,,,,,,,,,,,
188309,5.53,0.3275,0.4075,,,,,,,,,0.003779,0.059222,0.059872,0.073689,0.803681,,,,,,,,,,,,,,,,,,,,,,,,,,,,,,,,,,,,,,,,
188310,5.38,0.3283,0.4050,,,,,,,,,0.004067,0.061022,0.059367,0.075279,0.810617,,,,,,,,,,,,,,,,,,,,,,,,,,,,,,,,,,,,,,,,
188311,5.46,0.3292,0.4025,,,,,,,,,0.004067,0.060293,0.061190,0.073718,0.817888,,,,,,,,,,,,,,,,,,,,,,,,,,,,,,,,,,,,,,,,
188312,5.34,0.3300,0.4000,,,,,,,,,0.003838,0.061798,0.060440,0.074906,0.825000,,,,,,,,,,,,,,,,,,,,,,,,,,,,,,,,,,,,,,,,
188401,5.18,0.3283,0.3925,,,,,,,,,0.003698,0.063378,0.061479,0.075772,0.836433,,,,,,,,,,,,,,,,,,,,,,,,,,,,,,,,,,,,,,,,
188402,5.32,0.3267,0.3850,,,,,,,,,0.003248,0.061410,0.063069,0.072368,0.848571,,,,,,,,,,,,,,,,,,,,,,,,,,,,,,,,,,,,,,,,
188403,5.30,0.3250,0.3775,,,,,,,,,0.003145,0.061321,0.061090,0.071226,0.860927,,,,,,,,,,,,,,,,,,,,,,,,,,,,,,,,,,,,,,,,
188404,5.06,0.3233,0.3700,,,,,,,,,0.003049,0.063893,0.061000,0.073123,0.873784,,,,,,,,,,,,,,,,,,,,,,,,,,,,,,,,,,,,,,,,
188405,4.65,0.3217,0.3625,,,,,,,,,0.003123,0.069183,0.063577,0.077957,0.887448,,,,,,,,,,,,,,,,,,,,,,,,,,,,,,,,,,,,,,,,
188406,4.46,0.3200,0.3550,,,,,,,,,0.003373,0.071749,0.068817,0.079596,0.901408,,,,,,,,,,,,,,,,,,,,,,,,,,,,,,,,,,,,,,,,
188407,4.46,0.3183,0.3475,,,,,,,,,0.003883,0.071368,0.071368,0.077915,0.915971,,,,,,,,,,,,,,,,,,,,,,,,,,,,,,,,,,,,,,,,
188408,4.74,0.3167,0.3400,,,,,,,,,0.004030,0.066814,0.071009,0.071730,0.931471,,,,,,,,,,,,,,,,,,,,,,,,,,,,,,,,,,,,,,,,
188409,4.59,0.3150,0.3325,,,,,,,,,0.003698,0.068627,0.066456,0.072440,0.947368,,,,,,,,,,,,,,,,,,,,,,,,,,,,,,,,,,,,,,,,
188410,4.44,0.3133,0.3250,,,,,,,,,0.003698,0.070563,0.068257,0.073198,0.964000,,,,,,,,,,,,,,,,,,,,,,,,,,,,,,,,,,,,,,,,
188411,4.35,0.3117,0.3175,,,,,,,,,0.003698,0.071655,0.070203,0.072989,0.981732,,,,,,,,,,,,,,,,,,,,,,,,,,,,,,,,,,,,,,,,
188412,4.34,0.3100,0.3100,,,,,,,,,0.003469,0.071429,0.071264,0.071429,1.000000,,,,,,,,,,,,,,,,,,,,,,,,,,,,,,,,,,,,,,,,
188501,4.24,0.3042,0.3067,,,,,,,,,0.003329,0.071745,0.070092,0.072335,0.991849,,,,,,,,,,,,,,,,,,,,,,,,,,,,,,,,,,,,,,,,
188502,4.37,0.2983,0.3033,,,,,,,,,0.003100,0.068261,0.070354,0.069405,0.983515,,,,,,,,0.001539,,,,,,,,,,,,,,,,,,,,,,,,,,,,,,,,
188503,4.38,0.2925,0.3000,,,,,,,,,0.002960,0.066781,0.066934,0.068493,0.975000,,,,,,,,0.001545,,,,,,,,,,,,,,,,,,,,,,,,,,,,,,,,
188504,4.37,0.2867,0.2967,,,,,,,,,0.002938,0.065606,0.065457,0.067895,0.966296,,,,,,,,0.001798,,,,,,,,,,,,,,,,,,,,,,,,,,,,,,,,
188505,4.32,0.2808,0.2933,,,,,,,,,0.002569,0.065000,0.064256,0.067894,0.957382,,,,,,,,0.001805,,,,,,,,,,,,,,,,,,,,,,,,,,,,,,,,
188506,4.30,0.2750,0.2900,,,,,,,,,0.002355,0.063953,0.063657,0.067442,0.948276,,,,,,,,0.001097,,,,,,,,,,,,,,,,,,,,,,,,,,,,,,,,
188507,4.46,0.2692,0.2867,,,,,,,,,0.002259,0.060359,0.062605,0.064283,0.938961,,,,,,,,0.002936,,,,,,,,,,,,,,,,,,,,,,,,,,,,,,,,
188508,4.71,0.2633,0.2833,,,,,,,,,0.002222,0.055902,0.059036,0.060149,0.929403,,,,,,,,0.002450,,,,,,,,,,,,,,,,,,,,,,,,,,,,,,,,
188509,4.65,0.2575,0.2800,,,,,,,,,0.002355,0.055376,0.054671,0.060215,0.919643,,,,,,,,0.001732,,,,,,,,,,,,,,,,,,,,,,,,,,,,,,,,
188510,4.92,0.2517,0.2767,,,,,,,,,0.002407,0.051159,0.054129,0.056240,0.909649,,,,,,,,0.002996,,,,,,,,,,,,,,,,,,,,,,,,,,,,,,,,
188511,5.24,0.2458,0.2733,,,,,,,,,0.002591,0.046908,0.049959,0.052156,0.899378,,,,,,,,0.002814,,,,,,,,,,,,,,,,,,,,,,,,,,,,,,,,
188512,5.20,0.2400,0.2700,,,,,,,,,0.002916,0.046154,0.045802,0.051923,0.888889,,,,,,,,0.003026,,,,,,,,,,,,,,,,,,,,,,,,,,,,,,,,
188601,5.20,0.2383,0.2750,,,,,,,,,0.002960,0.045827,0.045827,0.052885,0.866545,,,,,,,,0.001729,,,,,,,,,,,,,,,,,,,,,,,,,,,,,,,,
188602,5.30,0.2367,0.2800,,,,,,,,,0.002820,0.044660,0.045519,0.052830,0.845357,,,,,,,,0.001547,,,,,,,,,,,,,,,,,,,,,,,,,,,,,,,,
188603,5.19,0.2350,0.2850,,,,,,,,,0.002517,0.045279,0.044340,0.054913,0.824561,,,,,,,,0.001832,,,,,,,,,,,,,,,,,,,,,,,,,,,,,,,,
188604,5.12,0.2333,0.2900,,,,,,,,,0.002495,0.045566,0.044952,0.056641,0.804483,,,,,,,,0.001223,,,,,,,,,,,,,,,,,,,,,,,,,,,,,,,,
188605,5.02,0.2317,0.2950,,,,,,,,,0.002776,0.046155,0.045254,0.058765,0.785424,,,,,,,,0.001909,,,,,,,,,,,,,,,,,,,,,,,,,,,,,,,,
188606,5.25,0.2300,0.3000,,,,,,,,,0.002636,0.043810,0.045817,0.057143,0.766667,,,,,,,,0.001283,,,,,,,,,,,,,,,,,,,,,,,,,,,,,,,,
188607,5.33,0.2283,0.3050,,,,,,,,,0.002481,0.042833,0.043486,0.057223,0.748525,,,,,,,,0.001035,,,,,,,,,,,,,,,,,,,,,,,,,,,,,,,,
188608,5.37,0.2267,0.3100,,,,,,,,,0.002547,0.042216,0.042533,0.057728,0.731290,,,,,,,,0.000950,,,,,,,,,,,,,,,,,,,,,,,,,,,,,,,,
188609,5.51,0.2250,0.3150,,,,,,,,,0.003469,0.040835,0.041899,0.057169,0.714286,,,,,,,,0.000852,,,,,,,,,,,,,,,,,,,,,,,,,,,,,,,,
188610,5.65,0.2233,0.3200,,,,,,,,,0.003927,0.039522,0.040526,0.056637,0.697813,,,,,,,,0.000890,,,,,,,,,,,,,,,,,,,,,,,,,,,,,,,,
188611,5.79,0.2217,0.3250,,,,,,,,,0.004111,0.038290,0.039239,0.056131,0.682154,,,,,,,,0.000393,,,,,,,,,,,,,,,,,,,,,,,,,,,,,,,,
188612,5.64,0.2200,0.3300,,,,,,,,,0.004008,0.039007,0.037997,0.058511,0.666667,,,,,,,,0.002815,,,,,,,,,,,,,,,,,,,,,,,,,,,,,,,,
188701,5.58,0.2225,0.3325,,,,,,,,,0.004045,0.039875,0.039450,0.059588,0.669173,,,,,,,,0.001826,,,,,,,,,,,,,,,,,,,,,,,,,,,,,,,,
188702,5.54,0.2250,0.3350,,,,,,,,,0.003698,0.040614,0.040323,0.060469,0.671642,,,,,,,,0.002042,,,,,,,,,,,,,,,,,,,,,,,,,,,,,,,,
188703,5.67,0.2275,0.3375,,,,,,,,,0.003189,0.040123,0.041065,0.059524,0.674074,,,,,,,,0.000622,,,,,,,,,,,,,,,,,,,,,,,,,,,,,,,,
188704,5.80,0.2300,0.3400,,,,,,,,,0.003587,0.039655,0.040564,0.058621,0.676471,,,,,,,,0.000353,,,,,,,,,,,,,,,,,,,,,,,,,,,,,,,,
188705,5.90,0.2325,0.3425,,,,,,,,,0.003610,0.039407,0.040086,0.058051,0.678832,,,,,,,,0.000386,,,,,,,,,,,,,,,,,,,,,,,,,,,,,,,,
188706,5.73,0.2350,0.3450,,,,,,,,,0.003484,0.041012,0.039831,0.060209,0.681159,,,,,,,,0.001458,,,,,,,,,,,,,,,,,,,,,,,,,,,,,,,,
188707,5.59,0.2375,0.3475,,,,,,,,,0.003425,0.042487,0.041449,0.062165,0.683453,,,,,,,,0.001705,,,,,,,,,,,,,,,,,,,,,,,,,,,,,,,,
188708,5.45,0.2400,0.3500,,,,,,,,,0.004207,0.044037,0.042934,0.064220,0.685714,,,,,,,,0.002336,,,,,,,,,,,,,,,,,,,,,,,,,,,,,,,,
188709,5.38,0.2425,0.3525,,,,,,,,,0.004325,0.045074,0.044495,0.065520,0.687943,,,,,,,,0.001995,,,,,,,,,,,,,,,,,,,,,,,,,,,,,,,,
188710,5.20,0.2450,0.3550,,,,,,,,,0.004761,0.047115,0.045539,0.068269,0.690141,,,,,,,,0.002955,,,,,,,,,,,,,,,,,,,,,,,,,,,,,,,,
188711,5.30,0.2475,0.3575,,,,,,,,,0.004348,0.046698,0.047596,0.067453,0.692308,,,,,,,,0.001608,,,,,,,,,,,,,,,,,,,,,,,,,,,,,,,,
188712,5.27,0.2500,0.3600,,,,,,,,,0.003883,0.047438,0.047170,0.068311,0.694444,,,,,,,,0.001013,,,,,,,,,,,,,,,,,,,,,,,,,,,,,,,,
188801,5.31,0.2483,0.3517,,,,,,,,,0.004067,0.046761,0.047116,0.066234,0.705999,,,,,,,,0.000582,,,,,,,,,,,,,,,,,,,,,,,,,,,,,,,,
188802,5.28,0.2467,0.3433,,,,,,,,,0.003772,0.046723,0.046460,0.065019,0.718613,,,,,,,,0.000444,,,,,,,,,,,,,,,,,,,,,,,,,,,,,,,,
188803,5.08,0.2450,0.3350,,,,,,,,,0.003219,0.048228,0.046402,0.065945,0.731343,,,,,,,,0.001329,,,,,,,,,,,,,,,,,,,,,,,,,,,,,,,,
188804,5.10,0.2433,0.3267,,,,,,,,,0.003492,0.047706,0.047894,0.064059,0.744720,,,,,,,,0.001459,,,,,,,,,,,,,,,,,,,,,,,,,,,,,,,,
188805,5.17,0.2417,0.3183,,,,,,,,,0.003624,0.046750,0.047392,0.061567,0.759347,,,,,,,,0.001082,,,,,,,,,,,,,,,,,,,,,,,,,,,,,,,,
188806,5.01,0.2400,0.3100,,,,,,,,,0.003196,0.047904,0.046422,0.061876,0.774194,,,,,,,,0.000770,,,,,,,,,,,,,,,,,,,,,,,,,,,,,,,,
188807,5.14,0.2383,0.3017,,,,,,,,,0.002776,0.046362,0.047565,0.058696,0.789857,,,,,,,,0.001925,,,,,,,,,,,,,,,,,,,,,,,,,,,,,,,,
188808,5.25,0.2367,0.2933,,,,,,,,,0.002650,0.045086,0.046051,0.055867,0.807024,,,,,,,,0.000898,,,,,,,,,,,,,,,,,,,,,,,,,,,,,,,,
188809,5.38,0.2350,0.2850,,,,,,,,,0.002857,0.043680,0.044762,0.052974,0.824561,,,,,,,,0.001264,,,,,,,,,,,,,,,,,,,,,,,,,,,,,,,,
188810,5.35,0.2333,0.2767,,,,,,,,,0.003536,0.043607,0.043364,0.051720,0.843151,,,,,,,,0.000708,,,,,,,,,,,,,,,,,,,,,,,,,,,,,,,,
188811,5.24,0.2317,0.2683,,,,,,,,,0.003381,0.044218,0.043308,0.051202,0.863586,,,,,,,,0.000936,,,,,,,,,,,,,,,,,,,,,,,,,,,,,,,,
188812,5.14,0.2300,0.2600,,,,,,,,,0.003145,0.044747,0.043893,0.050584,0.884615,,,,,,,,0.001453,,,,,,,,,,,,,,,,,,,,,,,,,,,,,,,,
188901,5.24,0.2292,0.2633,,,,,,,,,0.003307,0.043740,0.044591,0.050248,0.870490,,,,,,,,0.000468,,,,,,,,,,,,,,,,,,,,,,,,,,,,,,,,
188902,5.30,0.2283,0.2667,,,,,,,,,0.003071,0.043075,0.043569,0.050321,0.856018,,,,,,,,0.000398,,,,,,,,,,,,,,,,,,,,,,,,,,,,,,,,
188903,5.19,0.2275,0.2700,,,,,,,,,0.002776,0.043834,0.042925,0.052023,0.842593,,,,,,,,0.000833,,,,,,,,,,,,,,,,,,,,,,,,,,,,,,,,
188904,5.18,0.2267,0.2733,,,,,,,,,0.002960,0.043764,0.043680,0.052761,0.829491,,,,,,,,0.000427,,,,,,,,,,,,,,,,,,,,,,,,,,,,,,,,
188905,5.32,0.2258,0.2767,,,,,,,,,0.002805,0.042444,0.043591,0.052011,0.816046,,,,,,,,0.000356,,,,,,,,,,,,,,,,,,,,,,,,,,,,,,,,
188906,5.41,0.2250,0.2800,,,,,,,,,0.002481,0.041590,0.042293,0.051756,0.803571,,,,,,,,0.000247,,,,,,,,,,,,,,,,,,,,,,,,,,,,,,,,
188907,5.30,0.2242,0.2833,,,,,,,,,0.002503,0.042302,0.041442,0.053453,0.791387,,,,,,,,0.000796,,,,,,,,,,,,,,,,,,,,,,,,,,,,,,,,
188908,5.37,0.2233,0.2867,,,,,,,,,0.002886,0.041583,0.042132,0.053389,0.778863,,,,,,,,0.000536,,,,,,,,,,,,,,,,,,,,,,,,,,,,,,,,
188909,5.50,0.2225,0.2900,,,,,,,,,0.003447,0.040455,0.041434,0.052727,0.767241,,,,,,,,0.000437,,,,,,,,,,,,,,,,,,,,,,,,,,,,,,,,
188910,5.40,0.2217,0.2933,,,,,,,,,0.003536,0.041056,0.040309,0.054315,0.755881,,,,,,,,0.000822,,,,,,,,,,,,,,,,,,,,,,,,,,,,,,,,
188911,5.35,0.2208,0.2967,,,,,,,,,0.004067,0.041271,0.040889,0.055458,0.744186,,,,,,,,0.000828,,,,,,,,,,,,,,,,,,,,,,,,,,,,,,,,
188912,5.32,0.2200,0.3000,,,,,,,,,0.004067,0.041353,0.041121,0.056391,0.733333,,,,,,,,0.000726,,,,,,,,,,,,,,,,,,,,,,,,,,,,,,,,
189001,5.38,0.2200,0.2992,,,,,,,,,0.004134,0.040892,0.041353,0.055613,0.735294,,,,,,,,0.000313,,,,,,,,,,,,,,,,,,,,,,,,,,,,,,,,
189002,5.32,0.2200,0.2983,,,,,,,,,0.003587,0.041353,0.040892,0.056071,0.737513,,,,,,,,0.000237,,,,,,,,,,,,,,,,,,,,,,,,,,,,,,,,
189003,5.28,0.2200,0.2975,,,,,,,,,0.003351,0.041667,0.041353,0.056345,0.739496,,,,,,,,0.000273,,,,,,,,,,,,,,,,,,,,,,,,,,,,,,,,
189004,5.39,0.2200,0.2967,,,,,,,,,0.003698,0.040816,0.041667,0.055046,0.741490,,,,,,,,0.000413,,,,,,,,,,,,,,,,,,,,,,,,,,,,,,,,
189005,5.62,0.2200,0.2958,,,,,,,,,0.003410,0.039146,0.040816,0.052633,0.743746,,,,,,,,0.000748,,,,,,,,,,,,,,,,,,,,,,,,,,,,,,,,
189006,5.58,0.2200,0.2950,,,,,,,,,0.003373,0.039427,0.039146,0.052867,0.745763,,,,,,,,0.000875,,,,,,,,,,,,,,,,,,,,,,,,,,,,,,,,
189007,5.54,0.2200,0.2942,,,,,,,,,0.003329,0.039711,0.039427,0.053105,0.747791,,,,,,,,0.000436,,,,,,,,,,,,,,,,,,,,,,,,,,,,,,,,
189008,5.41,0.2200,0.2933,,,,,,,,,0.003366,0.040665,0.039711,0.054214,0.750085,,,,,,,,0.001959,,,,,,,,,,,,,,,,,,,,,,,,,,,,,,,,
189009,5.32,0.2200,0.2925,,,,,,,,,0.003765,0.041353,0.040665,0.054981,0.752137,,,,,,,,0.001022,,,,,,,,,,,,,,,,,,,,,,,,,,,,,,,,
189010,5.08,0.2200,0.2917,,,,,,,,,0.003883,0.043307,0.041353,0.057421,0.754200,,,,,,,,0.001899,,,,,,,,,,,,,,,,,,,,,,,,,,,,,,,,
189011,4.71,0.2200,0.2908,,,,,,,,,0.003993,0.046709,0.043307,0.061741,0.756534,,,,,,,,0.008502,,,,,,,,,,,,,,,,,,,,,,,,,,,,,,,,
189012,4.60,0.2200,0.2900,,,,,,,,,0.004621,0.047826,0.046709,0.063043,0.758621,,,,,,,,0.005945,,,,,,,,,,,,,,,,,,,,,,,,,,,,,,,,
189101,4.84,0.2200,0.2942,,,,,,,,,0.005049,0.045455,0.047826,0.060785,0.747791,,,,,,,,0.001696,,,,,,,,,,,,,,,,,,,,,,,,,,,,,,,,
189102,4.90,0.2200,0.2983,,,,,,,,,0.003942,0.044898,0.045455,0.060878,0.737513,,,,,,,,0.000805,,,,,,,,,,,,,,,,,,,,,,,,,,,,,,,,
189103,4.81,0.2200,0.3025,,,,,,,,,0.003329,0.045738,0.044898,0.062890,0.727273,,,,,,,,0.001007,,,,,,,,,,,,,,,,,,,,,,,,,,,,,,,,
189104,4.97,0.2200,0.3067,,,,,,,,,0.003514,0.044266,0.045738,0.061710,0.717313,,,,,,,,0.001357,,,,,,,,,,,,,,,,,,,,,,,,,,,,,,,,
189105,4.95,0.2200,0.3108,,,,,,,,,0.003388,0.044444,0.044266,0.062788,0.707851,,,,,,,,0.001975,,,,,,,,,,,,,,,,,,,,,,,,,,,,,,,,
189106,4.85,0.2200,0.3150,,,,,,,,,0.003610,0.045361,0.044444,0.064948,0.698413,,,,,,,,0.000992,,,,,,,,,,,,,,,,,,,,,,,,,,,,,,,,
189107,4.77,0.2200,0.3192,,,,,,,,,0.003698,0.046122,0.045361,0.066918,0.689223,,,,,,,,0.000785,,,,,,,,,,,,,,,,,,,,,,,,,,,,,,,,
189108,4.93,0.2200,0.3233,,,,,,,,,0.003772,0.044625,0.046122,0.065578,0.680483,,,,,,,,0.001771,,,,,,,,,,,,,,,,,,,,,,,,,,,,,,,,
189109,5.33,0.2200,0.3275,,,,,,,,,0.003883,0.041276,0.044625,0.061445,0.671756,,,,,,,,0.002110,,,,,,,,,,,,,,,,,,,,,,,,,,,,,,,,
189110,5.33,0.2200,0.3317,,,,,,,,,0.003905,0.041276,0.041276,0.062233,0.663250,,,,,,,,0.001662,,,,,,,,,,,,,,,,,,,,,,,,,,,,,,,,
189111,5.25,0.2200,0.3358,,,,,,,,,0.003757,0.041905,0.041276,0.063962,0.655152,,,,,,,,0.001409,,,,,,,,,,,,,,,,,,,,,,,,,,,,,,,,
189112,5.41,0.2200,0.3400,,,,,,,,,0.003373,0.040665,0.041905,0.062847,0.647059,,,,,,,,0.000555,,,,,,,,,,,,,,,,,,,,,,,,,,,,,,,,
189201,5.51,0.2217,0.3425,,,,,,,,,0.003204,0.040236,0.040980,0.062160,0.647299,,,,,,,,0.001511,,,,,,,,,,,,,,,,,,,,,,,,,,,,,,,,
189202,5.52,0.2233,0.3450,,,,,,,,,0.002709,0.040453,0.040526,0.062500,0.647246,,,,,,,,0.001350,,,,,,,,,,,,,,,,,,,,,,,,,,,,,,,,
189203,5.58,0.2250,0.3475,,,,,,,,,0.002363,0.040323,0.040761,0.062276,0.647482,,,,,,,,0.001030,,,,,,,,,,,,,,,,,,,,,,,,,,,,,,,,
189204,5.57,0.2267,0.3500,,,,,,,,,0.002577,0.040700,0.040627,0.062837,0.647714,,,,,,,,0.000706,,,,,,,,,,,,,,,,,,,,,,,,,,,,,,,,
189205,5.57,0.2283,0.3525,,,,,,,,,0.002200,0.040987,0.040987,0.063285,0.647660,,,,,,,,0.000710,,,,,,,,,,,,,,,,,,,,,,,,,,,,,,,,
189206,5.54,0.2300,0.3550,,,,,,,,,0.001971,0.041516,0.041293,0.064079,0.647887,,,,,,,,0.000701,,,,,,,,,,,,,,,,,,,,,,,,,,,,,,,,
189207,5.54,0.2317,0.3575,,,,,,,,,0.001816,0.041823,0.041823,0.064531,0.648112,,,,,,,,0.000828,,,,,,,,,,,,,,,,,,,,,,,,,,,,,,,,
189208,5.62,0.2333,0.3600,,,,,,,,,0.002200,0.041512,0.042112,0.064057,0.648056,,,,,,,,0.000932,,,,,,,,,,,,,,,,,,,,,,,,,,,,,,,,
189209,5.48,0.2350,0.3625,,,,,,,,,0.002562,0.042883,0.041815,0.066150,0.648276,,,,,,,,0.001024,,,,,,,,,,,,,,,,,,,,,,,,,,,,,,,,
189210,5.59,0.2367,0.3650,,,,,,,,,0.003115,0.042343,0.043193,0.065295,0.648493,,,,,,,,0.000360,,,,,,,,,,,,,,,,,,,,,,,,,,,,,,,,
189211,5.57,0.2383,0.3675,,,,,,,,,0.003447,0.042783,0.042630,0.065978,0.648435,,,,,,,,0.000778,,,,,,,,,,,,,,,,,,,,,,,,,,,,,,,,
189212,5.51,0.2400,0.3700,,,,,,,,,0.003433,0.043557,0.043088,0.067151,0.648649,,,,,,,,0.000957,,,,,,,,,,,,,,,,,,,,,,,,,,,,,,,,
189301,5.61,0.2408,0.3608,,,,,,,,,0.003698,0.042923,0.043702,0.064314,0.667406,,,,,,,,0.000902,,,,,,,,,,,,,,,,,,,,,,,,,,,,,,,,
189302,5.51,0.2417,0.3517,,,,,,,,,0.003403,0.043866,0.043084,0.063829,0.687233,,,,,,,,0.001716,,,,,,,,,,,,,,,,,,,,,,,,,,,,,,,,
189303,5.31,0.2425,0.3425,,,,,,,,,0.003307,0.045669,0.044011,0.064501,0.708029,,,,,,,,0.001241,,,,,,,,,,,,,,,,,,,,,,,,,,,,,,,,
189304,5.31,0.2433,0.3333,,,,,,,,,0.004657,0.045819,0.045819,0.062768,0.729973,,,,,,,,0.001631,,,,,,,,,,,,,,,,,,,,,,,,,,,,,,,,
189305,4.84,0.2442,0.3242,,,,,,,,,0.003883,0.050455,0.045989,0.066983,0.753239,,,,,,,,0.006066,,,,,,,,,,,,,,,,,,,,,,,,,,,,,,,,
189306,4.61,0.2450,0.3150,,,,,,,,,0.004576,0.053145,0.050620,0.068330,0.777778,,,,,,,,0.002971,,,,,,,,,,,,,,,,,,,,,,,,,,,,,,,,
189307,4.18,0.2458,0.3058,,,,,,,,,0.005890,0.058804,0.053319,0.073158,0.803793,,,,,,,,0.017439,,,,,,,,,,,,,,,,,,,,,,,,,,,,,,,,
189308,4.08,0.2467,0.2967,,,,,,,,,0.007668,0.060466,0.059019,0.072721,0.831480,,,,,,,,0.009678,,,,,,,,,,,,,,,,,,,,,,,,,,,,,,,,
189309,4.37,0.2475,0.2875,,,,,,,,,0.007462,0.056636,0.060662,0.065789,0.860870,,,,,,,,0.004453,,,,,,,,,,,,,,,,,,,,,,,,,,,,,,,,
189310,4.50,0.2483,0.2783,,,,,,,,,0.005750,0.055178,0.056819,0.061844,0.892203,,,,,,,,0.004594,,,,,,,,,,,,,,,,,,,,,,,,,,,,,,,,
189311,4.57,0.2492,0.2692,,,,,,,,,0.004001,0.054530,0.055378,0.058906,0.925706,,,,,,,,0.002224,,,,,,,,,,,,,,,,,,,,,,,,,,,,,,,,
189312,4.41,0.2500,0.2600,,,,,,,,,0.002872,0.056689,0.054705,0.058957,0.961538,,,,,,,,0.001670,,,,,,,,,,,,,,,,,,,,,,,,,,,,,,,,
189401,4.32,0.2467,0.2517,,,,,,,,,0.002340,0.057106,0.055941,0.058264,0.980135,,,,,,,,0.003061,,,,,,,,,,,,,,,,,,,,,,,,,,,,,,,,
189402,4.38,0.2433,0.2433,,,,,,,,,0.002208,0.055548,0.056319,0.055548,1.000000,,,,,,,,0.000469,,,,,,,,,,,,,,,,,,,,,,,,,,,,,,,,
189403,4.51,0.2400,0.2350,,,,,,,,,0.002075,0.053215,0.054795,0.052106,1.021277,,,,,,,,0.001185,,,,,,,,,,,,,,,,,,,,,,,,,,,,,,,,
189404,4.57,0.2367,0.2267,,,,,,,,,0.001875,0.051794,0.052483,0.049606,1.044111,,,,,,,,0.000707,,,,,,,,,,,,,,,,,,,,,,,,,,,,,,,,
189405,4.40,0.2333,0.2183,,,,,,,,,0.001927,0.053023,0.051050,0.049614,1.068713,,,,,,,,0.001614,,,,,,,,,,,,,,,,,,,,,,,,,,,,,,,,
189406,4.34,0.2300,0.2100,,,,,,,,,0.001802,0.052995,0.052273,0.048387,1.095238,,,,,,,,0.001068,,,,,,,,,,,,,,,,,,,,,,,,,,,,,,,,
189407,4.25,0.2267,0.2017,,,,,,,,,0.001787,0.053341,0.052235,0.047459,1.123946,,,,,,,,0.000602,,,,,,,,,,,,,,,,,,,,,,,,,,,,,,,,
189408,4.41,0.2233,0.1933,,,,,,,,,0.001853,0.050635,0.052541,0.043832,1.155199,,,,,,,,0.002454,,,,,,,,,,,,,,,,,,,,,,,,,,,,,,,,
189409,4.48,0.2200,0.1850,,,,,,,,,0.001905,0.049107,0.049887,0.041295,1.189189,,,,,,,,0.001113,,,,,,,,,,,,,,,,,,,,,,,,,,,,,,,,
189410,4.34,0.2167,0.1767,,,,,,,,,0.002060,0.049931,0.048371,0.040714,1.226372,,,,,,,,0.001201,,,,,,,,,,,,,,,,,,,,,,,,,,,,,,,,
189411,4.34,0.2133,0.1683,,,,,,,,,0.001676,0.049147,0.049147,0.038779,1.267380,,,,,,,,0.001903,,,,,,,,,,,,,,,,,,,,,,,,,,,,,,,,
189412,4.30,0.2100,0.1600,,,,,,,,,0.001698,0.048837,0.048387,0.037209,1.312500,,,,,,,,0.001360,,,,,,,,,,,,,,,,,,,,,,,,,,,,,,,,
189501,4.25,0.2083,0.1675,,,,,,,,,0.001765,0.049012,0.048442,0.039412,1.243582,,,,,,,,0.000926,,,,,,,,,,,,,,,,,,,,,,,,,,,,,,,,
189502,4.19,0.2067,0.1750,,,,,,,,,0.001927,0.049332,0.048635,0.041766,1.181143,,,,,,,,0.000900,,,,,,,,,,,,,,,,,,,,,,,,,,,,,,,,
189503,4.19,0.2050,0.1825,,,,,,,,,0.002311,0.048926,0.048926,0.043556,1.123288,,,,,,,,0.001671,,,,,,,,,,,,,,,,,,,,,,,,,,,,,,,,
189504,4.37,0.2033,0.1900,,,,,,,,,0.002525,0.046522,0.048520,0.043478,1.070000,,,,,,,,0.000885,,,,,,,,,,,,,,,,,,,,,,,,,,,,,,,,
189505,4.61,0.2017,0.1975,,,,,,,,,0.002569,0.043753,0.046156,0.042842,1.021266,,,,,,,,0.003011,,,,,,,,,,,,,,,,,,,,,,,,,,,,,,,,
189506,4.70,0.2000,0.2050,,,,,,,,,0.001684,0.042553,0.043384,0.043617,0.975610,,,,,,,,0.000914,,,,,,,,,,,,,,,,,,,,,,,,,,,,,,,,
189507,4.72,0.1983,0.2125,,,,,,,,,0.001573,0.042013,0.042191,0.045021,0.933176,,,,,,,,0.000838,,,,,,,,,,,,,,,,,,,,,,,,,,,,,,,,
189508,4.79,0.1967,0.2200,,,,,,,,,0.001809,0.041065,0.041674,0.045929,0.894091,,,,,,,,0.000581,,,,,,,,,,,,,,,,,,,,,,,,,,,,,,,,
189509,4.82,0.1950,0.2275,,,,,,,,,0.002200,0.040456,0.040710,0.047199,0.857143,,,,,,,,0.002019,,,,,,,,,,,,,,,,,,,,,,,,,,,,,,,,
189510,4.75,0.1933,0.2350,,,,,,,,,0.002613,0.040695,0.040104,0.049474,0.822553,,,,,,,,0.000900,,,,,,,,,,,,,,,,,,,,,,,,,,,,,,,,
189511,4.59,0.1917,0.2425,,,,,,,,,0.003167,0.041765,0.040358,0.052832,0.790515,,,,,,,,0.001539,,,,,,,,,,,,,,,,,,,,,,,,,,,,,,,,
189512,4.32,0.1900,0.2500,,,,,,,,,0.002687,0.043981,0.041394,0.057870,0.760000,,,,,,,,0.014505,,,,,,,,,,,,,,,,,,,,,,,,,,,,,,,,
189601,4.27,0.1892,0.2467,,,,,,,,,0.003145,0.044309,0.043796,0.057775,0.766923,,,,,,,,0.003485,,,,,,,,,,,,,,,,,,,,,,,,,,,,,,,,
189602,4.45,0.1883,0.2433,,,,,,,,,0.004067,0.042315,0.044098,0.054674,0.773942,,,,,,,,0.001789,,,,,,,,,,,,,,,,,,,,,,,,,,,,,,,,
189603,4.38,0.1875,0.2400,,,,,,,,,0.003927,0.042808,0.042135,0.054795,0.781250,,,,,,,,0.001457,,,,,,,,,,,,,,,,,,,,,,,,,,,,,,,,
189604,4.42,0.1867,0.2367,,,,,,,,,0.003492,0.042240,0.042626,0.053552,0.788762,,,,,,,,0.000653,,,,,,,,,,,,,,,,,,,,,,,,,,,,,,,,
189605,4.40,0.1858,0.2333,,,,,,,,,0.003528,0.042227,0.042036,0.053023,0.796399,,,,,,,,0.001040,,,,,,,,,,,,,,,,,,,,,,,,,,,,,,,,
189606,4.32,0.1850,0.2300,,,,,,,,,0.002982,0.042824,0.042045,0.053241,0.804348,,,,,,,,0.004359,,,,,,,,,,,,,,,,,,,,,,,,,,,,,,,,
189607,4.04,0.1842,0.2267,,,,,,,,,0.002776,0.045594,0.042639,0.056114,0.812528,,,,,,,,0.007686,,,,,,,,,,,,,,,,,,,,,,,,,,,,,,,,
189608,3.81,0.1833,0.2233,,,,,,,,,0.003366,0.048110,0.045371,0.058609,0.820869,,,,,,,,0.007966,,,,,,,,,,,,,,,,,,,,,,,,,,,,,,,,
189609,4.01,0.1825,0.2200,,,,,,,,,0.005403,0.045511,0.047900,0.054863,0.829545,,,,,,,,0.004309,,,,,,,,,,,,,,,,,,,,,,,,,,,,,,,,
189610,4.10,0.1817,0.2167,,,,,,,,,0.005764,0.044317,0.045312,0.052854,0.838486,,,,,,,,0.004515,,,,,,,,,,,,,,,,,,,,,,,,,,,,,,,,
189611,4.38,0.1808,0.2133,,,,,,,,,0.005809,0.041279,0.044098,0.048699,0.847632,,,,,,,,0.004214,,,,,,,,,,,,,,,,,,,,,,,,,,,,,,,,
189612,4.22,0.1800,0.2100,,,,,,,,,0.003580,0.042654,0.041096,0.049763,0.857143,,,,,,,,0.004962,,,,,,,,,,,,,,,,,,,,,,,,,,,,,,,,
189701,4.22,0.1800,0.2183,,,,,,,,,0.002392,0.042654,0.042654,0.051730,0.824553,,,,,,,,0.001419,,,,,,,,,,,,,,,,,,,,,,,,,,,,,,,,
189702,4.18,0.1800,0.2267,,,,,,,,,0.002082,0.043062,0.042654,0.054234,0.794001,,,,,,,,0.001035,,,,,,,,,,,,,,,,,,,,,,,,,,,,,,,,
189703,4.19,0.1800,0.2350,,,,,,,,,0.001853,0.042959,0.043062,0.056086,0.765957,,,,,,,,0.001919,,,,,,,,,,,,,,,,,,,,,,,,,,,,,,,,
189704,4.06,0.1800,0.2433,,,,,,,,,0.002097,0.044335,0.042959,0.059926,0.739827,,,,,,,,0.002092,,,,,,,,,,,,,,,,,,,,,,,,,,,,,,,,
189705,4.08,0.1800,0.2517,,,,,,,,,0.002244,0.044118,0.044335,0.061691,0.715137,,,,,,,,0.001086,,,,,,,,,,,,,,,,,,,,,,,,,,,,,,,,
189706,4.27,0.1800,0.2600,,,,,,,,,0.002244,0.042155,0.044118,0.060890,0.692308,,,,,,,,0.001165,,,,,,,,,,,,,,,,,,,,,,,,,,,,,,,,
189707,4.46,0.1800,0.2683,,,,,,,,,0.001942,0.040359,0.042155,0.060157,0.670891,,,,,,,,0.000998,,,,,,,,,,,,,,,,,,,,,,,,,,,,,,,,
189708,4.75,0.1800,0.2767,,,,,,,,,0.002149,0.037895,0.040359,0.058253,0.650524,,,,,,,,0.002024,,,,,,,,,,,,,,,,,,,,,,,,,,,,,,,,
189709,4.98,0.1800,0.2850,,,,,,,,,0.002385,0.036145,0.037895,0.057229,0.631579,,,,,,,,0.003174,,,,,,,,,,,,,,,,,,,,,,,,,,,,,,,,
189710,4.82,0.1800,0.2933,,,,,,,,,0.002665,0.037344,0.036145,0.060851,0.613706,,,,,,,,0.003458,,,,,,,,,,,,,,,,,,,,,,,,,,,,,,,,
189711,4.65,0.1800,0.3017,,,,,,,,,0.002731,0.038710,0.037344,0.064882,0.596619,,,,,,,,0.003186,,,,,,,,,,,,,,,,,,,,,,,,,,,,,,,,
189712,4.75,0.1800,0.3100,,,,,,,,,0.002134,0.037895,0.038710,0.065263,0.580645,,,,,,,,0.001197,,,,,,,,,,,,,,,,,,,,,,,,,,,,,,,,
189801,4.88,0.1817,0.3133,,,,,,,,,0.002163,0.037234,0.038253,0.064201,0.579955,,,,,,,,0.002007,,,,,,,,,,,,,,,,,,,,,,,,,,,,,,,,
189802,4.87,0.1833,0.3167,,,,,,,,,0.002038,0.037639,0.037561,0.065031,0.578781,,,,,,,,0.002863,,,,,,,,,,,,,,,,,,,,,,,,,,,,,,,,
189803,4.65,0.1850,0.3200,,,,,,,,,0.001942,0.039785,0.037988,0.068817,0.578125,,,,,,,,0.010977,,,,,,,,,,,,,,,,,,,,,,,,,,,,,,,,
189804,4.57,0.1867,0.3233,,,,,,,,,0.003071,0.040853,0.040151,0.070744,0.577482,,,,,,,,0.004349,,,,,,,,,,,,,,,,,,,,,,,,,,,,,,,,
189805,4.87,0.1883,0.3267,,,,,,,,,0.003883,0.038665,0.041204,0.067084,0.576370,,,,,,,,0.004697,,,,,,,,,,,,,,,,,,,,,,,,,,,,,,,,
189806,5.06,0.1900,0.3300,,,,,,,,,0.003071,0.037549,0.039014,0.065217,0.575758,,,,,,,,0.001224,,,,,,,,,,,,,,,,,,,,,,,,,,,,,,,,
189807,5.08,0.1917,0.3333,,,,,,,,,0.002030,0.037736,0.037885,0.065610,0.575158,,,,,,,,0.000852,,,,,,,,,,,,,,,,,,,,,,,,,,,,,,,,
189808,5.27,0.1933,0.3367,,,,,,,,,0.002340,0.036679,0.038051,0.063890,0.574102,,,,,,,,0.001301,,,,,,,,,,,,,,,,,,,,,,,,,,,,,,,,
189809,5.26,0.1950,0.3400,,,,,,,,,0.002326,0.037072,0.037002,0.064639,0.573529,,,,,,,,0.001493,,,,,,,,,,,,,,,,,,,,,,,,,,,,,,,,
189810,5.15,0.1967,0.3433,,,,,,,,,0.002672,0.038194,0.037395,0.066660,0.572968,,,,,,,,0.001086,,,,,,,,,,,,,,,,,,,,,,,,,,,,,,,,
189811,5.32,0.1983,0.3467,,,,,,,,,0.002156,0.037274,0.038505,0.065169,0.571964,,,,,,,,0.000746,,,,,,,,,,,,,,,,,,,,,,,,,,,,,,,,
189812,5.65,0.2000,0.3500,,,,,,,,,0.002075,0.035398,0.037594,0.061947,0.571429,,,,,,,,0.000830,,,,,,,,,,,,,,,,,,,,,,,,,,,,,,,,
189901,6.08,0.2008,0.3608,,,,,,,,,0.001875,0.033026,0.035540,0.059342,0.556541,,,,,,,,0.001711,,,,,,,,,,,,,,,,,,,,,,,,,,,,,,,,
189902,6.31,0.2017,0.3717,,,,,,,,,0.001780,0.031965,0.033174,0.058906,0.542642,,,,,,,,0.000895,,,,,,,,,,,,,,,,,,,,,,,,,,,,,,,,
189903,6.40,0.2025,0.3825,,,,,,,,,0.001890,0.031641,0.032092,0.059766,0.529412,,,,,,,,0.001291,,,,,,,,,,,,,,,,,,,,,,,,,,,,,,,,
189904,6.48,0.2033,0.3933,,,,,,,,,0.002488,0.031373,0.031766,0.060694,0.516908,,,,,,,,0.001256,,,,,,,,,,,,,,,,,,,,,,,,,,,,,,,,
189905,6.21,0.2042,0.4042,,,,,,,,,0.002363,0.032882,0.031512,0.065089,0.505195,,,,,,,,0.005032,,,,,,,,,,,,,,,,,,,,,,,,,,,,,,,,
189906,6.07,0.2050,0.4150,,,,,,,,,0.002296,0.033773,0.033011,0.068369,0.493976,,,,,,,,0.001547,,,,,,,,,,,,,,,,,,,,,,,,,,,,,,,,
189907,6.28,0.2058,0.4258,,,,,,,,,0.002082,0.032771,0.033904,0.067803,0.483326,,,,,,,,0.000867,,,,,,,,,,,,,,,,,,,,,,,,,,,,,,,,
189908,6.44,0.2067,0.4367,,,,,,,,,0.002340,0.032096,0.032914,0.067811,0.473323,,,,,,,,0.000507,,,,,,,,,,,,,,,,,,,,,,,,,,,,,,,,
189909,6.37,0.2075,0.4475,,,,,,,,,0.002850,0.032575,0.032220,0.070251,0.463687,,,,,,,,0.001900,,,,,,,,,,,,,,,,,,,,,,,,,,,,,,,,
189910,6.34,0.2083,0.4583,,,,,,,,,0.003285,0.032855,0.032700,0.072287,0.454506,,,,,,,,0.001287,,,,,,,,,,,,,,,,,,,,,,,,,,,,,,,,
189911,6.46,0.2092,0.4692,,,,,,,,,0.003469,0.032384,0.032997,0.072632,0.445865,,,,,,,,0.000919,,,,,,,,,,,,,,,,,,,,,,,,,,,,,,,,
189912,6.02,0.2100,0.4800,,,,,,,,,0.003639,0.034884,0.032508,0.079734,0.437500,,,,,,,,0.009885,,,,,,,,,,,,,,,,,,,,,,,,,,,,,,,,
190001,6.10,0.2175,0.4800,,,,,,,,,0.003979,0.035656,0.036130,0.078689,0.453125,,,,,,,,0.002432,,,,,,,,,,,,,,,,,,,,,,,,,,,,,,,,
190002,6.21,0.2250,0.4800,,,,,,,,,0.003278,0.036232,0.036885,0.077295,0.468750,,,,,,,,0.000838,,,,,,,,,,,,,,,,,,,,,,,,,,,,,,,,
190003,6.26,0.2325,0.4800,,,,,,,,,0.002886,0.037141,0.037440,0.076677,0.484375,,,,,,,,0.001222,,,,,,,,,,,,,,,,,,,,,,,,,,,,,,,,
190004,6.34,0.2400,0.4800,,,,,,,,,0.003241,0.037855,0.038339,0.075710,0.500000,,,,,,,,0.001425,,,,,,,,,,,,,,,,,,,,,,,,,,,,,,,,
190005,6.04,0.2475,0.4800,,,,,,,,,0.002776,0.040977,0.039038,0.079470,0.515625,,,,,,,,0.001691,,,,,,,,,,,,,,,,,,,,,,,,,,,,,,,,
190006,5.86,0.2550,0.4800,,,,,,,,,0.002370,0.043515,0.042219,0.081911,0.531250,,,,,,,,0.001571,,,,,,,,,,,,,,,,,,,,,,,,,,,,,,,,
190007,5.86,0.2625,0.4800,,,,,,,,,0.002355,0.044795,0.044795,0.081911,0.546875,,,,,,,,0.001287,,,,,,,,,,,,,,,,,,,,,,,,,,,,,,,,
190008,5.94,0.2700,0.4800,,,,,,,,,0.002613,0.045455,0.046075,0.080808,0.562500,,,,,,,,0.000305,,,,,,,,,,,,,,,,,,,,,,,,,,,,,,,,
190009,5.80,0.2775,0.4800,,,,,,,,,0.002731,0.047845,0.046717,0.082759,0.578125,,,,,,,,0.001446,,,,,,,,,,,,,,,,,,,,,,,,,,,,,,,,
190010,6.01,0.2850,0.4800,,,,,,,,,0.002842,0.047421,0.049138,0.079867,0.593750,,,,,,,,0.001255,,,,,,,,,,,,,,,,,,,,,,,,,,,,,,,,
190011,6.48,0.2925,0.4800,,,,,,,,,0.003366,0.045139,0.048669,0.074074,0.609375,,,,,,,,0.002458,,,,,,,,,,,,,,,,,,,,,,,,,,,,,,,,
190012,6.87,0.3000,0.4800,,,,,,,,,0.002886,0.043668,0.046296,0.069869,0.625000,,,,,,,,0.001228,,,,,,,,,,,,,,,,,,,,,,,,,,,,,,,,
190101,7.07,0.3017,0.4817,,,,,,,,,0.003145,0.042673,0.043916,0.068133,0.626323,,,,,,,,0.002529,,,,,,,,,,,,,,,,,,,,,,,,,,,,,,,,
190102,7.25,0.3033,0.4833,,,,,,,,,0.002613,0.041834,0.042900,0.066662,0.627561,,,,,,,,0.000944,,,,,,,,,,,,,,,,,,,,,,,,,,,,,,,,
190103,7.51,0.3050,0.4850,,,,,,,,,0.002363,0.040613,0.042069,0.064581,0.628866,,,,,,,,0.000448,,,,,,,,,,,,,,,,,,,,,,,,,,,,,,,,
190104,8.14,0.3067,0.4867,,,,,,,,,0.002407,0.037678,0.040839,0.059791,0.630162,,,,,,,,0.001804,,,,,,,,,,,,,,,,,,,,,,,,,,,,,,,,
190105,7.73,0.3083,0.4883,,,,,,,,,0.002569,0.039884,0.037875,0.063169,0.631374,,,,,,,,0.015129,,,,,,,,,,,,,,,,,,,,,,,,,,,,,,,,
190106,8.50,0.3100,0.4900,,,,,,,,,0.002569,0.036471,0.040103,0.057647,0.632653,,,,,,,,0.001117,,,,,,,,,,,,,,,,,,,,,,,,,,,,,,,,
190107,7.93,0.3117,0.4917,,,,,,,,,0.002547,0.039306,0.036671,0.062005,0.633923,,,,,,,,0.004989,,,,,,,,,,,,,,,,,,,,,,,,,,,,,,,,
190108,8.04,0.3133,0.4933,,,,,,,,,0.002813,0.038968,0.039508,0.061356,0.635110,,,,,,,,0.001368,,,,,,,,,,,,,,,,,,,,,,,,,,,,,,,,
190109,8.00,0.3150,0.4950,,,,,,,,,0.002960,0.039375,0.039179,0.061875,0.636364,,,,,,,,0.005913,,,,,,,,,,,,,,,,,,,,,,,,,,,,,,,,
190110,7.91,0.3167,0.4967,,,,,,,,,0.003285,0.040038,0.039588,0.062794,0.637608,,,,,,,,0.001000,,,,,,,,,,,,,,,,,,,,,,,,,,,,,,,,
190111,8.08,0.3183,0.4983,,,,,,,,,0.003071,0.039394,0.040240,0.061671,0.638772,,,,,,,,0.000822,,,,,,,,,,,,,,,,,,,,,,,,,,,,,,,,
190112,7.95,0.3200,0.5000,,,,,,,,,0.003123,0.040252,0.039604,0.062893,0.640000,,,,,,,,0.001230,,,,,,,,,,,,,,,,,,,,,,,,,,,,,,,,
190201,8.12,0.3208,0.5108,,,,,,,,,0.003285,0.039507,0.040352,0.062906,0.628034,,,,,,,,0.000842,,,,,,,,,,,,,,,,,,,,,,,,,,,,,,,,
190202,8.19,0.3217,0.5217,,,,,,,,,0.002960,0.039280,0.039618,0.063700,0.616638,,,,,,,,0.000507,,,,,,,,,,,,,,,,,,,,,,,,,,,,,,,,
190203,8.20,0.3225,0.5325,,,,,,,,,0.002591,0.039329,0.039377,0.064939,0.605634,,,,,,,,0.000354,,,,,,,,,,,,,,,,,,,,,,,,,,,,,,,,
190204,8.48,0.3233,0.5433,,,,,,,,,0.002842,0.038125,0.039427,0.064068,0.595067,,,,,,,,0.000621,,,,,,,,,,,,,,,,,,,,,,,,,,,,,,,,
190205,8.46,0.3242,0.5542,,,,,,,,,0.002945,0.038322,0.038231,0.065508,0.584987,,,,,,,,0.001237,,,,,,,,,,,,,,,,,,,,,,,,,,,,,,,,
190206,8.41,0.3250,0.5650,,,,,,,,,0.002982,0.038644,0.038416,0.067182,0.575221,,,,,,,,0.000261,,,,,,,,,,,,,,,,,,,,,,,,,,,,,,,,
190207,8.60,0.3258,0.5758,,,,,,,,,0.002916,0.037884,0.038740,0.066953,0.565821,,,,,,,,0.000369,,,,,,,,,,,,,,,,,,,,,,,,,,,,,,,,
190208,8.83,0.3267,0.5867,,,,,,,,,0.003049,0.036999,0.037988,0.066444,0.556843,,,,,,,,0.000336,,,,,,,,,,,,,,,,,,,,,,,,,,,,,,,,
190209,8.85,0.3275,0.5975,,,,,,,,,0.003211,0.037006,0.037089,0.067514,0.548117,,,,,,,,0.003379,,,,,,,,,,,,,,,,,,,,,,,,,,,,,,,,
190210,8.57,0.3283,0.6083,,,,,,,,,0.003779,0.038308,0.037096,0.070980,0.539701,,,,,,,,0.001680,,,,,,,,,,,,,,,,,,,,,,,,,,,,,,,,
190211,8.24,0.3292,0.6192,,,,,,,,,0.004023,0.039951,0.038413,0.075146,0.531654,,,,,,,,0.002120,,,,,,,,,,,,,,,,,,,,,,,,,,,,,,,,
190212,8.05,0.3300,0.6300,,,,,,,,,0.003883,0.040994,0.040049,0.078261,0.523810,,,,,,,,0.001687,,,,,,,,,,,,,,,,,,,,,,,,,,,,,,,,
190301,8.46,0.3317,0.6217,,,,,,,,,0.004067,0.039208,0.041205,0.073487,0.533537,,,,,,,,0.000676,,,,,,,,,,,,,,,,,,,,,,,,,,,,,,,,
190302,8.41,0.3333,0.6133,,,,,,,,,0.003418,0.039631,0.039397,0.072925,0.543453,,,,,,,,0.000472,,,,,,,,,,,,,,,,,,,,,,,,,,,,,,,,
190303,8.08,0.3350,0.6050,,,,,,,,,0.003211,0.041460,0.039834,0.074876,0.553719,,,,,,,,0.001708,,,,,,,,,,,,,,,,,,,,,,,,,,,,,,,,
190304,7.75,0.3367,0.5967,,,,,,,,,0.003779,0.043445,0.041671,0.076994,0.564270,,,,,,,,0.001619,,,,,,,,,,,,,,,,,,,,,,,,,,,,,,,,
190305,7.60,0.3383,0.5883,,,,,,,,,0.003492,0.044513,0.043652,0.077408,0.575047,,,,,,,,0.001395,,,,,,,,,,,,,,,,,,,,,,,,,,,,,,,,
190306,7.18,0.3400,0.5800,,,,,,,,,0.003145,0.047354,0.044737,0.080780,0.586207,,,,,,,,0.002561,,,,,,,,,,,,,,,,,,,,,,,,,,,,,,,,
190307,6.85,0.3417,0.5717,,,,,,,,,0.003388,0.049883,0.047591,0.083460,0.597691,,,,,,,,0.002597,,,,,,,,,,,,,,,,,,,,,,,,,,,,,,,,
190308,6.63,0.3433,0.5633,,,,,,,,,0.003654,0.051780,0.050117,0.084962,0.609444,,,,,,,,0.004612,,,,,,,,,,,,,,,,,,,,,,,,,,,,,,,,
190309,6.47,0.3450,0.5550,,,,,,,,,0.004023,0.053323,0.052036,0.085781,0.621622,,,,,,,,0.002943,,,,,,,,,,,,,,,,,,,,,,,,,,,,,,,,
190310,6.26,0.3467,0.5467,,,,,,,,,0.004067,0.055383,0.053586,0.087332,0.634169,,,,,,,,0.003640,,,,,,,,,,,,,,,,,,,,,,,,,,,,,,,,
190311,6.28,0.3483,0.5383,,,,,,,,,0.003949,0.055462,0.055639,0.085717,0.647037,,,,,,,,0.001278,,,,,,,,,,,,,,,,,,,,,,,,,,,,,,,,
190312,6.57,0.3500,0.5300,,,,,,,,,0.004045,0.053272,0.055732,0.080670,0.660377,,,,,,,,0.001244,,,,,,,,,,,,,,,,,,,,,,,,,,,,,,,,
190401,6.68,0.3467,0.5267,,,,,,,,,0.003956,0.051901,0.052770,0.078847,0.658249,,,,,,,,0.001778,,,,,,,,,,,,,,,,,,,,,,,,,,,,,,,,
190402,6.50,0.3433,0.5233,,,,,,,,,0.003241,0.052815,0.051392,0.080508,0.656029,,,,,,,,0.000711,,,,,,,,,,,,,,,,,,,,,,,,,,,,,,,,
190403,6.48,0.3400,0.5200,,,,,,,,,0.003167,0.052469,0.052308,0.080247,0.653846,,,,,,,,0.001463,,,,,,,,,,,,,,,,,,,,,,,,,,,,,,,,
190404,6.64,0.3367,0.5167,,,,,,,,,0.003093,0.050708,0.051960,0.077816,0.651635,,,,,,,,0.000437,,,,,,,,,,,,,,,,,,,,,,,,,,,,,,,,
190405,6.50,0.3333,0.5133,,,,,,,,,0.002636,0.051277,0.050196,0.078969,0.649328,,,,,,,,0.000343,,,,,,,,,,,,,,,,,,,,,,,,,,,,,,,,
190406,6.51,0.3300,0.5100,,,,,,,,,0.002532,0.050691,0.050769,0.078341,0.647059,,,,,,,,0.000238,,,,,,,,,,,,,,,,,,,,,,,,,,,,,,,,
190407,6.78,0.3267,0.5067,,,,,,,,,0.002303,0.048186,0.050184,0.074735,0.644760,,,,,,,,0.000906,,,,,,,,,,,,,,,,,,,,,,,,,,,,,,,,
190408,7.01,0.3233,0.5033,,,,,,,,,0.002244,0.046120,0.047684,0.071797,0.642360,,,,,,,,0.000488,,,,,,,,,,,,,,,,,,,,,,,,,,,,,,,,
190409,7.32,0.3200,0.5000,,,,,,,,,0.002503,0.043716,0.045649,0.068306,0.640000,,,,,,,,0.000881,,,,,,,,,,,,,,,,,,,,,,,,,,,,,,,,
190410,7.75,0.3167,0.4967,,,,,,,,,0.002820,0.040865,0.043265,0.064090,0.637608,,,,,,,,0.001298,,,,,,,,,,,,,,,,,,,,,,,,,,,,,,,,
190411,8.17,0.3133,0.4933,,,,,,,,,0.002886,0.038348,0.040426,0.060379,0.635110,,,,,,,,0.000778,,,,,,,,,,,,,,,,,,,,,,,,,,,,,,,,
190412,8.25,0.3100,0.4900,,,,,,,,,0.002687,0.037576,0.037944,0.059394,0.632653,,,,,,,,0.003348,,,,,,,,,,,,,,,,,,,,,,,,,,,,,,,,
190501,8.43,0.3117,0.5050,,,,,,,,,0.002798,0.036975,0.037782,0.059905,0.617228,,,,,,,,0.000817,,,,,,,,,,,,,,,,,,,,,,,,,,,,,,,,
190502,8.80,0.3133,0.5200,,,,,,,,,0.002569,0.035602,0.037165,0.059091,0.602500,,,,,,,,0.000548,,,,,,,,,,,,,,,,,,,,,,,,,,,,,,,,
190503,9.05,0.3150,0.5350,,,,,,,,,0.002466,0.034807,0.035795,0.059116,0.588785,,,,,,,,0.001070,,,,,,,,,,,,,,,,,,,,,,,,,,,,,,,,
190504,8.94,0.3167,0.5500,,,,,,,,,0.002540,0.035425,0.034994,0.061521,0.575818,,,,,,,,0.002407,,,,,,,,,,,,,,,,,,,,,,,,,,,,,,,,
190505,8.50,0.3183,0.5650,,,,,,,,,0.002569,0.037447,0.035604,0.066471,0.563363,,,,,,,,0.003226,,,,,,,,,,,,,,,,,,,,,,,,,,,,,,,,
190506,8.60,0.3200,0.5800,,,,,,,,,0.002577,0.037209,0.037647,0.067442,0.551724,,,,,,,,0.001395,,,,,,,,,,,,,,,,,,,,,,,,,,,,,,,,
190507,8.87,0.3217,0.5950,,,,,,,,,0.002407,0.036268,0.037407,0.067080,0.540672,,,,,,,,0.001099,,,,,,,,,,,,,,,,,,,,,,,,,,,,,,,,
190508,9.20,0.3233,0.6100,,,,,,,,,0.002680,0.035141,0.036449,0.066304,0.530000,,,,,,,,0.000876,,,,,,,,,,,,,,,,,,,,,,,,,,,,,,,,
190509,9.23,0.3250,0.6250,,,,,,,,,0.002739,0.035211,0.035326,0.067714,0.520000,,,,,,,,0.001395,,,,,,,,,,,,,,,,,,,,,,,,,,,,,,,,
190510,9.36,0.3267,0.6400,,,,,,,,,0.003123,0.034904,0.035395,0.068376,0.510469,,,,,,,,0.000693,,,,,,,,,,,,,,,,,,,,,,,,,,,,,,,,
190511,9.31,0.3283,0.6550,,,,,,,,,0.003292,0.035263,0.035075,0.070354,0.501221,,,,,,,,0.001202,,,,,,,,,,,,,,,,,,,,,,,,,,,,,,,,
190512,9.54,0.3300,0.6700,,,,,,,,,0.003757,0.034591,0.035446,0.070231,0.492537,,,,,,,,0.000910,,,,,,,,,,,,,,,,,,,,,,,,,,,,,,,,
190601,9.87,0.3358,0.6775,,,,,,,,,0.003927,0.034022,0.035199,0.068642,0.495646,,,,,,,,0.001395,,,,,,,,,,,,,,,,,,,,,,,,,,,,,,,,
190602,9.80,0.3417,0.6850,,,,,,,,,0.003366,0.034867,0.034620,0.069898,0.498832,,,,,,,,0.001312,,,,,,,,,,,,,,,,,,,,,,,,,,,,,,,,
190603,9.56,0.3475,0.6925,,,,,,,,,0.003351,0.036349,0.035459,0.072437,0.501805,,,,,,,,0.001125,,,,,,,,,,,,,,,,,,,,,,,,,,,,,,,,
190604,9.43,0.3533,0.7000,,,,,,,,,0.003536,0.037466,0.036956,0.074231,0.504714,,,,,,,,0.002402,,,,,,,,,,,,,,,,,,,,,,,,,,,,,,,,
190605,9.18,0.3592,0.7075,,,,,,,,,0.003654,0.039129,0.038091,0.077070,0.507703,,,,,,,,0.002118,,,,,,,,,,,,,,,,,,,,,,,,,,,,,,,,
190606,9.30,0.3650,0.7150,,,,,,,,,0.003565,0.039247,0.039760,0.076882,0.510490,,,,,,,,0.001646,,,,,,,,,,,,,,,,,,,,,,,,,,,,,,,,
190607,9.06,0.3708,0.7225,,,,,,,,,0.003514,0.040927,0.039871,0.079746,0.513218,,,,,,,,0.001279,,,,,,,,,,,,,,,,,,,,,,,,,,,,,,,,
190608,9.73,0.3767,0.7300,,,,,,,,,0.003669,0.038715,0.041578,0.075026,0.516027,,,,,,,,0.001487,,,,,,,,,,,,,,,,,,,,,,,,,,,,,,,,
190609,10.03,0.3825,0.7375,,,,,,,,,0.004038,0.038136,0.039311,0.073529,0.518644,,,,,,,,0.000831,,,,,,,,,,,,,,,,,,,,,,,,,,,,,,,,
190610,9.73,0.3883,0.7450,,,,,,,,,0.004480,0.039908,0.038714,0.076567,0.521208,,,,,,,,0.001237,,,,,,,,,,,,,,,,,,,,,,,,,,,,,,,,
190611,9.93,0.3942,0.7525,,,,,,,,,0.004289,0.039698,0.040514,0.075780,0.523854,,,,,,,,0.000688,,,,,,,,,,,,,,,,,,,,,,,,,,,,,,,,
190612,9.84,0.4000,0.7600,,,,,,,,,0.004252,0.040650,0.040282,0.077236,0.526316,,,,,,,,0.001571,,,,,,,,,,,,,,,,,,,,,,,,,,,,,,,,
190701,9.56,0.4033,0.7517,,,,,,,,,0.004252,0.042186,0.040986,0.078630,0.536517,,,,,,,,0.001305,,,,,,,,,,,,,,,,,,,,,,,,,,,,,,,,
190702,9.26,0.4067,0.7433,,,,,,,,,0.004178,0.043920,0.042542,0.080270,0.547155,,,,,,,,0.001446,,,,,,,,,,,,,,,,,,,,,,,,,,,,,,,,
190703,8.35,0.4100,0.7350,,,,,,,,,0.004023,0.049102,0.044276,0.088024,0.557823,,,,,,,,0.018452,,,,,,,,,,,,,,,,,,,,,,,,,,,,,,,,
190704,8.39,0.4133,0.7267,,,,,,,,,0.004200,0.049261,0.049497,0.086615,0.568735,,,,,,,,0.002273,,,,,,,,,,,,,,,,,,,,,,,,,,,,,,,,
190705,8.10,0.4167,0.7183,,,,,,,,,0.004023,0.051444,0.049666,0.088679,0.580120,,,,,,,,0.001996,,,,,,,,,,,,,,,,,,,,,,,,,,,,,,,,
190706,7.84,0.4200,0.7100,,,,,,,,,0.003676,0.053571,0.051852,0.090561,0.591549,,,,,,,,0.001401,,,,,,,,,,,,,,,,,,,,,,,,,,,,,,,,
190707,8.14,0.4233,0.7017,,,,,,,,,0.003654,0.052002,0.053992,0.086204,0.603249,,,,,,,,0.001325,,,,,,,,,,,,,,,,,,,,,,,,,,,,,,,,
190708,7.53,0.4267,0.6933,,,,,,,,,0.003883,0.056667,0.052420,0.092072,0.615462,,,,,,,,0.004200,,,,,,,,,,,,,,,,,,,,,,,,,,,,,,,,
190709,7.45,0.4300,0.6850,,,,,,,,,0.004252,0.057718,0.057105,0.091946,0.627737,,,,,,,,0.001882,,,,,,,,,,,,,,,,,,,,,,,,,,,,,,,,
190710,6.64,0.4333,0.6767,,,,,,,,,0.004665,0.065256,0.058161,0.101913,0.640313,,,,,,,,0.005553,,,,,,,,,,,,,,,,,,,,,,,,,,,,,,,,
190711,6.25,0.4367,0.6683,,,,,,,,,0.004879,0.069872,0.065768,0.106928,0.653449,,,,,,,,0.005131,,,,,,,,,,,,,,,,,,,,,,,,,,,,,,,,
190712,6.57,0.4400,0.6600,,,,,,,,,0.004990,0.066971,0.070400,0.100457,0.666667,,,,,,,,0.003015,,,,,,,,,,,,,,,,,,,,,,,,,,,,,,,,
190801,6.85,0.4367,0.6533,,,,,,,,,0.005418,0.063752,0.066469,0.095372,0.668452,,,,,,,,0.002322,,,,,,,,,,,,,,,,,,,,,,,,,,,,,,,,
190802,6.60,0.4333,0.6467,,,,,,,,,0.004414,0.065652,0.063255,0.097985,0.670017,,,,,,,,0.001873,,,,,,,,,,,,,,,,,,,,,,,,,,,,,,,,
190803,6.87,0.4300,0.6400,,,,,,,,,0.003373,0.062591,0.065152,0.093159,0.671875,,,,,,,,0.002309,,,,,,,,,,,,,,,,,,,,,,,,,,,,,,,,
190804,7.24,0.4267,0.6333,,,,,,,,,0.003831,0.058936,0.062111,0.087472,0.673772,,,,,,,,0.000991,,,,,,,,,,,,,,,,,,,,,,,,,,,,,,,,
190805,7.63,0.4233,0.6267,,,,,,,,,0.002931,0.055478,0.058467,0.082136,0.675443,,,,,,,,0.001986,,,,,,,,,,,,,,,,,,,,,,,,,,,,,,,,
190806,7.64,0.4200,0.6200,,,,,,,,,0.002547,0.054974,0.055046,0.081152,0.677419,,,,,,,,0.001913,,,,,,,,,,,,,,,,,,,,,,,,,,,,,,,,
190807,7.92,0.4167,0.6133,,,,,,,,,0.002326,0.052614,0.054542,0.077437,0.679439,,,,,,,,0.001631,,,,,,,,,,,,,,,,,,,,,,,,,,,,,,,,
190808,8.26,0.4133,0.6067,,,,,,,,,0.002407,0.050036,0.052184,0.073450,0.681226,,,,,,,,0.001274,,,,,,,,,,,,,,,,,,,,,,,,,,,,,,,,
190809,8.17,0.4100,0.6000,,,,,,,,,0.002296,0.050184,0.049637,0.073439,0.683333,,,,,,,,0.002149,,,,,,,,,,,,,,,,,,,,,,,,,,,,,,,,
190810,8.27,0.4067,0.5933,,,,,,,,,0.002540,0.049178,0.049780,0.071741,0.685488,,,,,,,,0.000955,,,,,,,,,,,,,,,,,,,,,,,,,,,,,,,,
190811,8.83,0.4033,0.5867,,,,,,,,,0.002636,0.045674,0.048767,0.066444,0.687404,,,,,,,,0.001454,,,,,,,,,,,,,,,,,,,,,,,,,,,,,,,,
190812,9.03,0.4000,0.5800,,,,,,,,,0.002613,0.044297,0.045300,0.064230,0.689655,,,,,,,,0.001194,,,,,,,,,,,,,,,,,,,,,,,,,,,,,,,,
190901,9.06,0.4033,0.5950,,,,,,,,,0.002481,0.044514,0.044662,0.065673,0.677815,,,,,,,,0.000879,,,,,,,,,,,,,,,,,,,,,,,,,,,,,,,,
190902,8.80,0.4067,0.6100,,,,,,,,,0.002385,0.046216,0.044890,0.069318,0.666721,,,,,,,,0.001795,,,,,,,,,,,,,,,,,,,,,,,,,,,,,,,,
190903,8.92,0.4100,0.6250,,,,,,,,,0.002244,0.045964,0.046591,0.070067,0.656000,,,,,,,,0.000727,,,,,,,,,,,,,,,,,,,,,,,,,,,,,,,,
190904,9.32,0.4133,0.6400,,,,,,,,,0.002222,0.044345,0.046334,0.068670,0.645781,,,,,,,,0.000656,,,,,,,,,,,,,,,,,,,,,,,,,,,,,,,,
190905,9.63,0.4167,0.6550,,,,,,,,,0.002222,0.043271,0.044710,0.068017,0.636183,,,,,,,,0.000321,,,,,,,,,,,,,,,,,,,,,,,,,,,,,,,,
190906,9.80,0.4200,0.6700,,,,,,,,,0.002178,0.042857,0.043614,0.068367,0.626866,,,,,,,,0.000870,,,,,,,,,,,,,,,,,,,,,,,,,,,,,,,,
190907,9.94,0.4233,0.6850,,,,,,,,,0.002038,0.042586,0.043194,0.068913,0.617956,,,,,,,,0.000279,,,,,,,,,,,,,,,,,,,,,,,,,,,,,,,,
190908,10.18,0.4267,0.7000,,,,,,,,,0.002134,0.041916,0.042928,0.068762,0.609571,,,,,,,,0.001399,,,,,,,,,,,,,,,,,,,,,,,,,,,,,,,,
190909,10.19,0.4300,0.7150,,,,,,,,,0.002621,0.042198,0.042240,0.070167,0.601399,,,,,,,,0.001250,,,,,,,,,,,,,,,,,,,,,,,,,,,,,,,,
190910,10.23,0.4333,0.7300,,,,,,,,,0.002724,0.042356,0.042522,0.071359,0.593562,,,,,,,,0.000955,,,,,,,,,,,,,,,,,,,,,,,,,,,,,,,,
190911,10.18,0.4367,0.7450,,,,,,,,,0.003351,0.042898,0.042688,0.073183,0.586174,,,,,,,,0.000526,,,,,,,,,,,,,,,,,,,,,,,,,,,,,,,,
190912,10.30,0.4400,0.7600,,,,,,,,,0.003366,0.042718,0.043222,0.073786,0.578947,,,,,,,,0.000377,,,,,,,,,,,,,,,,,,,,,,,,,,,,,,,,
191001,10.08,0.4425,0.7575,,,,,,,,,0.003410,0.043899,0.042961,0.075149,0.584158,,,,,,,,0.002257,,,,,,,,,,,,,,,,,,,,,,,,,,,,,,,,
191002,9.72,0.4450,0.7550,,,,,,,,,0.003145,0.045782,0.044147,0.077675,0.589404,,,,,,,,0.001819,,,,,,,,,,,,,,,,,,,,,,,,,,,,,,,,
191003,9.96,0.4475,0.7525,,,,,,,,,0.002916,0.044930,0.046039,0.075552,0.594684,,,,,,,,0.000833,,,,,,,,,,,,,,,,,,,,,,,,,,,,,,,,
191004,9.72,0.4500,0.7500,,,,,,,,,0.002960,0.046296,0.045181,0.077160,0.600000,,,,,,,,0.001694,,,,,,,,,,,,,,,,,,,,,,,,,,,,,,,,
191005,9.56,0.4525,0.7475,,,,,,,,,0.003145,0.047333,0.046553,0.078190,0.605351,,,,,,,,0.001365,,,,,,,,,,,,,,,,,,,,,,,,,,,,,,,,
191006,9.10,0.4550,0.7450,,,,,,,,,0.003145,0.050000,0.047594,0.081868,0.610738,,,,,,,,0.002795,,,,,,,,,,,,,,,,,,,,,,,,,,,,,,,,
191007,8.64,0.4575,0.7425,,,,,,,,,0.003270,0.052951,0.050275,0.085938,0.616162,,,,,,,,0.003287,,,,,,,,,,,,,,,,,,,,,,,,,,,,,,,,
191008,8.85,0.4600,0.7400,,,,,,,,,0.003610,0.051977,0.053241,0.083616,0.621622,,,,,,,,0.001587,,,,,,,,,,,,,,,,,,,,,,,,,,,,,,,,
191009,8.91,0.4625,0.7375,,,,,,,,,0.003647,0.051908,0.052260,0.082772,0.627119,,,,,,,,0.000687,,,,,,,,,,,,,,,,,,,,,,,,,,,,,,,,
191010,9.32,0.4650,0.7350,,,,,,,,,0.003720,0.049893,0.052189,0.078863,0.632653,,,,,,,,0.000741,,,,,,,,,,,,,,,,,,,,,,,,,,,,,,,,
191011,9.31,0.4675,0.7325,,,,,,,,,0.003742,0.050215,0.050161,0.078679,0.638225,,,,,,,,0.001161,,,,,,,,,,,,,,,,,,,,,,,,,,,,,,,,
191012,9.05,0.4700,0.7300,,,,,,,,,0.003698,0.051934,0.050483,0.080663,0.643836,,,,,,,,0.000683,,,,,,,,,,,,,,,,,,,,,,,,,,,,,,,,
191101,9.27,0.4700,0.7183,,,,,,,,,0.003078,0.050701,0.051934,0.077487,0.654323,,,,,,,,0.000567,,,,,,,,,,,,,,,,,,,,,,,,,,,,,,,,
191102,9.43,0.4700,0.7067,,,,,,,,,0.002584,0.049841,0.050701,0.074942,0.665063,,,,,,,,0.000623,,,,,,,,,,,,,,,,,,,,,,,,,,,,,,,,
191103,9.32,0.4700,0.6950,,,,,,,,,0.002636,0.050429,0.049841,0.074571,0.676259,,,,,,,,0.000639,,,,,,,,,,,,,,,,,,,,,,,,,,,,,,,,
191104,9.28,0.4700,0.6833,,,,,,,,,0.002517,0.050647,0.050429,0.073631,0.687838,,,,,,,,0.000282,,,,,,,,,,,,,,,,,,,,,,,,,,,,,,,,
191105,9.48,0.4700,0.6717,,,,,,,,,0.002333,0.049578,0.050647,0.070854,0.699717,,,,,,,,0.000632,,,,,,,,,,,,,,,,,,,,,,,,,,,,,,,,
191106,9.67,0.4700,0.6600,,,,,,,,,0.002311,0.048604,0.049578,0.068252,0.712121,,,,,,,,0.000292,,,,,,,,,,,,,,,,,,,,,,,,,,,,,,,,
191107,9.63,0.4700,0.6483,,,,,,,,,0.002355,0.048806,0.048604,0.067321,0.724973,,,,,,,,0.000319,,,,,,,,,,,,,,,,,,,,,,,,,,,,,,,,
191108,9.17,0.4700,0.6367,,,,,,,,,0.002429,0.051254,0.048806,0.069433,0.738181,,,,,,,,0.001378,,,,,,,,,,,,,,,,,,,,,,,,,,,,,,,,
191109,8.67,0.4700,0.6250,,,,,,,,,0.002731,0.054210,0.051254,0.072088,0.752000,,,,,,,,0.001047,,,,,,,,,,,,,,,,,,,,,,,,,,,,,,,,
191110,8.72,0.4700,0.6133,,,,,,,,,0.002982,0.053899,0.054210,0.070333,0.766346,,,,,,,,0.000526,,,,,,,,,,,,,,,,,,,,,,,,,,,,,,,,
191111,9.07,0.4700,0.6017,,,,,,,,,0.002857,0.051819,0.053899,0.066340,0.781120,,,,,,,,0.001058,,,,,,,,,,,,,,,,,,,,,,,,,,,,,,,,
191112,9.11,0.4700,0.5900,,,,,,,,,0.002547,0.051592,0.051819,0.064764,0.796610,,,,,,,,0.000420,,,,,,,,,,,,,,,,,,,,,,,,,,,,,,,,
191201,9.12,0.4708,0.5992,,,,,,,,,0.003049,0.051623,0.051679,0.065702,0.785714,,,,,,,,0.000482,,,,,,,,,,,,,,,,,,,,,,,,,,,,,,,,
191202,9.04,0.4717,0.6083,,,,,,,,,0.002517,0.052179,0.051721,0.067290,0.775440,,,,,,,,0.000161,,,,,,,,,,,,,,,,,,,,,,,,,,,,,,,,
191203,9.30,0.4725,0.6175,,,,,,,,,0.002407,0.050806,0.052268,0.066398,0.765182,,,,,,,,0.000414,,,,,,,,,,,,,,,,,,,,,,,,,,,,,,,,
191204,9.59,0.4733,0.6267,,,,,,,,,0.002731,0.049353,0.050892,0.065349,0.755226,,,,,,,,0.000527,,,,,,,,,,,,,,,,,,,,,,,,,,,,,,,,
191205,9.58,0.4742,0.6358,,,,,,,,,0.002695,0.049499,0.049447,0.066367,0.745832,,,,,,,,0.000754,,,,,,,,,,,,,,,,,,,,,,,,,,,,,,,,
191206,9.58,0.4750,0.6450,,,,,,,,,0.002731,0.049582,0.049582,0.067328,0.736434,,,,,,,,0.000442,,,,,,,,,,,,,,,,,,,,,,,,,,,,,,,,
191207,9.59,0.4758,0.6542,,,,,,,,,0.002591,0.049614,0.049666,0.068217,0.727301,,,,,,,,0.000550,,,,,,,,,,,,,,,,,,,,,,,,,,,,,,,,
191208,9.81,0.4767,0.6633,,,,,,,,,0.002975,0.048593,0.049708,0.067615,0.718679,,,,,,,,0.000332,,,,,,,,,,,,,,,,,,,,,,,,,,,,,,,,
191209,9.86,0.4775,0.6725,,,,,,,,,0.003329,0.048428,0.048675,0.068205,0.710037,,,,,,,,0.000430,,,,,,,,,,,,,,,,,,,,,,,,,,,,,,,,
191210,9.84,0.4783,0.6817,,,,,,,,,0.003742,0.048608,0.048509,0.069278,0.701628,,,,,,,,0.000714,,,,,,,,,,,,,,,,,,,,,,,,,,,,,,,,
191211,9.73,0.4792,0.6908,,,,,,,,,0.004015,0.049250,0.048699,0.070997,0.693688,,,,,,,,0.000746,,,,,,,,,,,,,,,,,,,,,,,,,,,,,,,,
191212,9.38,0.4800,0.7000,,,,,,,,,0.003861,0.051173,0.049332,0.074627,0.685714,,,,,,,,0.000902,,,,,,,,,,,,,,,,,,,,,,,,,,,,,,,,
191301,9.30,0.4800,0.6942,,,,,,,,,0.004067,0.051613,0.051173,0.074645,0.691443,,,,,,,,0.001201,,,,,,,,,,,,,,,,,,,,,,,,,,,,,,,,
191302,8.97,0.4800,0.6883,,,,,,,,,0.003189,0.053512,0.051613,0.076734,0.697370,,,,,0.000000,,,0.000753,,,,,,,,,,,,,,,,,,,,,,,,,,,,,,,,
191303,8.80,0.4800,0.6825,,,,,,,,,0.003255,0.054545,0.053512,0.077557,0.703297,,,,,0.000000,,,0.000757,,,,,,,,,,,,,,,,,,,,,,,,,,,,,,,,
191304,8.79,0.4800,0.6767,,,,,,,,,0.003890,0.054608,0.054545,0.076985,0.709325,,,,,0.000000,,,0.000724,,,,,,,,,,,,,,,,,,,,,,,,,,,,,,,,
191305,8.55,0.4800,0.6708,,,,,,,,,0.003713,0.056140,0.054608,0.078456,0.715564,,,,,-0.010204,,,0.000582,,,,,,,,,,,,,,,,,,,,,,,,,,,,,,,,
191306,8.12,0.4800,0.6650,,,,,,,,,0.003587,0.059113,0.056140,0.081897,0.721805,,,,,0.010309,,,0.002620,,,,,,,,,,,,,,,,,,,,,,,,,,,,,,,,
191307,8.23,0.4800,0.6592,,,,,,,,,0.003979,0.058323,0.059113,0.080097,0.728155,,,,,0.010204,,,0.000556,,,,,,,,,,,,,,,,,,,,,,,,,,,,,,,,
191308,8.45,0.4800,0.6533,,,,,,,,,0.004097,0.056805,0.058323,0.077314,0.734731,,,,,0.000000,,,0.000556,,,,,,,,,,,,,,,,,,,,,,,,,,,,,,,,
191309,8.53,0.4800,0.6475,,,,,,,,,0.004067,0.056272,0.056805,0.075909,0.741313,,,,,0.010101,,,0.000677,,,,,,,,,,,,,,,,,,,,,,,,,,,,,,,,
191310,8.26,0.4800,0.6417,,,,,,,,,0.003927,0.058111,0.056272,0.077688,0.748013,,,,,0.000000,,,0.001087,,,,,,,,,,,,,,,,,,,,,,,,,,,,,,,,
191311,8.05,0.4800,0.6358,,,,,,,,,0.003816,0.059627,0.058111,0.078981,0.754954,,,,,0.010000,,,0.000451,,,,,,,,,,,,,,,,,,,,,,,,,,,,,,,,
191312,8.04,0.4800,0.6300,,,,,,,,,0.003742,0.059701,0.059627,0.078358,0.761905,,,,,-0.009901,,,0.000712,,,,,,,,,,,,,,,,,,,,,,,,,,,,,,,,
191401,8.37,0.4750,0.6208,,,,,,,,,0.003838,0.056750,0.059080,0.074170,0.765142,,,,,0.000000,,,0.000731,,,,,,,,,,,,,,,,,,,,,,,,,,,,,,,,
191402,8.48,0.4700,0.6117,,,,,,,,,0.002982,0.055425,0.056153,0.072134,0.768350,,,,,-0.010000,,,0.000405,,,,,,,,,,,,,,,,,,,,,,,,,,,,,,,,
191403,8.32,0.4650,0.6025,,,,,,,,,0.002481,0.055889,0.054835,0.072416,0.771784,,,,,0.000000,,,0.000669,,,,,,,,,,,,,,,,,,,,,,,,,,,,,,,,
191404,8.12,0.4600,0.5933,,,,,,,,,0.002473,0.056650,0.055288,0.073067,0.775324,,,,,-0.010101,,,0.000848,,,,,,,,,,,,,,,,,,,,,,,,,,,,,,,,
191405,8.17,0.4550,0.5842,,,,,,,,,0.002399,0.055692,0.056034,0.071506,0.778843,,,,,0.010204,,,0.000543,,,,,,,,,,,,,,,,,,,,,,,,,,,,,,,,
191406,8.13,0.4500,0.5750,,,,,,,,,0.002503,0.055351,0.055080,0.070726,0.782609,,,,,0.000000,,,0.000642,,,,,,,,,,,,,,,,,,,,,,,,,,,,,,,,
191407,7.68,0.4450,0.5658,,,,,,,,,0.002488,0.057943,0.054736,0.073672,0.786497,,,,,0.010101,,,0.005177,,,,,,,,,,,,,,,,,,,,,,,,,,,,,,,,
191408,7.68,0.4400,0.5567,,,,,,,,,0.002916,0.057292,0.057292,0.072487,0.790372,,,,,0.020000,,,0.000000,,,,,,,,,,,,,,,,,,,,,,,,,,,,,,,,
191409,7.68,0.4350,0.5475,,,,,,,,,0.004318,0.056641,0.056641,0.071289,0.794521,,,,,0.000000,,,0.000000,,,,,,,,,,,,,,,,,,,,,,,,,,,,,,,,
191410,7.68,0.4300,0.5383,,,,,,,,,0.004584,0.055990,0.055990,0.070091,0.798811,,,,,-0.009804,,,0.000000,,,,,,,,,,,,,,,,,,,,,,,,,,,,,,,,
191411,7.68,0.4250,0.5292,,,,,,,,,0.004392,0.055339,0.055339,0.068906,0.803099,,,,,0.009901,,,0.000000,,,,,,,,,,,,,,,,,,,,,,,,,,,,,,,,
191412,7.35,0.4200,0.5200,,,,,,,,,0.003698,0.057143,0.054688,0.070748,0.807692,,,,,-0.009804,,,0.002586,,,,,,,,,,,,,,,,,,,,,,,,,,,,,,,,
191501,7.48,0.4208,0.5500,,,,,,,,,0.002850,0.056257,0.057252,0.073529,0.765091,,,,,0.000000,,,0.001444,,,,,,,,,,,,,,,,,,,,,,,,,,,,,,,,
191502,7.38,0.4217,0.5800,,,,,,,,,0.002481,0.057141,0.056377,0.078591,0.727069,,,,,-0.009901,,,0.000799,,,,,,,,,,,,,,,,,,,,,,,,,,,,,,,,
191503,7.57,0.4225,0.6100,,,,,,,,,0.002407,0.055812,0.057249,0.080581,0.692623,,,,,-0.010000,,,0.000821,,,,,,,,,,,,,,,,,,,,,,,,,,,,,,,,
191504,8.14,0.4233,0.6400,,,,,,,,,0.002134,0.052002,0.055918,0.078624,0.661406,,,,,0.010101,,,0.001695,,,,,,,,,,,,,,,,,,,,,,,,,,,,,,,,
191505,7.95,0.4242,0.6700,,,,,,,,,0.002340,0.053358,0.052113,0.084277,0.633134,,,,,0.010000,,,0.004929,,,,,,,,,,,,,,,,,,,,,,,,,,,,,,,,
191506,8.04,0.4250,0.7000,,,,,,,,,0.002385,0.052861,0.053459,0.087065,0.607143,,,,,0.000000,,,0.001680,,,,,,,,,,,,,,,,,,,,,,,,,,,,,,,,
191507,8.01,0.4258,0.7300,,,,,,,,,0.002333,0.053159,0.052960,0.091136,0.583288,,,,,0.000000,,,0.001254,,,,,,,,,,,,,,,,,,,,,,,,,,,,,,,,
191508,8.35,0.4267,0.7600,,,,,,,,,0.002038,0.051102,0.053271,0.091018,0.561447,,,,,0.000000,,,0.001812,,,,,,,,,,,,,,,,,,,,,,,,,,,,,,,,
191509,8.66,0.4275,0.7900,,,,,,,,,0.002244,0.049365,0.051198,0.091224,0.541139,,,,,0.000000,,,0.000938,,,,,,,,,,,,,,,,,,,,,,,,,,,,,,,,
191510,9.14,0.4283,0.8200,,,,,,,,,0.002060,0.046860,0.049457,0.089716,0.522317,,,,,0.009901,,,0.001553,,,,,,,,,,,,,,,,,,,,,,,,,,,,,,,,
191511,9.46,0.4292,0.8500,,,,,,,,,0.002016,0.045370,0.046958,0.089852,0.504941,,,,,0.009804,,,0.000991,,,,,,,,,,,,,,,,,,,,,,,,,,,,,,,,
191512,9.48,0.4300,0.8800,,,,,,,,,0.001846,0.045359,0.045455,0.092827,0.488636,,,,,0.000000,,,0.001191,,,,,,,,,,,,,,,,,,,,,,,,,,,,,,,,
191601,9.33,0.4408,0.9342,,,,,,,,,0.001920,0.047245,0.046498,0.100129,0.471848,,,,,0.009709,,,0.001388,,,,,,,,,,,,,,,,,,,,,,,,,,,,,,,,
191602,9.20,0.4517,0.9883,,,,,,,,,0.001942,0.049098,0.048414,0.107424,0.457047,,,,,0.000000,,,0.001124,,,,,,,,,,,,,,,,,,,,,,,,,,,,,,,,
191603,9.17,0.4625,1.0420,,,,,,,,,0.001942,0.050436,0.050272,0.113631,0.443858,,,,,0.009615,,,0.000794,,,,,,,,,,,,,,,,,,,,,,,,,,,,,,,,
191604,9.07,0.4733,1.0970,,,,,,,,,0.001942,0.052183,0.051614,0.120948,0.431449,,,,,0.009524,,,0.001868,,,,,,,,,,,,,,,,,,,,,,,,,,,,,,,,
191605,9.27,0.4842,1.1510,,,,,,,,,0.001942,0.052233,0.053385,0.124164,0.420678,,,,,0.009434,,,0.001019,,,,,,,,,,,,,,,,,,,,,,,,,,,,,,,,
191606,9.36,0.4950,1.2050,,,,,,,,,0.001942,0.052885,0.053398,0.128739,0.410788,,,,,0.009346,,,0.001111,,,,,,,,,,,,,,,,,,,,,,,,,,,,,,,,
191607,9.23,0.5058,1.2590,,,,,,,,,0.002311,0.054800,0.054038,0.136403,0.401747,,,,,0.000000,,,0.000533,,,,,,,,,,,,,,,,,,,,,,,,,,,,,,,,
191608,9.30,0.5167,1.3130,,,,,,,,,0.002569,0.055559,0.055980,0.141183,0.393526,,,,,0.009259,,,0.001006,,,,,,,,,,,,,,,,,,,,,,,,,,,,,,,,
191609,9.68,0.5275,1.3680,,,,,,,,,0.002385,0.054494,0.056720,0.141322,0.385599,,,,,0.018349,,,0.000763,,,,,,,,,,,,,,,,,,,,,,,,,,,,,,,,
191610,9.98,0.5383,1.4220,,,,,,,,,0.002134,0.053938,0.055610,0.142485,0.378551,,,,,0.018018,,,0.001631,,,,,,,,,,,,,,,,,,,,,,,,,,,,,,,,
191611,10.21,0.5492,1.4760,,,,,,,,,0.002134,0.053790,0.055030,0.144564,0.372087,,,,,0.017699,,,0.000813,,,,,,,,,,,,,,,,,,,,,,,,,,,,,,,,
191612,9.80,0.5600,1.5300,,,,,,,,,0.002215,0.057143,0.054848,0.156122,0.366013,,,,,0.008696,,,0.005782,,,,,,,,,,,,,,,,,,,,,,,,,,,,,,,,
191701,9.57,0.5708,1.5090,,,,,,,,,0.002525,0.059645,0.058245,0.157680,0.378264,,,,,0.008621,,,0.001501,,,,,,,,,,,,,,,,,,,,,,,,,,,,,,,,
191702,9.03,0.5817,1.4880,,,,,,,,,0.002259,0.064419,0.060784,0.164784,0.390927,,,,,0.025641,,,0.004516,,,,,,,,,,,,,,,,,,,,,,,,,,,,,,,,
191703,9.31,0.5925,1.4680,,,,,,,,,0.002658,0.063641,0.065615,0.157680,0.403610,,,,,0.000000,,,0.001459,,,,,,,,,,,,,,,,,,,,,,,,,,,,,,,,
191704,9.17,0.6033,1.4470,,,,,,,,,0.002680,0.065791,0.064801,0.157797,0.416932,,,,,0.050000,,,0.001521,,,,,,,,,,,,,,,,,,,,,,,,,,,,,,,,
191705,8.86,0.6142,1.4260,,,,,,,,,0.002798,0.069323,0.066979,0.160948,0.430715,,,,,0.015873,,,0.001923,,,,,,,,,,,,,,,,,,,,,,,,,,,,,,,,
191706,9.04,0.6250,1.4050,,,,,,,,,0.003204,0.069137,0.070542,0.155420,0.444840,,,,,0.015625,,,0.000843,,,,,,,,,,,,,,,,,,,,,,,,,,,,,,,,
191707,8.79,0.6358,1.3840,,,,,,,,,0.003329,0.072332,0.070332,0.157452,0.459393,,,,,-0.015385,,,0.000944,,,,,,,,,,,,,,,,,,,,,,,,,,,,,,,,
191708,8.53,0.6467,1.3630,,,,,,,,,0.003093,0.075815,0.073572,0.159789,0.474468,,,,,0.015625,,,0.001366,,,,,,,,,,,,,,,,,,,,,,,,,,,,,,,,
191709,8.12,0.6575,1.3430,,,,,,,,,0.003174,0.080973,0.077081,0.165394,0.489576,,,,,0.023077,,,0.002934,,,,,,,,,,,,,,,,,,,,,,,,,,,,,,,,
191710,7.68,0.6683,1.3220,,,,,,,,,0.003462,0.087018,0.082303,0.172135,0.505522,,,,,0.015038,,,0.004131,,,,,,,,,,,,,,,,,,,,,,,,,,,,,,,,
191711,7.04,0.6792,1.3010,,,,,,,,,0.003610,0.096477,0.088438,0.184801,0.522060,,,,,0.000000,,,0.005546,,,,,,,,,,,,,,,,,,,,,,,,,,,,,,,,
191712,6.80,0.6900,1.2800,,,,,,,,,0.003654,0.101471,0.098011,0.188235,0.539063,,,,,0.014815,,,0.008878,,,,,,,,,,,,,,,,,,,,,,,,,,,,,,,,
191801,7.21,0.6800,1.2560,,,,,,,,,0.003698,0.094313,0.100000,0.174202,0.541401,,,,,0.021898,,,0.002285,,,,,,,,,,,,,,,,,,,,,,,,,,,,,,,,
191802,7.43,0.6700,1.2320,,,,,,,,,0.003750,0.090175,0.092926,0.165814,0.543831,,,,,0.007143,,,0.001057,,,,,,,,,,,,,,,,,,,,,,,,,,,,,,,,
191803,7.28,0.6600,1.2080,,,,,,,,,0.003831,0.090659,0.088829,0.165934,0.546358,,,,,-0.007092,,,0.001354,,,,,,,,,,,,,,,,,,,,,,,,,,,,,,,,
191804,7.21,0.6500,1.1830,,,,,,,,,0.003979,0.090153,0.089286,0.164078,0.549451,,,,,0.014286,,,0.001131,,,,,,,,,,,,,,,,,,,,,,,,,,,,,,,,
191805,7.44,0.6400,1.1590,,,,,,,,,0.004001,0.086022,0.088766,0.155780,0.552200,,,,,0.021127,,,0.001464,,,,,,,,,,,,,,,,,,,,,,,,,,,,,,,,
191806,7.45,0.6300,1.1350,,,,,,,,,0.003979,0.084564,0.084677,0.152349,0.555066,,,,,0.013793,,,0.000552,,,,,,,,,,,,,,,,,,,,,,,,,,,,,,,,
191807,7.51,0.6200,1.1110,,,,,,,,,0.003979,0.082557,0.083221,0.147936,0.558056,,,,,0.027211,,,0.000740,,,,,,,,,,,,,,,,,,,,,,,,,,,,,,,,
191808,7.58,0.6100,1.0870,,,,,,,,,0.003979,0.080475,0.081225,0.143404,0.561178,,,,,0.019868,,,0.000410,,,,,,,,,,,,,,,,,,,,,,,,,,,,,,,,
191809,7.54,0.6000,1.0630,,,,,,,,,0.004023,0.079576,0.079156,0.140981,0.564440,,,,,0.019481,,,0.000902,,,,,,,,,,,,,,,,,,,,,,,,,,,,,,,,
191810,7.86,0.5900,1.0380,,,,,,,,,0.004067,0.075064,0.078249,0.132061,0.568401,,,,,0.019108,,,0.001991,,,,,,,,,,,,,,,,,,,,,,,,,,,,,,,,
191811,8.06,0.5800,1.0140,,,,,,,,,0.004067,0.071960,0.073791,0.125806,0.571992,,,,,0.018750,,,0.002385,,,,,,,,,,,,,,,,,,,,,,,,,,,,,,,,
191812,7.90,0.5700,0.9900,,,,,,,,,0.004045,0.072152,0.070720,0.125316,0.575758,,,,,0.012270,,,0.001089,,,,,,,,,,,,,,,,,,,,,,,,,,,,,,,,
191901,7.85,0.5667,0.9850,,,0.0535,0.0712,0.0463,,,,0.003927,0.072191,0.071734,0.125478,0.575330,,,0.017700,,0.000000,,,0.000766,,,,,,,,,,,,,,,,,,,,,,,,,,,,,,,,
191902,7.88,0.5633,0.9800,,,0.0535,0.0720,0.0470,,,,0.003514,0.071485,0.071758,0.124365,0.574796,,,0.018500,,-0.018182,,,0.000646,,,,,,,,,,,,,,,,,,,,,,,,,,,,,,,,
191903,8.12,0.5600,0.9750,,,0.0539,0.0715,0.0473,,,,0.003462,0.068966,0.071066,0.120074,0.574359,,,0.017600,,0.012346,,,0.001159,,,,,,,,,,,,,,,,,,,,,,,,,,,,,,,,
191904,8.39,0.5567,0.9700,,,0.0544,0.0723,0.0472,,,,0.003610,0.066353,0.068559,0.115614,0.573918,,,0.017900,,0.018293,,,0.000536,,,,,,,,,,,,,,,,,,,,,,,,,,,,,,,,
191905,8.97,0.5533,0.9650,,,0.0539,0.0709,0.0467,,,,0.003610,0.061683,0.065948,0.107581,0.573368,,,0.017000,,0.011976,,,0.001189,,,,,,,,,,,,,,,,,,,,,,,,,,,,,,,,
191906,9.21,0.5500,0.9600,,,0.0540,0.0704,0.0469,,,,0.003610,0.059718,0.061315,0.104235,0.572917,,,0.016400,,0.000000,,,0.003037,,,,,,,,,,,,,,,,,,,,,,,,,,,,,,,,
191907,9.51,0.5467,0.9550,,,0.0544,0.0706,0.0472,,,,0.003720,0.057487,0.059359,0.100421,0.572461,,,0.016200,,0.029586,,,0.001447,,,,,,,,,,,,,,,,,,,,,,,,,,,,,,,,
191908,8.87,0.5433,0.9500,,,0.0556,0.0713,0.0478,,,,0.003647,0.061251,0.057129,0.107103,0.571895,,,0.015700,,0.017241,,,0.006089,,,,,,,,,,,,,,,,,,,,,,,,,,,,,,,,
191909,9.01,0.5400,0.9450,,,0.0560,0.0727,0.0473,,,,0.003610,0.059933,0.060879,0.104883,0.571429,,,0.016700,,0.005650,,,0.001234,,,,,,,,,,,,,,,,,,,,,,,,,,,,,,,,
191910,9.47,0.5367,0.9400,,,0.0554,0.0734,0.0471,,,,0.003610,0.056674,0.059567,0.099261,0.570957,,,0.018000,,0.016854,,,0.002017,,,,,,,,,,,,,,,,,,,,,,,,,,,,,,,,
191911,9.19,0.5333,0.9350,,,0.0566,0.0754,0.0481,,,,0.003610,0.058030,0.056315,0.101741,0.570374,,,0.018800,,0.022099,,,0.003920,,,,,,,,,,,,,,,,,,,,,,,,,,,,,,,,
191912,8.92,0.5300,0.9300,,,0.0573,0.0777,0.0490,,,,0.003698,0.059417,0.057671,0.104260,0.569892,,,0.020400,,0.021622,,,0.002500,,,,,,,,,,,,,,,,,,,,,,,,,,,,,,,,
192001,8.83,0.5283,0.9192,,,0.0575,0.0778,0.0493,,,0.0450,0.003979,0.059830,0.059226,0.104100,0.574739,,0.004300,0.020300,,0.021164,,,0.001356,,,,,,,,,,,,,,,,,,,,,,,,,,,,,,,,
192002,8.10,0.5267,0.9083,,,0.0586,0.0794,0.0505,,,0.0450,0.003750,0.065025,0.059649,0.112136,0.579874,,0.005500,0.020800,,0.010363,,,0.006117,,,,,,,,,,,,,,,,,,,,,,,,,,,,,,,,
192003,8.67,0.5250,0.8975,,,0.0592,0.0797,0.0509,,,0.0475,0.003750,0.060554,0.064815,0.103518,0.584958,,0.003400,0.020500,,0.010256,,,0.003187,,,,,,,,,,,,,,,,,,,,,,,,,,,,,,,,
192004,8.60,0.5233,0.8867,,,0.0604,0.0817,0.0528,,,0.0525,0.003958,0.060849,0.060358,0.103105,0.590166,,0.000300,0.021300,,0.030457,,,0.003640,,,,,,,,,,,,,,,,,,,,,,,,,,,,,,,,
192005,8.06,0.5217,0.8758,,,0.0625,0.0839,0.0558,,,0.0550,0.004375,0.064727,0.060663,0.108660,0.595684,,0.000800,0.021400,,0.014778,,,0.002851,,,,,,,,,,,,,,,,,,,,,,,,,,,,,,,,
192006,7.92,0.5200,0.8650,,,0.0638,0.0839,0.0554,,,0.0575,0.004583,0.065657,0.064516,0.109217,0.601156,,-0.002100,0.020100,,0.014563,,,0.000921,,,,,,,,,,,,,,,,,,,,,,,,,,,,,,,,
192007,7.91,0.5183,0.8542,,,0.0634,0.0852,0.0557,,,0.0581,0.004792,0.065525,0.065442,0.107990,0.606767,,-0.002400,0.021800,,-0.004785,,,0.001419,,,,,,,,,,,,,,,,,,,,,,,,,,,,,,,,
192008,7.60,0.5167,0.8433,,,0.0630,0.0839,0.0567,,,0.0583,0.004842,0.067987,0.065322,0.110961,0.612712,,-0.001600,0.020900,,-0.024038,,,0.001555,,,,,,,,,,,,,,,,,,,,,,,,,,,,,,,,
192009,7.87,0.5150,0.8325,,,0.0622,0.0814,0.0543,,,0.0581,0.004858,0.065438,0.067763,0.105781,0.618619,,-0.003800,0.019200,,-0.014778,,,0.001306,,,,,,,,,,,,,,,,,,,,,,,,,,,,,,,,
192010,7.88,0.5133,0.8217,,,0.0605,0.0799,0.0508,,,0.0575,0.004842,0.065140,0.065222,0.104277,0.624681,,-0.006700,0.019400,,-0.005000,,,0.000941,,,,,,,,,,,,,,,,,,,,,,,,,,,,,,,,
192011,7.48,0.5117,0.8108,,,0.0608,0.0821,0.0521,,,0.0575,0.004792,0.068409,0.064937,0.108396,0.631105,,-0.005400,0.021300,,-0.005025,,,0.004788,,,,,,,,,,,,,,,,,,,,,,,,,,,,,,,,
192012,6.81,0.5100,0.8000,,,0.0626,0.0856,0.0540,,,0.0588,0.004792,0.074890,0.068182,0.117474,0.637500,,-0.004800,0.023000,,-0.020202,,,0.005328,,,,,,,,,,,,,,,,,,,,,,,,,,,,,,,,
192101,7.11,0.5058,0.7575,,,0.0614,0.0850,0.0523,,,0.0567,0.004900,0.071139,0.074273,0.106540,0.667723,,-0.004400,0.023600,,-0.020619,,,0.001044,,,,,,,,,,,,,,,,,,,,,,,,,,,,,,,,
192102,7.06,0.5017,0.7150,,,0.0608,0.0842,0.0528,,,0.0530,0.004725,0.071062,0.070563,0.101275,0.701678,,-0.000200,0.023400,,-0.031579,,,0.000731,,,,,,,,,,,,,,,,,,,,,,,,,,,,,,,,
192103,6.88,0.4975,0.6725,,,0.0608,0.0855,0.0527,,,0.0538,0.004417,0.072311,0.070467,0.097747,0.739777,0.636220,-0.001100,0.024700,,-0.005435,,,0.002308,,,,,,,,,,,,,,,,,,,,,,,,,,,,,,,,
192104,6.91,0.4933,0.6300,,,0.0606,0.0853,0.0524,,,0.0520,0.004483,0.071389,0.071701,0.091172,0.783016,0.613466,0.000400,0.024700,,-0.010929,,,0.001656,,,,,,,,,,,,,,,,,,,,,,,,,,,,,,,,
192105,7.12,0.4892,0.5875,,,0.0611,0.0852,0.0525,,,0.0516,0.004333,0.068708,0.070796,0.082514,0.832681,0.656318,0.000900,0.024100,,-0.022099,,,0.001319,,,,,,,,,,,,,,,,,,,,,,,,,,,,,,,,
192106,6.55,0.4850,0.5450,,,0.0618,0.0856,0.0527,,,0.0499,0.004300,0.074046,0.068118,0.083206,0.889908,0.704164,0.002800,0.023800,,-0.005650,,,0.003864,,,,,,,,,,,,,,,,,,,,,,,,,,,,,,,,
192107,6.53,0.4808,0.5025,,,0.0612,0.0848,0.0526,,,0.0460,0.004158,0.073629,0.073405,0.076953,0.956816,0.704988,0.006600,0.023600,,0.005682,,,0.001760,,,,,,,,,,,,,,,,,,,,,,,,,,,,,,,,
192108,6.45,0.4767,0.4600,,,0.0599,0.0851,0.0522,,,0.0475,0.003833,0.073907,0.073002,0.071318,1.036304,0.718224,0.004700,0.025200,,0.000000,,,0.002031,,,,,,,,,,,,,,,,,,,,,,,,,,,,,,,,
192109,6.61,0.4725,0.4175,,,0.0593,0.0834,0.0512,,,0.0475,0.003958,0.071483,0.073256,0.063162,1.131737,0.678109,0.003700,0.024100,,-0.011299,,,0.001778,,,,,,,,,,,,,,,,,,,,,,,,,,,,,,,,
192110,6.70,0.4683,0.3750,,,0.0584,0.0834,0.0483,,,0.0421,0.003958,0.069896,0.070847,0.055970,1.248800,0.658380,0.006200,0.025000,,0.000000,,,0.001029,,,,,,,,,,,,,,,,,,,,,,,,,,,,,,,,
192111,7.06,0.4642,0.3325,,,0.0560,0.0788,0.0464,,,0.0403,0.003508,0.065751,0.069284,0.047096,1.396090,0.623545,0.006100,0.022800,,-0.005714,,,0.000988,,,,,,,,,,,,,,,,,,,,,,,,,,,,,,,,
192112,7.31,0.4600,0.2900,,,0.0550,0.0761,0.0447,,,0.0390,0.003358,0.062927,0.065156,0.039672,1.586207,0.596535,0.005700,0.021100,,-0.005747,,,0.000511,,,,,,,,,,,,,,,,,,,,,,,,,,,,,,,,
192201,7.30,0.4642,0.3233,,,0.0534,0.0770,0.0445,,,0.0390,0.003250,0.063589,0.063502,0.044288,1.435818,0.592866,0.005500,0.023600,,-0.023121,,,0.001057,,,,,,,,,,,,,,,,,,,,,,,,,,,,,,,,
192202,7.46,0.4683,0.3567,,,0.0529,0.0755,0.0450,,,0.0381,0.003250,0.062775,0.064151,0.047815,1.312868,0.564007,0.006900,0.022600,,0.000000,,,0.000620,,,,,,,,,,,,,,,,,,,,,,,,,,,,,,,,
192203,7.74,0.4725,0.3900,,,0.0523,0.0745,0.0441,,,0.0355,0.003175,0.061047,0.063338,0.050388,1.211538,0.521056,0.008600,0.022200,,-0.011834,,,0.000693,,,,,,,,,,,,,,,,,,,,,,,,,,,,,,,,
192204,8.21,0.4767,0.4233,,,0.0515,0.0714,0.0428,,,0.0321,0.002958,0.058063,0.061589,0.051559,1.126152,0.504732,0.010700,0.019900,,0.000000,,,0.001094,,,,,,,,,,,,,,,,,,,,,,,,,,,,,,,,
192205,8.53,0.4808,0.4567,,,0.0513,0.0689,0.0426,,,0.0325,0.002675,0.056366,0.058563,0.053540,1.052770,0.485203,0.010100,0.017600,,0.000000,,,0.000803,,,,,,,,,,,,,,,,,,,,,,,,,,,,,,,,
192206,8.45,0.4850,0.4900,,,0.0508,0.0697,0.0424,,,0.0325,0.002708,0.057396,0.056858,0.057988,0.989796,0.499301,0.009900,0.018900,,0.000000,,,0.001744,,,,,,,,,,,,,,,,,,,,,,,,,,,,,,,,
192207,8.51,0.4892,0.5233,,,0.0500,0.0689,0.0414,,,0.0320,0.002708,0.057485,0.057893,0.061492,0.934837,0.478104,0.009400,0.018900,,0.005988,,,0.001476,,,,,,,,,,,,,,,,,,,,,,,,,,,,,,,,
192208,8.83,0.4933,0.5567,,,0.0496,0.0685,0.0412,,,0.0313,0.002667,0.055866,0.057967,0.063046,0.886115,0.460409,0.009900,0.018900,,-0.011905,,,0.000988,,,,,,,,,,,,,,,,,,,,,,,,,,,,,,,,
192209,9.06,0.4975,0.5900,,,0.0493,0.0675,0.0419,,,0.0334,0.002608,0.054912,0.056342,0.065121,0.843220,0.477759,0.008500,0.018200,,0.000000,,,0.001352,,,,,,,,,,,,,,,,,,,,,,,,,,,,,,,,
192210,9.26,0.5017,0.6233,,,0.0497,0.0678,0.0430,,,0.0371,0.002783,0.054179,0.055375,0.067311,0.804909,0.482780,0.005900,0.018100,,0.006024,,,0.001696,,,,,,,,,,,,,,,,,,,,,,,,,,,,,,,,
192211,8.80,0.5058,0.6567,,,0.0509,0.0698,0.0433,,,0.0366,0.003092,0.057477,0.054622,0.074625,0.770215,0.490227,0.006700,0.018900,,0.005988,,,0.002435,,,,,,,,,,,,,,,,,,,,,,,,,,,,,,,,
192212,8.78,0.5100,0.6900,,,0.0508,0.0702,0.0432,,,0.0365,0.003050,0.058087,0.057955,0.078588,0.739130,0.472649,0.006700,0.019400,,0.005952,,,0.000755,,,,,,,,,,,,,,,,,,,,,,,,,,,,,,,,
192301,8.90,0.5117,0.7142,,,0.0504,0.0698,0.0432,,,0.0366,0.003042,0.057494,0.058280,0.080247,0.716466,0.476239,0.006600,0.019400,,-0.005917,,,0.000580,,,,,,,,,,,,,,,,,,,,,,,,,,,,,,,,
192302,9.28,0.5133,0.7383,,,0.0507,0.0697,0.0433,,,0.0365,0.003050,0.055313,0.057674,0.079558,0.695246,0.446583,0.006800,0.019000,,0.000000,,,0.000476,,,,,,,,,,,,,,,,,,,,,,,,,,,,,,,,
192303,9.43,0.5150,0.7625,,,0.0513,0.0709,0.0438,,,0.0412,0.003042,0.054613,0.055496,0.080859,0.675410,0.502092,0.002600,0.019600,,0.000000,,,0.000561,,,,,,,,,,,,,,,,,,,,,,,,,,,,,,,,
192304,9.10,0.5167,0.7867,,,0.0522,0.0717,0.0439,,,0.0413,0.003433,0.056780,0.054793,0.086451,0.656794,0.524497,0.002600,0.019500,,0.005952,,,0.000978,,,,,,,,,,,,,,,,,,,,,,,,,,,,,,,,
192305,8.67,0.5183,0.8108,,,0.0516,0.0717,0.0437,,,0.0395,0.003442,0.059781,0.056956,0.093518,0.639245,0.529068,0.004200,0.020100,,0.000000,,,0.002757,,,,,,,,,,,,,,,,,,,,,,,,,,,,,,,,
192306,8.34,0.5200,0.8350,,,0.0515,0.0721,0.0434,,,0.0384,0.003292,0.062350,0.059977,0.100120,0.622754,0.583710,0.005000,0.020600,,0.005917,,,0.002969,,,,,,,,,,,,,,,,,,,,,,,,,,,,,,,,
192307,8.06,0.5217,0.8592,,,0.0514,0.0734,0.0434,,,0.0391,0.003200,0.064727,0.062554,0.106600,0.607193,0.593718,0.004300,0.022000,,0.011765,,,0.002372,,,,,,,,,,,,,,,,,,,,,,,,,,,,,,,,
192308,8.10,0.5233,0.8833,,,0.0508,0.0738,0.0435,,,0.0386,0.003258,0.064605,0.064926,0.109049,0.592437,0.552108,0.004900,0.023000,,-0.005814,,,0.000971,,,,,,,,,,,,,,,,,,,,,,,,,,,,,,,,
192309,8.15,0.5250,0.9075,,,0.0512,0.0738,0.0436,,,0.0401,0.003217,0.064417,0.064815,0.111350,0.578512,0.586564,0.003500,0.022600,,0.005848,,,0.001221,,,,,,,,,,,,,,,,,,,,,,,,,,,,,,,,
192310,8.03,0.5267,0.9317,,,0.0511,0.0746,0.0440,,,0.0422,0.003342,0.065592,0.064626,0.116027,0.565311,0.582853,0.001800,0.023500,,0.005814,,,0.001633,,,,,,,,,,,,,,,,,,,,,,,,,,,,,,,,
192311,8.27,0.5283,0.9558,,,0.0509,0.0740,0.0437,,,0.0394,0.003517,0.063881,0.065791,0.115574,0.552731,0.558804,0.004300,0.023100,,0.000000,,,0.000598,,,,,,,,,,,,,,,,,,,,,,,,,,,,,,,,
192312,8.55,0.5300,0.9800,,,0.0509,0.0738,0.0435,,,0.0388,0.003283,0.061988,0.064087,0.114620,0.540816,0.540201,0.004700,0.022900,,0.000000,,,0.000581,,,,,,,,,,,,,,,,,,,,,,,,,,,,,,,,
192401,8.83,0.5317,0.9758,,,0.0509,0.0724,0.0430,,,0.0376,0.003233,0.060215,0.062187,0.110510,0.544886,0.512617,0.005400,0.021500,,0.000000,,,0.000748,,,,,,,,,,,,,,,,,,,,,,,,,,,,,,,,
192402,8.87,0.5333,0.9717,,,0.0509,0.0714,0.0428,,,0.0354,0.003133,0.060124,0.060396,0.109549,0.548832,0.530755,0.007400,0.020500,,-0.005780,,,0.001519,,,,,,,,,,,,,,,,,,,,,,,,,,,,,,,,
192403,8.70,0.5350,0.9675,,,0.0510,0.0708,0.0428,,,0.0357,0.002950,0.061494,0.060316,0.111207,0.552972,0.594560,0.007100,0.019800,,-0.005814,,,0.000776,,,,,,,,,,,,,,,,,,,,,,,,,,,,,,,,
192404,8.50,0.5367,0.9633,,,0.0508,0.0703,0.0423,,,0.0338,0.002975,0.063141,0.061690,0.113329,0.557147,0.610173,0.008500,0.019500,,-0.005848,,,0.001095,,,,,,,,,,,,,,,,,,,,,,,,,,,,,,,,
192405,8.47,0.5383,0.9592,,,0.0504,0.0697,0.0415,,,0.0229,0.002817,0.063554,0.063329,0.113247,0.561197,0.615128,0.018600,0.019300,,0.000000,,,0.000735,,,,,,,,,,,,,,,,,,,,,,,,,,,,,,,,
192406,8.63,0.5400,0.9550,,,0.0499,0.0682,0.0398,,,0.0244,0.001908,0.062572,0.063754,0.110660,0.565445,0.573830,0.015400,0.018300,,0.000000,,,0.000765,,,,,,,,,,,,,,,,,,,,,,,,,,,,,,,,
192407,9.03,0.5417,0.9508,,,0.0495,0.0667,0.0394,,,0.0192,0.002033,0.059989,0.062769,0.105293,0.569731,0.541414,0.020200,0.017200,,0.005882,,,0.000377,,,,,,,,,,,,,,,,,,,,,,,,,,,,,,,,
192408,9.34,0.5433,0.9467,,,0.0495,0.0669,0.0391,,,0.0190,0.001600,0.058169,0.060166,0.101360,0.573888,0.531016,0.020100,0.017400,,-0.005848,,,0.000694,,,,,,,,,,,,,,,,,,,,,,,,,,,,,,,,
192409,9.25,0.5450,0.9425,,,0.0495,0.0673,0.0392,,,0.0214,0.001583,0.058919,0.058351,0.101892,0.578249,0.536060,0.017800,0.017800,,0.005882,,,0.000870,,,,,,,,,,,,,,,,,,,,,,,,,,,,,,,,
192410,9.13,0.5467,0.9383,,,0.0492,0.0662,0.0387,,,0.0241,0.001783,0.059880,0.059103,0.102771,0.582649,0.531424,0.014600,0.017000,,0.005848,,,0.001126,,,,,,,,,,,,,,,,,,,,,,,,,,,,,,,,
192411,9.64,0.5483,0.9342,,,0.0494,0.0654,0.0390,,,0.0258,0.002008,0.056878,0.060055,0.096909,0.586919,0.497750,0.013200,0.016000,,0.000000,,,0.000951,,,,,,,,,,,,,,,,,,,,,,,,,,,,,,,,
192412,10.16,0.5500,0.9300,,,0.0495,0.0646,0.0396,,,0.0257,0.002150,0.054134,0.057054,0.091535,0.591398,0.458883,0.013900,0.015100,,0.005814,,,0.001066,,,,,,,,,,,,,,,,,,,,,,,,,,,,,,,,
192501,10.58,0.5542,0.9567,,,0.0495,0.0644,0.0396,,,0.0261,0.002142,0.052382,0.054547,0.090425,0.579283,0.447810,0.013500,0.014900,,0.000000,,,0.001054,,,,,,,,,,,,,,,,,,,,,,,,,,,,,,,,
192502,10.67,0.5583,0.9833,,,0.0495,0.0636,0.0395,,,0.0262,0.002175,0.052324,0.052769,0.092156,0.567782,0.452389,0.013300,0.014100,,-0.005780,,,0.001056,,,,,,,,,,,,,,,,,,,,,,,,,,,,,,,,
192503,10.39,0.5625,1.0100,,,0.0491,0.0636,0.0396,,,0.0278,0.002183,0.054139,0.052718,0.097209,0.556931,0.522484,0.011800,0.014500,,0.005814,,,0.002953,,,,,,,,,,,,,,,,,,,,,,,,,,,,,,,,
192504,10.28,0.5667,1.0370,,,0.0487,0.0641,0.0393,,,0.0278,0.002317,0.055126,0.054543,0.100875,0.546480,0.508291,0.011500,0.015400,,-0.005780,,,0.000746,,,,,,,,,,,,,,,,,,,,,,,,,,,,,,,,
192505,10.61,0.5708,1.0630,,,0.0483,0.0630,0.0387,,,0.0273,0.002317,0.053798,0.055525,0.100189,0.536971,0.469411,0.011400,0.014700,,0.005814,,,0.000520,,,,,,,,,,,,,,,,,,,,,,,,,,,,,,,,
192506,10.80,0.5750,1.0900,,,0.0483,0.0618,0.0379,,,0.0286,0.002275,0.053241,0.054194,0.100926,0.527523,0.465613,0.009300,0.013500,,0.011561,,,0.000842,,,,,,,,,,,,,,,,,,,,,,,,,,,,,,,,
192507,11.10,0.5792,1.1170,,,0.0487,0.0620,0.0379,,,0.0306,0.002383,0.052180,0.053630,0.100631,0.518532,0.455870,0.007300,0.013300,,0.011429,,,0.000377,,,,,,,,,,,,,,,,,,,,,,,,,,,,,,,,
192508,11.25,0.5833,1.1430,,,0.0490,0.0624,0.0385,,,0.0301,0.002550,0.051849,0.052550,0.101600,0.510324,0.432073,0.008400,0.013400,,0.000000,,,0.000544,,,,,,,,,,,,,,,,,,,,,,,,,,,,,,,,
192509,11.51,0.5875,1.1700,,,0.0487,0.0620,0.0385,,,0.0317,0.002508,0.051043,0.052222,0.101651,0.502137,0.425206,0.006800,0.013300,,0.000000,,,0.001456,,,,,,,,,,,,,,,,,,,,,,,,,,,,,,,,
192510,11.89,0.5917,1.1970,,,0.0485,0.0617,0.0382,,,0.0353,0.002642,0.049765,0.051407,0.100673,0.494319,0.391905,0.002900,0.013200,,0.000000,,,0.000748,,,,,,,,,,,,,,,,,,,,,,,,,,,,,,,,
192511,12.26,0.5958,1.2230,,,0.0484,0.0617,0.0379,,,0.0365,0.002942,0.048597,0.050109,0.099755,0.487163,0.403760,0.001400,0.013300,,0.016949,,,0.002719,,,,,,,,,,,,,,,,,,,,,,,,,,,,,,,,
192512,12.46,0.6000,1.2500,,,0.0485,0.0615,0.0380,,,0.0351,0.003042,0.048154,0.048940,0.100321,0.480000,0.389378,0.002900,0.013000,,-0.005556,,,0.000513,,,,,,,,,,,,,,,,,,,,,,,,,,,,,,,,
192601,12.74,0.6075,1.2490,-0.001783,-0.003980,0.0482,0.0609,0.0374,0.0138,0.0072,0.0349,0.002925,0.047684,0.048756,0.098038,0.486389,0.387671,0.002500,0.012700,-0.006600,0.000000,,,0.000857,,,,,,,,,-1.713377,,,0.385992,0.028169,,,,,,,,0.987201,0.987201,,,,,,,,,,
192602,12.18,0.6150,1.2480,-0.033296,-0.037876,0.0477,0.0602,0.0372,0.0063,0.0045,0.0318,0.002908,0.050493,0.048273,0.102463,0.492788,0.394363,0.005400,0.012500,-0.001800,0.000000,,,0.001099,,,,,,,,,-1.657950,,,0.380980,0.000000,,,,,,,,0.952991,0.952991,,,,,,,,,,
192603,11.46,0.6225,1.2480,-0.057708,-0.062007,0.0479,0.0605,0.0371,0.0041,0.0084,0.0314,0.002650,0.054319,0.051108,0.108901,0.498798,0.494091,0.005700,0.012600,0.004300,-0.005587,,,0.006016,,,,,,,,,-1.793492,,,0.388450,0.000000,,,,,,,,0.865381,0.865381,,,,,,,,0.387971,,
192604,11.72,0.6300,1.2470,0.038522,0.034856,0.0474,0.0598,0.0368,0.0076,0.0097,0.0308,0.002617,0.053754,0.054974,0.106399,0.505213,0.482917,0.006000,0.012400,0.002100,0.005618,,,0.001466,,,,,,,,,-1.603683,,,0.383446,0.000000,,,,,,,,0.885404,0.885404,,,,,,,,0.404486,,
192605,11.81,0.6375,1.2460,0.013623,0.009070,0.0471,0.0586,0.0369,0.0014,0.0044,0.0317,0.002567,0.053980,0.054394,0.105504,0.511637,0.483860,0.005200,0.011500,0.003000,-0.005587,,,0.000690,,,,,,,,,-1.414242,,,0.370141,0.000000,,,,,,,,0.883679,0.883679,,,,,,,,0.406989,,
192606,12.32,0.6450,1.2450,0.056427,0.050196,0.0472,0.0580,0.0368,0.0038,0.0004,0.0293,0.002642,0.052354,0.054615,0.101055,0.518072,0.453476,0.007500,0.010800,-0.003400,-0.005618,,,0.000602,,,,,,,,,-1.492742,,,0.377570,0.000000,,,,,,,0.678632,0.942887,0.942887,,,,,,,,0.228589,,
192607,12.88,0.6525,1.2440,0.040403,0.038168,0.0471,0.0579,0.0370,0.0004,0.0057,0.0311,0.002200,0.050660,0.052963,0.096584,0.524518,0.433263,0.005900,0.010800,0.005300,-0.011299,,,0.000643,,,,,,,,,-1.417863,,,0.376681,-0.051233,,,,,0.078592,0.542875,0.672440,0.986877,0.986877,,,,,,,,0.173195,,
192608,13.10,0.6600,1.2430,0.029822,0.025747,0.0472,0.0581,0.0373,0.0000,0.0044,0.0327,0.002500,0.050382,0.051242,0.094885,0.530973,0.427051,0.004600,0.010900,0.004400,-0.005714,,,0.001209,,,,,,,,,-1.474788,,,0.383916,-0.018192,,,,,0.107470,0.542318,0.660722,0.978151,0.978151,,,,,,,,0.151335,,
192609,13.40,0.6675,1.2420,0.013420,0.009122,0.0472,0.0579,0.0372,0.0038,0.0057,0.0342,0.002300,0.049813,0.050954,0.092687,0.537440,0.438713,0.003000,0.010700,0.001900,0.005747,,,0.000741,,,,,,,,,-1.522764,,,0.394995,0.000000,,,,,0.081944,0.561353,0.718334,0.952149,0.952149,,0.051207,,,,,,0.168257,,
192610,12.98,0.6750,1.2420,-0.030172,-0.032434,0.0471,0.0581,0.0367,0.0102,0.0097,0.0358,0.003200,0.052003,0.050373,0.095686,0.543478,0.460334,0.000900,0.011000,-0.000500,0.005714,,,0.002161,,,,,,,,,-1.554913,,,0.390015,0.000000,,,,,0.052087,0.534228,0.749562,0.907427,0.907427,,0.052965,,,,,,0.236664,,
192611,13.27,0.6825,1.2410,0.026937,0.019367,0.0468,0.0577,0.0358,0.0160,0.0057,0.0335,0.003100,0.051432,0.052581,0.093519,0.549960,0.443309,0.002300,0.010900,-0.010300,0.005682,,,0.000539,,,,,,,,,-1.518427,,,0.381051,-0.029412,,,,,0.073381,0.564024,0.802837,0.942278,0.942278,,0.057515,,,,,,0.236589,,
192612,13.49,0.6900,1.2400,0.026047,0.020321,0.0468,0.0568,0.0354,0.0078,0.0056,0.0307,0.002800,0.051149,0.051997,0.091920,0.556452,0.441476,0.004700,0.010000,-0.002200,0.000000,,0.050876,0.000465,,,,,,,,,-1.553071,,,0.372075,-0.045455,,,,,0.096306,0.563034,0.758673,0.946190,0.946190,,0.054913,,,,,,0.228889,,
192701,13.21,0.6967,1.2290,-0.002910,-0.005579,0.0466,0.0561,0.0351,0.0075,0.0056,0.0323,0.002500,0.052740,0.051646,0.093036,0.566884,0.443706,0.002800,0.009500,-0.001900,-0.011299,,0.050824,0.000470,,,,,,,,,-1.478979,,,0.363071,0.039683,,,,,0.092692,0.576885,0.731850,0.941435,0.941435,,0.054313,,,,,,0.142210,,
192702,13.84,0.7033,1.2180,0.045522,0.040566,0.0467,0.0559,0.0347,0.0088,0.0069,0.0329,0.002600,0.050816,0.053240,0.088006,0.577422,0.428501,0.001800,0.009200,-0.001900,-0.005714,,0.051668,0.000287,,,,,,,,,-1.508274,,,0.366146,0.038168,,,,,0.199080,0.561172,0.743380,0.974840,0.974840,,0.051078,,,,,,0.122186,,
192703,13.93,0.7100,1.2080,0.007324,0.002610,0.0462,0.0554,0.0331,0.0253,0.0083,0.0320,0.003000,0.050969,0.051301,0.086719,0.587748,0.469765,0.001100,0.009200,-0.017000,-0.005747,,0.046357,0.000924,,,,,,,,,-1.567097,,,0.373116,-0.067647,,,,,0.066362,0.515952,0.696099,0.963525,0.963525,,0.063495,,,,,,0.160213,,
192704,14.17,0.7167,1.1970,0.013021,0.010907,0.0458,0.0548,0.0333,-0.0005,0.0055,0.0339,0.002500,0.050579,0.051450,0.084474,0.598747,0.456754,-0.000600,0.009000,0.006000,0.000000,,0.050514,0.000603,,,,,,,,,-1.552191,,,0.344153,-0.045741,,,,,0.052251,0.507824,0.721492,0.983748,0.983748,,0.061901,,,,,,0.161171,,
192705,14.91,0.7233,1.1860,0.062353,0.057096,0.0457,0.0550,0.0327,0.0109,-0.0011,0.0333,0.003000,0.048511,0.051044,0.079544,0.609865,0.434783,-0.000600,0.009300,-0.012000,0.005780,,0.055275,0.000392,,,,,,,,,-1.575067,,,0.347272,-0.041322,,,,,0.126109,0.500074,0.724995,1.000000,1.000000,,0.070379,,,,,,0.169088,,
192706,14.77,0.7300,1.1750,-0.020370,-0.025705,0.0458,0.0555,0.0334,-0.0069,0.0043,0.0307,0.002600,0.049425,0.048960,0.079553,0.621277,0.452385,0.002700,0.009700,0.011200,0.011494,,0.058823,0.000825,,,,,,,,,-1.582230,,,0.338288,0.000000,,,,,0.026617,0.503802,0.704829,0.961089,0.961089,,0.066065,,,,,,0.177698,,
192707,15.73,0.7367,1.1640,0.084450,0.081687,0.0460,0.0555,0.0333,0.0050,0.0003,0.0296,0.003000,0.046834,0.049878,0.073999,0.632904,0.414553,0.003700,0.009500,-0.004700,-0.017045,,0.059753,0.000426,,,,,,,,,-1.568372,,,0.321170,0.000000,,,,,0.153658,0.545552,0.647263,1.000000,1.000000,,0.073017,,,,,,0.152120,,
192708,16.43,0.7433,1.1530,0.033321,0.028625,0.0456,0.0548,0.0329,0.0076,0.0083,0.0270,0.002800,0.045240,0.047254,0.070177,0.644666,0.396227,0.005900,0.009200,0.000700,-0.005780,,0.054525,0.001276,,,,,,,,,-1.566708,,,0.316229,-0.086207,,,,,0.028166,0.483675,0.729365,0.995594,0.995594,,0.066642,,,,,,0.213596,,
192709,17.14,0.7500,1.1430,0.053016,0.049095,0.0454,0.0542,0.0330,0.0018,0.0149,0.0268,0.002100,0.043757,0.045648,0.066686,0.656168,0.380586,0.006200,0.008800,0.013100,0.005814,,0.094616,0.001123,,,,,,,,,-1.613746,,,0.294832,0.000000,,,,,0.117457,0.528819,0.663379,0.993064,0.993064,,0.066832,,,,,,0.193373,,
192710,16.23,0.7567,1.1320,-0.046804,-0.048959,0.0451,0.0538,0.0325,0.0099,0.0055,0.0308,0.002500,0.046624,0.044148,0.069747,0.668463,0.413801,0.001700,0.008700,-0.004400,0.005780,,0.094370,0.001559,,,,,,,,,-1.621951,,,0.268939,0.000000,,,,,0.070415,0.526620,0.677349,0.909651,0.909651,,0.060182,,,,,,0.259430,,
192711,17.33,0.7633,1.1210,0.070546,0.064270,0.0449,0.0535,0.0320,0.0097,0.0068,0.0304,0.002100,0.044045,0.047030,0.064686,0.680910,0.379396,0.001600,0.008600,-0.002900,-0.005747,,0.082270,0.000930,,,,,,,,,-1.628200,,,0.264010,0.000000,,,,,0.100904,0.473541,0.858961,0.992141,0.992141,,0.085272,,,,,,0.234009,,
192712,17.66,0.7700,1.1100,0.019295,0.014403,0.0446,0.0532,0.0316,0.0072,0.0068,0.0317,0.002200,0.043601,0.044432,0.062854,0.693694,0.374689,-0.000100,0.008600,-0.000400,0.000000,,0.076471,0.000604,,,,,,,,,-1.689068,,,0.263309,0.047170,,,,,0.101325,0.475626,0.780131,0.998855,0.998855,,0.083581,,,,,,0.217996,,
192801,17.57,0.7767,1.1330,-0.007182,-0.009200,0.0446,0.0535,0.0321,-0.0036,0.0027,0.0331,0.002500,0.044206,0.043981,0.064485,0.685525,0.378670,-0.001000,0.008900,0.006300,0.000000,,0.062601,0.000861,,,,,,,,,-1.720096,,,0.279275,0.009009,,,,,0.033740,0.510202,0.803642,0.976592,0.976592,,0.087987,,,,,,0.191841,,
192802,17.26,0.7833,1.1550,-0.012549,-0.016679,0.0446,0.0533,0.0318,0.0061,0.0068,0.0333,0.003300,0.045382,0.044582,0.066918,0.678182,0.386077,-0.001500,0.008700,0.000700,-0.011561,,0.055172,0.000691,,,,,,,,,-1.662001,,,0.282579,0.000000,,,,,0.072502,0.447028,0.814290,0.957856,0.957856,,0.058795,,,,,,0.210093,,
192803,19.13,0.7900,1.1770,0.105752,0.101652,0.0446,0.0532,0.0317,0.0045,0.0041,0.0327,0.002900,0.041296,0.045771,0.061526,0.671198,0.363255,-0.001000,0.008600,-0.000400,0.000000,,0.054364,0.001381,,,,,,,,,-1.677396,,,0.285836,0.000000,,,,,0.119385,0.452034,0.769846,1.000000,1.000000,,0.069657,,,,,,0.196113,,
192804,19.75,0.7967,1.2000,0.034725,0.032715,0.0446,0.0533,0.0319,-0.0004,0.0014,0.0362,0.002200,0.040339,0.041647,0.060759,0.663917,0.368095,-0.004300,0.008700,0.001800,0.000000,,0.049372,0.001488,,,,,,,,,-1.867769,,,0.276842,0.000000,,,,,0.175406,0.440589,0.756601,0.975568,0.975568,,0.079980,,,,,,0.174968,,
192805,20.00,0.8033,1.2220,0.012325,0.007422,0.0449,0.0542,0.0327,-0.0077,-0.0078,0.0390,0.003200,0.040165,0.040673,0.061100,0.657365,0.354397,-0.006300,0.009300,-0.000100,0.005848,,0.047187,0.001899,,,,,,,,,-1.925476,,,0.284109,0.000000,,,,,0.116519,0.469387,0.802786,0.995156,0.995156,,0.091538,,,,,,0.185211,,
192806,19.19,0.8100,1.2450,-0.034330,-0.038725,0.0457,0.0555,0.0326,0.0041,-0.0024,0.0392,0.003100,0.042209,0.040500,0.064878,0.650602,0.370300,-0.006600,0.009800,-0.006500,-0.005814,,0.050297,0.003645,,,,,,,,,-1.862317,,,0.287246,0.044643,,,,,0.064850,0.439876,0.398005,0.952418,0.952418,,0.080716,,,,,,0.330886,,
192807,19.43,0.8167,1.2680,0.010117,0.008278,0.0461,0.0558,0.0344,-0.0217,-0.0010,0.0412,0.003200,0.042033,0.042559,0.065260,0.644085,0.360648,-0.006800,0.009700,0.020700,0.000000,,0.059377,0.001675,,,,,,,,,-1.644630,,,0.294279,0.083761,,,,,-0.007338,0.447527,0.342450,0.977907,0.977907,,0.060488,,,,,,0.365585,,
192808,20.87,0.8233,1.2900,0.070230,0.065514,0.0464,0.0561,0.0341,0.0076,0.0083,0.0436,0.003200,0.039449,0.042373,0.061811,0.638217,0.324030,-0.009500,0.009700,0.000700,0.000000,,0.057396,0.001229,,,,,,,,,-1.628291,,,0.308950,0.009464,,,,,0.134148,0.492044,0.386982,1.000000,1.000000,,0.051664,,,,,,0.370447,,
192809,21.37,0.8300,1.3120,0.022409,0.019937,0.0461,0.0559,0.0346,-0.0041,0.0030,0.0457,0.002700,0.038839,0.039770,0.061394,0.632622,0.328166,-0.011100,0.009800,0.007100,0.011696,,0.027977,0.000650,,,,,,,,,-1.765044,,,0.311788,0.023438,,,,,0.122094,0.422731,0.369393,0.982045,0.982045,,0.048014,,,,,,0.225674,,
192810,21.68,0.8367,1.3350,0.013839,0.012055,0.0461,0.0558,0.0336,0.0158,0.0083,0.0470,0.004100,0.038593,0.039153,0.061577,0.626742,0.308931,-0.013400,0.009700,-0.007500,-0.005780,,0.034017,0.000679,,,,,,,,,-1.812313,,,0.325944,0.041221,,,,,0.124305,0.403491,0.351953,0.980671,0.980671,,0.058476,,,,,,0.155018,,
192811,24.28,0.8433,1.3570,0.122975,0.116704,0.0458,0.0555,0.0338,0.0003,-0.0036,0.0426,0.003800,0.034732,0.038898,0.055890,0.621444,0.265526,-0.008800,0.009700,-0.003900,0.000000,,0.038370,0.001523,,,,,,,,,-1.861374,,,0.339749,0.044868,,,,,0.193103,0.393139,0.407122,0.992423,0.992423,,0.064180,,,,,,0.142252,,
192812,24.35,0.8500,1.3800,0.006232,0.002888,0.0461,0.0560,0.0340,0.0004,0.0084,0.0426,0.000600,0.034908,0.035008,0.056674,0.615942,0.259667,-0.008600,0.009900,0.008000,-0.005814,,0.063069,0.004077,,,,,,,,,-1.940541,,,0.353228,0.045467,,,,,-0.002976,0.410858,0.433584,1.000000,1.000000,,0.068422,,,,,,0.246349,,
192901,25.74,0.8600,1.3990,0.055473,0.053892,0.0462,0.0563,0.0349,-0.0090,0.0043,0.0466,0.003400,0.033411,0.035318,0.054351,0.614725,0.245347,-0.011700,0.010100,0.013300,0.000000,,0.078449,0.001701,,,,,,,,,-1.912328,,,0.362793,0.087248,,,,,0.195113,0.428981,0.520447,1.000000,1.000000,,0.069615,,,,,,0.232995,,
192902,25.59,0.8700,1.4180,-0.004874,-0.008075,0.0466,0.0566,0.0363,-0.0157,0.0030,0.0439,0.003600,0.033998,0.033800,0.055412,0.613540,0.245424,-0.007600,0.010000,0.018700,0.000000,,0.071783,0.002670,,,,,,,,,-1.939029,,,0.354322,0.012346,,,,,0.091394,0.436950,0.516210,0.985562,0.985562,,0.066983,,,,,,0.301471,,
192903,25.53,0.8800,1.4380,0.000154,-0.003213,0.0470,0.0579,0.0377,-0.0144,-0.0087,0.0460,0.003400,0.034469,0.034388,0.056326,0.611961,0.272300,-0.008300,0.010900,0.005700,-0.005848,,0.079805,0.003611,,,,,,,,,-1.934028,,,0.353056,0.000000,,,,,0.139812,0.402042,0.525078,0.958983,0.958983,,0.066051,,,,,,0.312672,,
192904,25.94,0.8900,1.4570,0.019559,0.018234,0.0469,0.0580,0.0358,0.0275,0.0019,0.0480,0.003600,0.034310,0.034861,0.056168,0.610844,0.263397,-0.012200,0.011100,-0.025600,-0.005882,,0.099323,0.002304,,,,,,,,,-1.787075,,,0.365950,0.000000,,,,,0.078188,0.427795,0.419357,0.991399,0.991399,,0.063198,,,,,,0.367012,,
192905,24.83,0.9000,1.4760,-0.041281,-0.046101,0.0470,0.0580,0.0373,-0.0162,0.0045,0.0509,0.004400,0.036246,0.034695,0.059444,0.609756,0.282775,-0.013600,0.011000,0.020700,0.005917,,0.117987,0.004760,,,,,,,,,-1.852341,,,0.378552,0.000000,,,,,0.001910,0.447736,0.453879,0.911853,0.911853,,0.066449,,,,,,0.351618,,
192906,27.62,0.9100,1.4950,0.112293,0.109584,0.0477,0.0594,0.0367,0.0110,-0.0046,0.0480,0.005200,0.032947,0.036649,0.054127,0.608696,0.253581,-0.011300,0.011700,-0.015600,0.005882,,0.116197,0.001340,,,,,,,,,-1.757284,,,0.380586,0.000000,,,,,0.130307,0.451386,0.806627,1.000000,1.000000,,0.069025,,,,,,0.278540,,
192907,28.88,0.9200,1.5140,0.050014,0.048186,0.0477,0.0595,0.0369,0.0000,0.0020,0.0455,0.003300,0.031856,0.033309,0.052424,0.607662,0.241875,-0.008600,0.011800,0.002000,0.011696,,0.110688,0.001282,,,,,,,,,-1.792040,,,0.389386,-0.060976,,,,,0.135458,0.461508,0.786322,1.000000,1.000000,,0.068090,,,,,,0.225133,,
192908,31.71,0.9300,1.5330,0.094871,0.090733,0.0479,0.0604,0.0375,-0.0034,0.0020,0.0470,0.004000,0.029328,0.032202,0.048344,0.606654,0.221124,-0.009500,0.012500,0.005400,0.000000,,0.115277,0.003382,,,,,,,,,-1.757766,,,0.374315,-0.123377,,,,,0.065866,0.460817,0.779997,1.000000,1.000000,,0.064630,,,,,,0.177849,,
192909,30.16,0.9400,1.5520,-0.050941,-0.053046,0.0480,0.0612,0.0375,0.0027,0.0034,0.0458,0.003500,0.031167,0.029644,0.051459,0.605670,0.244868,-0.008300,0.013200,0.000700,0.000000,,0.121390,0.003392,,,,,,,,,-1.744795,,,0.362606,-0.037037,,,,,0.088489,0.482557,0.797156,0.901042,0.901042,,0.060917,,,,,,0.227816,,
192910,24.15,0.9500,1.5720,-0.186150,-0.188115,0.0477,0.0611,0.0347,0.0382,0.0073,0.0437,0.004600,0.039337,0.031499,0.065093,0.604326,0.307484,-0.009000,0.013400,-0.030900,0.000000,,0.159613,0.053508,,,,,,,,,-1.985354,,,0.340367,-0.076923,,,,,0.087440,0.461925,0.803658,0.717554,0.717554,,0.063165,,,,,,0.545430,,
192911,20.92,0.9600,1.5910,-0.125359,-0.130374,0.0476,0.0603,0.0331,0.0236,-0.0018,0.0347,0.003700,0.045889,0.039752,0.076052,0.603394,0.351956,-0.001600,0.012700,-0.025400,0.000000,,0.177041,0.036449,,,,,,,,,-2.004285,,,0.285172,0.000000,,,,,0.010992,0.464137,0.723855,0.626886,0.626886,,0.060921,,,,,,0.594458,,
192912,21.45,0.9700,1.6100,0.027753,0.023571,0.0467,0.0595,0.0340,-0.0089,0.0192,0.0303,0.003700,0.045221,0.046367,0.075058,0.602484,0.338458,0.003700,0.012800,0.028100,-0.005780,,0.163522,0.010215,,,,,,,,,-1.796712,,,0.235040,0.000000,,,,,0.015081,0.494109,0.781739,0.651888,0.651888,,0.071106,,,,,,0.595802,,
193001,22.79,0.9708,1.5570,0.059632,0.057032,0.0466,0.0592,0.0347,-0.0057,0.0059,0.0339,0.001400,0.042598,0.045259,0.068319,0.623507,0.314816,0.000800,0.012600,0.011600,-0.005814,,0.153316,0.001433,,,,,,,,,-1.548804,,,0.230213,0.000000,,,,,0.085025,0.473188,0.814584,0.700842,0.700842,,0.072561,,,,,,0.537415,,
193002,23.28,0.9717,1.5030,0.026041,0.021516,0.0469,0.0589,0.0339,0.0129,0.0072,0.0336,0.003000,0.041740,0.042637,0.064562,0.646507,0.310206,0.000300,0.012000,-0.005700,-0.005848,,0.159257,0.001725,,,,,,,,,-1.597935,,,0.221524,-0.041667,,,,,0.076221,0.481785,0.937012,0.711257,0.711257,,0.076682,,,,,,0.347238,,
193003,25.14,0.9725,1.4500,0.072348,0.069351,0.0462,0.0573,0.0335,0.0083,0.0138,0.0295,0.003500,0.038683,0.041774,0.057677,0.670690,0.319119,0.004000,0.011100,0.005500,-0.005882,,0.145497,0.001504,,,,,,,,,-1.618142,,,0.201081,-0.043478,,,,,0.097168,0.479203,1.000701,0.750584,0.750584,,0.102913,,,,,,0.174502,,
193004,24.90,0.9733,1.3970,-0.013938,-0.015867,0.0460,0.0570,0.0338,-0.0016,0.0084,0.0300,0.002100,0.039088,0.038715,0.056104,0.696707,0.326971,0.003800,0.011000,0.010000,0.005917,,0.129682,0.001934,,,,,,,,,-1.684458,,,0.188353,0.000000,,,,,0.046171,0.446458,1.044021,0.732560,0.732560,,0.098745,,,,,,0.191400,,
193005,24.49,0.9742,1.3430,-0.011148,-0.015304,0.0460,0.0572,0.0329,0.0139,0.0057,0.0241,0.002600,0.039780,0.039124,0.054839,0.725391,0.331916,0.008800,0.011200,-0.008200,-0.005882,,0.124928,0.004693,,,,,,,,,-1.605631,,,0.167542,-0.136364,,,,,0.000392,0.436040,1.028052,0.721647,0.721647,,0.093748,,,,,,0.257113,,
193006,20.46,0.9750,1.2900,-0.155715,-0.159182,0.0457,0.0578,0.0328,0.0051,0.0110,0.0189,0.002700,0.047654,0.039812,0.063050,0.755814,0.403375,0.013900,0.012100,0.005900,-0.005917,,0.131003,0.014448,,,,,,,,,-1.711769,,,0.134101,-0.052632,,,,,0.071457,0.436084,0.138062,0.593803,0.593803,,0.058668,,,,,,0.424452,,
193007,21.21,0.9758,1.2370,0.038713,0.036395,0.0452,0.0577,0.0327,0.0034,0.0056,0.0183,0.002000,0.046007,0.047693,0.058322,0.788844,0.390188,0.014400,0.012500,0.002200,-0.011905,,0.140552,0.004920,,,,,,,,,-1.475764,,,0.082579,-0.062222,,,,,-0.030403,0.457374,0.154180,0.613873,0.613873,,0.054982,,,,,,0.468973,,
193008,21.37,0.9767,1.1830,0.011266,0.006691,0.0447,0.0573,0.0328,0.0013,0.0136,0.0153,0.000900,0.045704,0.046049,0.055358,0.825613,0.379752,0.017500,0.012600,0.012300,-0.006024,,0.121496,0.004050,,,,,,,,,-1.342286,,,0.055806,0.001422,,,,,-0.040843,0.496897,0.161070,0.630742,0.630742,,0.062148,,,,,,0.494542,,
193009,18.59,0.9775,1.1300,-0.123549,-0.127635,0.0442,0.0565,0.0324,0.0074,0.0108,0.0177,0.002200,0.052582,0.045742,0.060785,0.865044,0.445583,0.014700,0.012300,0.003400,0.006061,,0.127202,0.003738,,,,,,,,,-1.443249,,,0.033074,0.088500,,,,,-0.049019,0.493048,0.128492,0.580684,0.537555,,0.081285,,,,,,0.404199,,
193010,16.94,0.9783,1.0770,-0.083680,-0.086394,0.0442,0.0594,0.0324,0.0035,0.0054,0.0174,0.000900,0.057751,0.052625,0.063577,0.908357,0.497955,0.015000,0.015200,0.001900,-0.006024,,0.129491,0.012877,,,,,,,,,-1.563700,,,0.000751,-0.016087,,,,,0.012905,0.488467,0.234705,0.623491,0.481019,,0.091298,,,,,,0.455905,,
193011,16.57,0.9792,1.0230,-0.019736,-0.024113,0.0447,0.0625,0.0322,0.0042,-0.0012,0.0140,0.001300,0.059095,0.057804,0.061738,0.957185,0.504671,0.018200,0.017800,-0.005400,-0.006061,,0.137753,0.007160,,,,,,,,,-1.547388,,,-0.027561,-0.149359,,,,,0.001334,0.461229,0.311585,0.615194,0.474618,,0.088035,,,,,,0.459714,,
193012,15.34,0.9800,0.9700,-0.071479,-0.077707,0.0452,0.0671,0.0330,-0.0070,-0.0090,0.0148,0.001400,0.063885,0.059143,0.063233,1.010309,0.554745,0.018200,0.021900,-0.002000,-0.018293,,0.113887,0.008166,,,,,,,,,-1.525002,,,-0.056455,-0.038961,,,,,0.115588,0.514749,0.297840,0.559663,0.431776,,0.075363,,,,,,0.468641,,
193101,16.09,0.9667,0.9400,0.059527,0.056729,0.0442,0.0641,0.0343,-0.0121,0.0203,0.0124,0.001500,0.060081,0.063018,0.058421,1.028404,0.539152,0.021900,0.019900,0.032400,-0.012422,,0.089721,0.005224,,,,,,,,,-1.442402,,,-0.066121,0.000000,,,,,0.039935,0.537170,0.145252,0.575849,0.444264,,0.080285,,,,,,0.448184,,
193102,17.93,0.9533,0.9100,0.110943,0.105279,0.0443,0.0638,0.0338,0.0085,0.0068,0.0106,0.000400,0.053168,0.059248,0.050753,1.047582,0.479668,0.023200,0.019500,-0.001700,-0.012579,,0.082542,0.002885,,,,,,,,,-1.475923,,,-0.066012,0.000000,,,,,0.011721,0.476037,0.062652,0.647261,0.499357,,0.097588,,,,,,0.424068,,
193103,16.69,0.9400,0.8800,-0.068939,-0.073451,0.0439,0.0644,0.0332,0.0104,0.0094,0.0138,0.001300,0.056321,0.052426,0.052726,1.068182,0.529125,0.019400,0.020500,-0.001000,-0.006369,,0.073979,0.004169,,,,,,,,,-1.464292,,,-0.051445,0.000000,,,,,0.029927,0.472896,0.007274,0.586119,0.452187,,0.099133,,,,,,0.377108,,
193104,15.09,0.9267,0.8500,-0.092955,-0.095460,0.0440,0.0672,0.0327,0.0086,0.0067,0.0149,0.000800,0.061412,0.055524,0.056329,1.090235,0.603214,0.017800,0.023200,-0.001900,-0.006410,,0.077780,0.006709,,,,,,,,,-1.432723,,,-0.051445,-0.013514,,,,,0.111902,0.475799,0.045042,0.541453,0.396647,,0.088041,,,,,,0.380789,,
193105,13.02,0.9133,0.8200,-0.137674,-0.143020,0.0437,0.0715,0.0317,0.0145,0.0134,0.0088,0.000900,0.070146,0.060524,0.062980,1.113780,0.709949,0.022900,0.027800,-0.001100,-0.012903,,0.071380,0.006911,,,,,,,,,-1.361418,,,-0.070602,-0.041096,,,,,-0.041763,0.491113,-0.005187,0.467008,0.337015,,0.081196,,,,,,0.366605,,
193106,14.83,0.9000,0.7900,0.146492,0.139763,0.0436,0.0736,0.0319,0.0004,0.0052,0.0055,0.000800,0.060688,0.069124,0.053270,1.139241,0.607271,0.026400,0.030000,0.004800,-0.013072,,0.063757,0.023333,,,,,,,,,-1.445040,,,-0.099808,-0.114286,,,,,0.079925,0.444829,-0.437711,0.612754,0.393997,,0.087503,,,,,,0.482742,,
193107,13.73,0.8867,0.7600,-0.075465,-0.078570,0.0436,0.0708,0.0325,-0.0042,0.0052,0.0041,0.000600,0.064581,0.059791,0.055353,1.166711,0.673610,0.028400,0.027200,0.009400,0.000000,,0.034006,0.007039,,,,,,,,,-1.229372,,,-0.119531,-0.104516,,,,,-0.033453,0.482733,-0.369180,0.552409,0.355196,,0.089262,,,,,,0.493217,,
193108,13.86,0.8733,0.7300,0.007779,0.002304,0.0440,0.0747,0.0326,0.0012,0.0012,0.0042,0.000300,0.063009,0.063605,0.052670,1.196301,0.654185,0.028400,0.030700,0.000000,0.000000,,0.020157,0.004542,,,,,,,,,-1.131502,,,-0.160095,0.242795,,,,,0.003265,0.531244,-0.537877,0.568811,0.365742,,0.081499,,,,,,0.516580,,
193109,9.71,0.8600,0.7000,-0.287461,-0.291524,0.0455,0.0807,0.0353,-0.0281,-0.0014,0.0045,0.000300,0.088568,0.062049,0.072091,1.228571,0.944002,0.030800,0.035200,0.026700,-0.006623,,0.030370,0.023459,,,,,,,,,-1.430885,,,-0.212864,0.095652,,,,,0.026191,0.479262,-0.327471,0.451069,0.253456,,0.070779,,,,,,0.488887,,
193110,10.53,0.8467,0.6700,0.076738,0.072834,0.0499,0.0904,0.0385,-0.0330,-0.0363,0.0170,0.001000,0.080408,0.087199,0.063628,1.263731,0.877176,0.021500,0.040500,-0.003300,-0.006667,,0.011269,0.042502,,,,,,,,,-1.402225,,,-0.256614,0.031746,,,,,0.172520,0.445670,-0.514111,0.534935,0.272765,,0.092348,,,,,,0.593074,,
193111,9.50,0.8333,0.6400,-0.100909,-0.109396,0.0494,0.0893,0.0385,0.0027,-0.0189,0.0177,0.001700,0.087716,0.079136,0.067368,1.302031,0.971556,0.020800,0.039900,-0.021600,-0.013423,,0.003396,0.011435,,,,,,,,,-1.327151,,,-0.272772,0.000000,,,,,0.099152,0.442267,-0.547320,0.482970,0.246268,,0.103727,,,,,,0.589925,,
193112,8.12,0.8200,0.6100,-0.137557,-0.145471,0.0532,0.1042,0.0407,-0.0220,-0.0286,0.0241,0.001200,0.100985,0.086316,0.075123,1.344262,1.170732,0.016600,0.051000,-0.006600,-0.006803,,-0.012921,0.021195,,,,,,,,,-1.326126,,,-0.283268,-0.030769,,,,,0.165739,0.494004,-0.543883,0.400803,0.204371,,0.110200,,,,,,0.578416,,
193201,7.89,0.7933,0.5933,-0.018803,-0.021067,0.0520,0.0913,0.0390,0.0034,-0.0052,0.0248,0.002300,0.100545,0.097697,0.075196,1.337098,1.191378,0.014200,0.039300,-0.008600,-0.020548,,-0.011577,0.017377,,,,,,,,,-1.240296,,,-0.317343,-0.047619,,,,,0.100861,0.505711,-0.397265,0.393857,0.200829,,0.112456,,,,,,0.511668,,
193202,8.29,0.7667,0.5767,0.053581,0.045233,0.0523,0.0887,0.0367,0.0413,-0.0238,0.0242,0.002300,0.092485,0.097174,0.069566,1.329461,1.119843,0.012500,0.036400,-0.065100,-0.013986,,-0.015728,0.026715,,,,,,,,,-1.125283,,,-0.346168,0.000000,,,,,0.180483,0.482357,-0.402140,0.433838,0.213658,,0.110495,,,,,,0.547174,,
193203,7.31,0.7400,0.5600,-0.118907,-0.125245,0.0498,0.0883,0.0370,-0.0018,0.0356,0.0225,0.001600,0.101231,0.089264,0.076607,1.321429,1.185862,0.014500,0.038500,0.037400,-0.007092,,-0.008416,0.013409,,,,,,,,,-1.100264,,,-0.363152,-0.006667,,,,,-0.021006,0.508089,-0.535458,0.428363,0.192250,,0.121386,,,,,,0.541423,,
193204,5.83,0.7133,0.5433,-0.205295,-0.207637,0.0517,0.1046,0.0336,0.0604,-0.0176,0.0111,0.001100,0.122350,0.097579,0.093190,1.312903,1.553728,0.022500,0.052900,-0.078000,-0.007143,,-0.015475,0.019851,,,,,,,,,-1.103047,,,-0.438189,0.017897,,,,,-0.012696,0.468672,-0.651573,0.360234,0.146732,,0.102696,,,,,,0.483092,,
193205,4.47,0.6867,0.5267,-0.232123,-0.240123,0.0536,0.1100,0.0349,-0.0188,0.0107,0.0031,0.000600,0.153624,0.117787,0.117830,1.303778,1.942333,0.031800,0.056400,0.029500,-0.014388,,-0.034051,0.023184,,,,,,,,,-1.022224,,,-0.476596,0.082418,,,,,-0.013342,0.449491,-0.796655,0.288162,0.117375,,0.107582,,,,,,0.421252,,
193206,4.43,0.6600,0.5100,0.002768,-0.006507,0.0541,0.1100,0.0347,0.0065,-0.0009,0.0034,0.000200,0.148984,0.147651,0.115124,1.294118,2.028478,0.031300,0.055900,-0.007400,-0.007299,,-0.040688,0.034303,,,,,,,,,-0.961698,,,-0.516147,0.000000,,,,,0.084409,0.476742,0.344717,0.275924,0.112391,,0.118278,,,,,,0.452175,,
193207,6.10,0.6333,0.4933,0.391838,0.390006,0.0526,0.1079,0.0320,0.0481,0.0043,0.0022,0.000200,0.103820,0.142957,0.080869,1.283803,1.612544,0.029800,0.055300,-0.043800,0.000000,,-0.029176,0.020111,,,,,,,,,-0.971120,,,-0.549633,0.000000,,,,,0.031021,0.443367,0.209384,0.373847,0.141380,,0.182906,,,,,,0.466758,,
193208,8.39,0.6067,0.4767,0.401979,0.394164,0.0491,0.0822,0.0321,0.0003,0.0436,0.0014,0.000300,0.072312,0.099459,0.056818,1.272708,1.187808,0.030700,0.033100,0.043300,-0.007353,,-0.015064,0.040019,,,,,,,,,-1.452180,,,-0.525564,-0.009137,,,,,0.016117,0.432842,0.118577,0.522087,0.191935,,0.264533,,,,,,0.466672,,
193209,8.08,0.5800,0.4600,-0.029526,-0.034118,0.0470,0.0761,0.0319,0.0057,0.0301,0.0003,0.000300,0.071782,0.069130,0.056931,1.260870,1.214366,0.031600,0.029100,0.024400,-0.007407,,0.000704,0.043299,,,,,,,,,-1.481092,,,-0.468403,-0.063525,,,,,0.093508,0.427708,0.218934,0.612724,0.187738,,0.241334,,,,,,0.516649,,
193210,6.96,0.5533,0.4433,-0.142069,-0.143263,0.0464,0.0787,0.0322,-0.0017,0.0074,0.0001,0.000200,0.079497,0.068478,0.063693,1.248139,1.403877,0.032100,0.032300,0.009100,-0.007463,,-0.002874,0.035645,,,,,,,,,-1.163696,,,-0.440297,-0.102845,,,,,0.025721,0.473643,0.372398,0.530011,0.162395,,0.178406,,,,,,0.571201,,
193211,6.55,0.5267,0.4267,-0.052228,-0.058702,0.0463,0.0824,0.0322,0.0032,0.0073,0.0001,0.000200,0.080412,0.075675,0.065145,1.234357,1.542147,0.032100,0.036100,0.004100,-0.007519,,-0.003322,0.023317,,,,,,,,,-1.137105,,,-0.444991,0.000000,,,,,0.070526,0.484451,0.504784,0.600298,0.147834,,0.085078,,,,,,0.598665,,
193212,6.89,0.5000,0.4100,0.061569,0.053749,0.0459,0.0842,0.0315,0.0131,0.0139,0.0004,0.000100,0.072569,0.076336,0.059507,1.219512,1.442084,0.031100,0.038300,0.000800,-0.007576,,-0.005032,0.010223,,,,,,,,,-1.114328,,,-0.469231,0.000000,,,,,0.074596,0.544875,0.546417,0.678756,0.158092,,0.095901,,,,,,0.560769,,
193301,6.94,0.4950,0.4125,0.013938,0.012575,0.0444,0.0801,0.0308,0.0148,0.0547,0.0007,0.000100,0.071326,0.071843,0.059438,1.200000,1.426929,0.030100,0.035700,0.039900,-0.015267,,-0.006491,0.005917,,,,,,,,,-1.040405,,,-0.493856,-0.060976,,,,,0.107445,0.502760,0.353215,0.685965,0.159771,,0.112513,,,,,,0.483998,,
193302,5.66,0.4900,0.4150,-0.179558,-0.186035,0.0448,0.0837,0.0325,-0.0258,-0.0523,0.0001,-0.000300,0.086572,0.070605,0.073322,1.180723,1.690990,0.032400,0.038900,-0.026500,-0.015504,,-0.005819,0.015667,,,,,,,,,-1.040372,,,-0.491857,-0.097403,,,,,-0.013903,0.486686,0.575342,0.578847,0.134822,,0.118194,,,,,,0.421203,,
193303,5.85,0.4850,0.4175,0.038627,0.032581,0.0468,0.0891,0.0321,0.0097,0.0047,0.0134,0.000400,0.082906,0.085689,0.071368,1.161677,1.476534,0.018700,0.042300,-0.005000,-0.007874,,-0.021885,0.037454,,,,,,,,,-1.152179,,,-0.558399,0.021583,,,,,0.403074,0.461429,0.641495,0.693106,0.145342,,0.128497,,,,,,0.577240,,
193304,8.32,0.4800,0.4200,0.414312,0.412291,0.0478,0.0912,0.0325,-0.0032,-0.0095,0.0045,0.001000,0.057692,0.082051,0.050481,1.142857,1.119015,0.028000,0.043400,-0.006300,0.000000,,-0.006370,0.029151,,,,,,,,,-1.272373,,,-0.494549,0.000000,,,,,0.131710,0.442397,0.773680,0.914550,0.191778,,0.155269,,,,,,0.605808,,
193305,9.64,0.4750,0.4225,0.174816,0.170167,0.0463,0.0774,0.0308,0.0303,0.0588,0.0029,0.000400,0.049274,0.057091,0.043828,1.124260,0.928385,0.027900,0.031100,0.028500,0.000000,,-0.003002,0.011964,,,,,,,,,-1.657956,,,-0.346036,-0.084507,,,,,0.072944,0.457695,0.520002,0.978782,0.231157,,0.265483,,,,,,0.560336,,
193306,10.91,0.4700,0.4250,0.137498,0.133994,0.0446,0.0707,0.0306,0.0050,0.0190,0.0007,0.000200,0.043080,0.048755,0.038955,1.105882,0.833503,0.029900,0.026100,0.014000,0.007937,,0.000760,0.019819,,,,,,,,,-1.857435,,,-0.207970,0.073077,,,,,0.034691,0.413664,0.418896,0.993923,0.257470,,0.278964,,,,,,0.479454,,
193307,9.95,0.4650,0.4275,-0.084736,-0.085471,0.0436,0.0662,0.0309,-0.0017,0.0161,0.0019,0.000200,0.046734,0.042621,0.042965,1.087719,0.901179,0.029000,0.022600,0.017800,0.031496,,0.002713,0.032868,,,,,,,,,-1.945032,,,-0.123166,0.170609,,,,,-0.088748,0.369762,0.371517,0.835281,0.238135,,0.237047,,,,,,0.532721,,
193308,11.09,0.4600,0.4300,0.123272,0.119807,0.0430,0.0677,0.0308,0.0044,0.0093,0.0001,0.000300,0.041479,0.046231,0.038774,1.069767,0.798750,0.030700,0.024700,0.004900,0.007634,,0.002147,0.011879,,,,,,,,,-1.643244,,,-0.169202,0.212492,,,,,0.068530,0.412255,0.331823,0.942394,0.268673,,0.120769,,,,,,0.572765,,
193309,9.83,0.4550,0.4325,-0.118045,-0.121112,0.0436,0.0727,0.0308,0.0023,-0.0014,0.0004,0.000200,0.046287,0.041028,0.043998,1.052023,0.867997,0.030400,0.029100,-0.003700,0.000000,,-0.000459,0.014250,,,,,,,,,-1.580019,,,-0.231858,0.133838,,,,,-0.041518,0.409158,0.381491,0.867213,0.247239,,0.089552,,,,,,0.570215,,
193310,8.96,0.4500,0.4350,-0.090623,-0.091588,0.0434,0.0749,0.0315,-0.0091,0.0040,0.0009,0.000100,0.050223,0.045778,0.048549,1.034483,0.927858,0.030600,0.031500,0.013100,0.000000,,0.003462,0.027676,,,,,,,,,-1.600415,,,-0.287527,0.046771,,,,,-0.002971,0.409275,0.544905,0.811263,0.231288,,0.080993,,,,,,0.557061,,
193311,9.88,0.4450,0.4375,0.108553,0.102069,0.0454,0.0798,0.0327,-0.0149,-0.0248,0.0022,0.000200,0.045040,0.049665,0.044281,1.017143,0.833503,0.030500,0.034400,-0.009900,0.000000,,0.005923,0.009582,,,,,,,,,-1.471513,,,-0.351490,0.008511,,,,,0.093538,0.436853,0.545301,0.903101,0.257470,,0.076324,,,,,,0.553950,,
193312,10.10,0.4400,0.4400,0.026694,0.024430,0.0450,0.0775,0.0336,-0.0113,0.0257,0.0029,0.000200,0.043564,0.044534,0.043564,1.000000,0.829026,0.030700,0.032500,0.037000,0.000000,,0.006195,0.005591,,,,,,,,,-1.502601,,,-0.350599,0.000000,,,,,0.103717,0.440506,0.637936,0.907978,0.258861,,0.074519,,,,,,0.536260,,
193401,11.17,0.4408,0.4442,0.115033,0.113644,0.0435,0.0701,0.0321,0.0257,0.0257,0.0072,0.000500,0.039463,0.043644,0.039767,0.992346,0.762917,0.024900,0.026600,0.000000,0.000000,,0.003558,0.006639,,,,,,,,,-1.570187,,,-0.322641,0.000000,,,,,0.168631,0.400016,0.419020,0.983760,0.281292,,0.111430,,,,,,0.428761,,
193402,10.76,0.4417,0.4483,-0.032840,-0.037272,0.0420,0.0627,0.0317,0.0081,0.0146,0.0062,0.000200,0.041050,0.039543,0.041664,0.985278,0.790644,0.025500,0.020700,0.006500,0.007576,,0.005595,0.005567,,,,,,,,,-1.774772,,,-0.280260,0.000000,,,,,0.030012,0.400370,0.456100,0.934260,0.271427,,0.115033,,,,,,0.418922,,
193403,10.75,0.4425,0.4525,0.005355,0.002464,0.0413,0.0626,0.0307,0.0197,0.0187,0.0024,0.000200,0.041163,0.041125,0.042093,0.977901,0.802512,0.028300,0.021300,-0.001000,0.000000,,0.009606,0.006373,,,,,,,,,-1.570679,,,-0.240006,0.000000,,,,,0.066863,0.450228,0.414274,0.905815,0.263163,,0.098384,,,,,,0.445154,,
193404,10.46,0.4433,0.4567,-0.025490,-0.026944,0.0407,0.0601,0.0300,0.0126,0.0104,0.0015,0.000100,0.042380,0.041237,0.043662,0.970659,0.801075,0.028500,0.019400,-0.002200,0.000000,,0.007829,0.001899,,,,,,,,,-1.533322,,,-0.244634,0.000000,,,,,-0.036868,0.439853,0.426301,0.907441,0.263636,,0.056888,,,,,,0.421809,,
193405,9.61,0.4442,0.4608,-0.078497,-0.082255,0.0401,0.0605,0.0292,0.0131,0.0090,0.0016,0.000100,0.046223,0.042467,0.047950,0.963976,0.856383,0.027600,0.020400,-0.004100,0.000000,,0.007652,0.007363,,,,,,,,,-1.585773,,,-0.229936,0.042194,,,,,0.044968,0.431348,0.479600,0.848835,0.246609,,0.048137,,,,,,0.432401,,
193406,9.81,0.4450,0.4650,0.024080,0.021102,0.0393,0.0606,0.0289,0.0067,0.0158,0.0015,0.000100,0.045362,0.046306,0.047401,0.956989,0.840731,0.027400,0.021300,0.009100,0.007519,,0.005983,0.006895,,,,,,,,,-1.422025,,,-0.253879,0.000000,,,,,0.051090,0.445207,0.658845,0.864638,0.251200,,0.052720,,,,,,0.438062,,
193407,8.68,0.4458,0.4692,-0.119846,-0.121723,0.0389,0.0613,0.0288,0.0040,0.0047,0.0015,0.000100,0.051359,0.045443,0.054055,0.950128,0.914253,0.027300,0.022400,0.000700,0.000000,,0.002908,0.011531,,,,,,,,,-1.413900,,,-0.329216,0.000000,,,,,-0.163003,0.465743,0.713363,0.795106,0.230999,,0.061073,,,,,,0.482214,,
193408,9.15,0.4467,0.4733,0.058650,0.051629,0.0393,0.0649,0.0299,-0.0118,0.0047,0.0019,0.000100,0.048820,0.051463,0.051727,0.943799,0.866896,0.028000,0.025600,0.016500,0.000000,,0.019957,0.006501,,,,,,,,,-1.396874,,,-0.344364,0.000000,,,,,0.061813,0.451435,0.766307,0.838541,0.243618,,0.066652,,,,,,0.493258,,
193409,9.10,0.4475,0.4775,-0.000216,-0.003127,0.0396,0.0657,0.0310,-0.0146,-0.0061,0.0021,0.000100,0.049176,0.048907,0.052473,0.937173,0.870364,0.028900,0.026100,0.008500,0.014925,,0.019439,0.004831,,,,,,,,,-1.300534,,,-0.408935,0.000000,,,,,-0.003333,0.475964,0.748226,0.835200,0.242648,,0.060905,,,,,,0.477435,,
193410,8.81,0.4483,0.4817,-0.032663,-0.033732,0.0390,0.0640,0.0300,0.0182,0.0102,0.0027,0.000100,0.050885,0.049264,0.054677,0.930662,0.862254,0.027300,0.025000,-0.008000,-0.007353,,0.023897,0.004358,,,,,,,,,-1.308526,,,-0.369581,0.000000,,,,,0.023144,0.442312,0.795605,0.843056,0.244930,,0.054992,,,,,,0.393368,,
193411,9.54,0.4492,0.4858,0.086059,0.080682,0.0386,0.0637,0.0299,0.0037,0.0129,0.0025,0.000100,0.047086,0.050988,0.050922,0.924660,0.782009,0.027400,0.025100,0.009200,0.000000,,0.020711,0.002025,,,,,,,,,-1.387092,,,-0.363478,-0.075709,,,,,0.030726,0.485309,0.756154,0.929565,0.270063,,0.066987,,,,,,0.326747,,
193412,9.50,0.4500,0.4900,-0.000681,-0.004415,0.0381,0.0623,0.0293,0.0112,0.0101,0.0023,0.000100,0.047368,0.047170,0.051579,0.918367,0.773741,0.027000,0.024200,-0.001100,-0.007407,,0.020813,0.002609,,,,,,,,,-1.410748,,,-0.306205,-0.109505,,,,,0.108915,0.486257,0.756277,0.939498,0.272949,,0.074748,,,,,,0.293760,,
193501,9.10,0.4500,0.5700,-0.042368,-0.043755,0.0377,0.0598,0.0281,0.0182,0.0211,0.0020,0.000100,0.049451,0.047368,0.062637,0.789474,0.791622,0.026100,0.022100,0.002900,0.014925,,0.020997,0.002214,,,,,,,,,-1.355438,,,-0.233844,0.028037,,,,,-0.018327,0.468653,0.754477,0.918277,0.266784,,0.073699,,,,,,0.284052,,
193502,8.74,0.4500,0.6500,-0.036840,-0.042660,0.0369,0.0595,0.0275,0.0092,0.0141,0.0019,0.000200,0.051487,0.049451,0.074371,0.692308,0.786286,0.025600,0.022600,0.004900,0.007353,,0.014709,0.003280,,,,,,,,,-1.374710,,,-0.220069,0.068421,,,,,0.081965,0.522236,0.880592,0.955305,0.268594,,0.068380,,,,,,0.321169,,
193503,8.47,0.4500,0.7300,-0.031454,-0.035324,0.0367,0.0620,0.0274,0.0041,0.0043,0.0015,0.000100,0.053129,0.051487,0.086187,0.616438,0.800754,0.025900,0.025300,0.000200,0.000000,,0.012046,0.003973,,,,,,,,,-1.328366,,,-0.229222,0.016570,,,,,0.007326,0.507198,0.960796,0.940375,0.264396,,0.071712,,,,,,0.312620,,
193504,9.28,0.4467,0.7567,0.096493,0.095347,0.0366,0.0613,0.0269,0.0079,0.0112,0.0015,0.000100,0.048132,0.052735,0.081537,0.590309,0.737323,0.025400,0.024700,0.003300,0.007299,,0.019094,0.003162,,,,,,,,,-1.361729,,,-0.252235,0.000000,,,,,0.052603,0.498310,0.946281,0.990767,0.287142,,0.082167,,,,,,0.312996,,
193505,9.58,0.4433,0.7833,0.038135,0.033059,0.0365,0.0594,0.0276,-0.0057,0.0042,0.0015,0.000100,0.046277,0.047773,0.081768,0.565957,0.729393,0.026100,0.022900,0.009900,0.000000,,0.019298,0.002878,,,,,,,,,-1.399396,,,-0.256813,-0.022026,,,,,-0.023051,0.477675,0.865377,0.947179,0.290264,,0.079439,,,,,,0.292896,,
193506,10.23,0.4400,0.8100,0.070533,0.067124,0.0361,0.0577,0.0270,0.0092,0.0112,0.0015,0.000100,0.043011,0.045929,0.079179,0.543210,0.681818,0.025500,0.021600,0.002000,-0.007246,,0.019344,0.002810,,,,,,,,,-1.333162,,,-0.247526,-0.022523,,,,,0.070511,0.535558,0.516248,0.986005,0.310518,,0.089228,,,,,,0.289809,,
193507,11.08,0.4400,0.7933,0.083814,0.082471,0.0356,0.0567,0.0268,0.0046,0.0111,0.0015,0.000100,0.039711,0.043011,0.071600,0.554622,0.639309,0.025300,0.021100,0.006500,0.000000,,0.017410,0.001680,,,,,,,,,-1.333203,,,-0.252096,-0.096774,,,,,0.021875,0.481648,0.373094,0.997393,0.331165,,0.087097,,,,,,0.268296,,
193508,11.32,0.4400,0.7767,0.026569,0.022105,0.0360,0.0558,0.0281,-0.0133,-0.0042,0.0016,0.000100,0.038869,0.039711,0.068610,0.566523,0.633687,0.026500,0.019800,0.009100,0.000000,,0.004982,0.003775,,,,,,,,,-1.479736,,,-0.220625,-0.020408,,,,,0.010579,0.457247,0.388819,0.987286,0.334103,,0.097932,,,,,,0.256889,,
193509,11.59,0.4400,0.7600,0.025526,0.022175,0.0359,0.0553,0.0282,0.0009,0.0000,0.0020,0.000100,0.037964,0.038869,0.065574,0.578947,0.611734,0.026200,0.019400,-0.000900,0.000000,,0.008027,0.002429,,,,,,,,,-1.466280,,,-0.198979,0.019792,,,,,-0.006214,0.484471,0.346310,0.983670,0.346092,,0.092136,,,,,,0.233912,,
193510,12.46,0.4500,0.7600,0.071803,0.070634,0.0352,0.0554,0.0279,0.0061,0.0042,0.0020,0.000100,0.036116,0.038827,0.060995,0.592105,0.577501,0.025900,0.020200,-0.001900,0.000000,,0.002951,0.003259,,,,,,,,,-1.514939,,,-0.173809,0.021450,,,,,-0.012244,0.475674,0.388892,0.992613,0.366608,,0.088690,,,,,,0.267048,,
193511,12.95,0.4600,0.7600,0.051943,0.045620,0.0347,0.0543,0.0280,0.0010,0.0069,0.0016,0.000200,0.035521,0.036918,0.058687,0.605263,0.566952,0.026400,0.019600,0.005900,0.007299,,0.002219,0.003150,,,,,,,,,-1.654548,,,-0.157665,0.079000,,,,,0.059197,0.484689,0.328674,0.958906,0.373429,,0.100969,,,,,,0.276866,,
193512,13.43,0.4700,0.7600,0.039887,0.036744,0.0344,0.0530,0.0276,0.0070,0.0083,0.0015,0.000100,0.034996,0.036293,0.056590,0.618421,0.559911,0.026100,0.018600,0.001300,0.000000,,0.008689,0.002897,,,,,,,,,-1.633366,,,-0.149992,0.051900,,,,,0.114061,0.465332,0.470526,0.970965,0.378125,,0.100027,,,,,,0.278523,,
193601,14.31,0.4800,0.7700,0.071832,0.070187,0.0337,0.0500,0.0285,0.0055,0.0082,0.0020,0.000100,0.033543,0.035741,0.053809,0.623377,0.539835,0.026500,0.016300,0.002700,0.000000,,0.008908,0.001867,,,,,,,,,-1.699931,,,-0.170863,0.016740,,,,,0.111060,0.409678,0.364837,1.000000,0.392187,,0.123818,,,,,,0.246631,,
193602,14.55,0.4900,0.7800,0.022461,0.018857,0.0332,0.0480,0.0281,0.0081,0.0054,0.0020,0.000100,0.033677,0.034242,0.053608,0.628205,0.529076,0.026100,0.014800,-0.002700,0.000000,,0.013760,0.002223,,,,,,,,,-1.634707,,,-0.200412,0.048527,,,,,0.037828,0.400242,0.445581,0.987697,0.400163,,0.102795,,,,,,0.232917,,
193603,14.92,0.5000,0.7900,0.024029,0.021457,0.0329,0.0486,0.0275,0.0106,0.0082,0.0020,0.000200,0.033512,0.034364,0.052949,0.632911,0.527696,0.025500,0.015700,-0.002400,-0.007246,,0.013456,0.005004,,,,,,,,,-1.720556,,,-0.192369,0.000000,,,,,-0.003554,0.407875,0.340716,0.984819,0.410158,,0.105286,,,,,,0.279892,,
193604,13.77,0.5167,0.8200,-0.077588,-0.078356,0.0329,0.0491,0.0274,0.0035,0.0026,0.0020,0.000200,0.037521,0.034629,0.059550,0.630082,0.566349,0.025400,0.016200,-0.000900,0.000000,,0.019253,0.005761,,,,,,,,,-1.704985,,,-0.136281,0.000000,,,,,-0.091401,0.452990,0.344364,0.899253,0.382165,,0.082953,,,,,,0.359548,,
193605,14.40,0.5333,0.8500,0.053106,0.046971,0.0327,0.0494,0.0273,0.0040,0.0040,0.0020,0.000200,0.037037,0.038732,0.059028,0.627451,0.540487,0.025300,0.016700,0.000000,0.000000,,0.018628,0.002908,,,,,,,,,-1.566003,,,-0.121384,0.000000,,,,,0.005031,0.465336,0.365021,0.942280,0.400451,,0.075272,,,,,,0.388343,,
193606,14.84,0.5500,0.8800,0.032542,0.029509,0.0324,0.0490,0.0273,0.0021,0.0082,0.0020,0.000300,0.037062,0.038194,0.059299,0.625000,0.523178,0.025300,0.016600,0.006100,0.007299,,0.020813,0.001568,,,,,,,,,-1.490711,,,-0.106868,0.000000,,,,,0.028208,0.444361,1.077996,0.973455,0.413700,,0.065554,,,,,,0.361517,,
193607,15.85,0.5700,0.9000,0.073442,0.072356,0.0323,0.0484,0.0271,0.0060,0.0011,0.0015,0.000100,0.035962,0.038410,0.056782,0.633333,0.500425,0.025600,0.016100,-0.004900,0.007246,,0.021747,0.001569,,,,,,,,,-1.546301,,,-0.092704,0.012397,,,,,0.041979,0.435146,1.002131,0.987127,0.432510,,0.062257,,,,,,0.256740,,
193608,15.99,0.5900,0.9200,0.014124,0.008930,0.0321,0.0474,0.0264,0.0111,0.0067,0.0020,0.000200,0.036898,0.037224,0.057536,0.641304,0.496121,0.024400,0.015300,-0.004400,0.007194,,0.019666,0.002620,,,,,,,,,-1.552759,,,-0.082518,0.000000,,,,,-0.008054,0.456975,1.005459,0.983673,0.436262,,0.056532,,,,,,0.235214,,
193609,16.01,0.6100,0.9400,0.004817,0.001617,0.0318,0.0462,0.0268,-0.0031,0.0067,0.0016,0.000100,0.038101,0.038149,0.058713,0.648936,0.491598,0.025200,0.014400,0.009800,0.000000,,0.021398,0.001184,,,,,,,,,-1.523651,,,-0.068940,0.000000,,,,,0.009243,0.406883,0.989819,0.989797,0.440276,,0.052486,,,,,,0.242092,,
193610,17.21,0.6467,0.9667,0.076281,0.075272,0.0318,0.0454,0.0269,0.0006,0.0025,0.0013,0.000200,0.037575,0.040391,0.056169,0.668966,0.465707,0.025600,0.013600,0.001900,0.000000,,0.021804,0.002224,,,,,,,,,-1.618207,,,-0.059218,0.000000,,,,,0.023378,0.439889,0.994611,0.998478,0.464753,,0.050877,,,,,,0.278709,,
193611,17.28,0.6833,0.9933,0.010666,-0.000321,0.0315,0.0452,0.0257,0.0205,0.0109,0.0011,0.000100,0.039545,0.039706,0.057485,0.687919,0.450278,0.024600,0.013700,-0.009600,0.000000,,0.022841,0.002830,,,,,,,,,-1.823100,,,-0.035851,0.000000,,,,,0.033977,0.420037,0.926900,0.990914,0.480678,,0.070711,,,,,,0.286789,,
193612,17.18,0.7200,1.0200,-0.003830,-0.007289,0.0310,0.0453,0.0255,0.0038,0.0010,0.0012,0.000000,0.041909,0.041667,0.059371,0.705882,0.458588,0.024300,0.014300,-0.002800,0.000000,,0.025225,0.001498,,,,,,,,,-1.728128,,,-0.009888,0.009796,,,,,0.078531,0.402229,0.983791,0.972958,0.471968,,0.076058,,,,,,0.289063,,
193701,17.83,0.7300,1.0500,0.036648,0.035916,0.0310,0.0449,0.0258,-0.0013,0.0024,0.0017,0.000100,0.040942,0.042491,0.058890,0.695238,0.446574,0.024100,0.013900,0.003700,0.007143,,0.025003,0.001573,,,,,,,,,-1.746168,,,-0.017736,0.038804,,,,,0.071874,0.387611,0.961672,0.988443,0.484666,,0.078807,,,,,,0.259813,,
193702,18.09,0.7400,1.0800,0.018483,0.015350,0.0322,0.0453,0.0253,0.0086,-0.0046,0.0015,0.000200,0.040907,0.041503,0.059701,0.685185,0.440776,0.023800,0.013100,-0.013200,0.000000,,0.025208,0.001307,,,,,,,,,-1.692949,,,-0.008943,0.000000,,,,,0.041962,0.388367,0.900032,0.983604,0.491041,,0.078031,,,,,,0.210991,,
193703,17.92,0.7500,1.1100,-0.003511,-0.006242,0.0332,0.0468,0.0285,-0.0411,-0.0114,0.0038,0.000100,0.041853,0.041459,0.061942,0.675676,0.458666,0.024700,0.013600,0.029700,0.007092,,0.033507,0.003114,,,,,,,,,-1.702380,,,0.009406,0.038911,,,,,0.039452,0.375507,0.866020,0.958899,0.489047,,0.083111,,,,,,0.221638,,
193704,16.43,0.7800,1.1300,-0.080646,-0.081490,0.0342,0.0484,0.0284,0.0039,0.0068,0.0056,0.000300,0.047474,0.043527,0.068777,0.690265,0.490618,0.022800,0.014200,0.002900,0.007042,,0.028107,0.005467,,,,,,,,,-1.762285,,,0.004919,0.000000,,,,,0.015049,0.378267,0.849070,0.896451,0.457198,,0.076413,,,,,,0.337260,,
193705,16.26,0.8100,1.1500,-0.005699,-0.011686,0.0333,0.0484,0.0282,0.0053,0.0040,0.0041,0.000600,0.049815,0.049300,0.070726,0.704348,0.489382,0.024100,0.015100,-0.001300,0.006993,,0.028278,0.003593,,,0.0033983845,,,,,,-1.634236,,,0.003664,0.000000,,,,,0.005379,0.458752,0.862763,0.898714,0.458352,,0.056169,,,,,,0.374093,,
193706,15.40,0.8400,1.1700,-0.053803,-0.057853,0.0328,0.0493,0.0285,-0.0018,0.0053,0.0036,0.000300,0.054545,0.051661,0.075974,0.717949,0.504961,0.024900,0.016500,0.007100,0.000000,,0.031266,0.002984,,,0.0042059432,,,,,,-1.557482,,,-0.013771,0.044944,,,,,0.065933,0.442458,0.755314,0.870988,0.444211,,0.047817,,,,,,0.402059,,
193707,16.98,0.8167,1.1867,0.098991,0.098012,0.0325,0.0491,0.0277,0.0138,0.0039,0.0028,0.000300,0.048096,0.053030,0.069886,0.688201,0.464649,0.024900,0.016600,-0.009900,0.006944,,0.027225,0.002982,,,0.0036298634,,,,,,-1.570973,,,-0.011748,0.010753,,,,,0.118638,0.455761,0.745524,0.946553,0.482750,,0.045427,,,,,,0.345205,,
193708,16.04,0.7933,1.2033,-0.051183,-0.056291,0.0324,0.0492,0.0286,-0.0104,-0.0017,0.0029,0.000200,0.049460,0.046722,0.075021,0.659281,0.481935,0.025700,0.016800,0.008700,0.000000,,0.031064,0.002141,,,0.0033254414,,,,,,-1.516934,,,-0.022719,0.000000,,,,,0.011127,0.436509,0.775201,0.912603,0.465435,,0.041534,,,,,,0.319245,,
193709,13.76,0.7700,1.2200,-0.139610,-0.143682,0.0328,0.0516,0.0284,0.0045,0.0025,0.0031,0.000400,0.055959,0.048005,0.088663,0.631148,0.553147,0.025300,0.018800,-0.002000,0.006897,,0.035847,0.015821,,,0.0033385337,,,,,,-1.816169,,,-0.060293,-0.078014,,,,,0.000640,0.405372,0.824011,0.795113,0.405515,,0.041231,,,,,,0.461577,,
193710,12.36,0.7800,1.1900,-0.102722,-0.103703,0.0327,0.0552,0.0283,0.0042,0.0067,0.0020,0.000200,0.063107,0.056686,0.096278,0.655462,0.617418,0.026300,0.022500,0.002500,0.000000,,0.040959,0.031722,,,0.0036049556,,,,,,-1.844830,,,-0.141717,-0.071923,,,,,0.095553,0.391722,0.869541,0.712346,0.363302,,0.042068,,,,,,0.544794,,
193711,11.11,0.7900,1.1600,-0.084289,-0.100254,0.0324,0.0582,0.0278,0.0096,0.0067,0.0009,0.000200,0.071107,0.063916,0.104410,0.681034,0.692420,0.026900,0.025800,-0.002900,-0.006849,,0.042031,0.021973,,,0.0027108586,,,,,,-1.758305,,,-0.249528,-0.026109,,,,,0.061485,0.373905,0.907622,0.635185,0.323950,,0.048247,,,,,,0.559765,,
193712,10.55,0.8000,1.1300,-0.045828,-0.053019,0.0321,0.0573,0.0273,0.0082,0.0067,0.0011,0.000000,0.075829,0.072007,0.107109,0.707965,0.707489,0.026200,0.025200,-0.001500,-0.006897,,0.031775,0.006955,,,0.0028331217,,,,,,-1.541381,,,-0.346877,-0.063830,,,,,0.017868,0.451750,0.915140,0.621656,0.317050,,0.054140,,,,,,0.540018,,
193801,10.69,0.7933,1.0767,0.012163,0.011096,0.0317,0.0589,0.0271,0.0057,0.0038,0.0010,0.000000,0.074213,0.075197,0.100717,0.736840,0.701567,0.026100,0.027200,-0.001900,-0.013889,,0.038802,0.009751,,,0.0027731382,,,,,,-1.573845,,,-0.373696,0.000000,,,,,0.077569,0.442444,0.932651,0.626903,0.319726,,0.057797,,,,,,0.483591,,
193802,11.34,0.7867,1.0233,0.065757,0.061131,0.0320,0.0597,0.0268,0.0052,0.0010,0.0008,0.000000,0.069371,0.073589,0.090241,0.768732,0.659519,0.026000,0.027700,-0.004200,-0.007042,,0.032248,0.007772,,,0.002129031,,,,,,-1.465126,,,-0.387243,0.000000,,,,,-0.047214,0.451725,0.931697,0.666872,0.340111,,0.056171,,,,,,0.432403,,
193803,8.50,0.7800,0.9700,-0.254106,-0.257951,0.0322,0.0630,0.0273,-0.0037,-0.0087,0.0008,-0.000100,0.091765,0.068783,0.114118,0.804124,0.892370,0.026500,0.030800,-0.005000,0.000000,,0.033845,0.015068,,,0.0029648264,,,,,,-1.483415,,,-0.391687,-0.054545,,,,,-0.068066,0.462183,1.054950,0.522605,0.259595,,0.055976,,,,,,0.489205,,
193804,9.70,0.7667,0.9033,0.142667,0.140966,0.0330,0.0647,0.0259,0.0210,0.0138,0.0009,0.000100,0.079038,0.090196,0.093127,0.848709,0.790793,0.025000,0.031700,-0.007200,0.007092,,0.027161,0.018893,,,0.0041609632,,,,,,-1.566716,,,-0.414560,-0.014423,,,,,0.078973,0.421388,1.091370,0.589733,0.292940,,0.059177,,,,,,0.532763,,
193805,9.27,0.7533,0.8367,-0.039973,-0.046036,0.0322,0.0606,0.0257,0.0044,0.0010,0.0005,0.000000,0.081266,0.077663,0.090255,0.900398,0.819566,0.025200,0.028400,-0.003400,-0.007042,,0.029977,0.007651,,,0.0052741344,,,,,,-1.319565,,,-0.442520,0.000000,,,,,0.097808,0.450562,1.070498,0.569029,0.282656,,0.059196,,,,,,0.507467,,
193806,11.56,0.7400,0.7700,0.253519,0.249304,0.0326,0.0625,0.0259,0.0004,0.0095,0.0005,0.000000,0.064014,0.079827,0.066609,0.961039,0.659546,0.025400,0.029900,0.009100,0.000000,,0.016745,0.011809,,,0.0060859031,,,,,,-1.389013,,,-0.437484,-0.091220,,,,,0.104418,0.455371,0.455248,0.707088,0.351234,,0.064456,,,,,,0.491371,,
193807,12.40,0.7133,0.7200,0.074738,0.073872,0.0322,0.0563,0.0257,0.0043,0.0066,0.0007,-0.000100,0.057527,0.061707,0.058065,0.990740,0.625354,0.025000,0.024100,0.002300,0.000000,,0.017056,0.006830,,,0.0056852727,,,,,,-1.627620,,,-0.386841,-0.033816,,,,,0.007431,0.465058,0.346352,0.745748,0.370438,,0.067183,,,,,,0.440348,,
193808,12.06,0.6867,0.6700,-0.025901,-0.029465,0.0318,0.0549,0.0259,0.0000,-0.0019,0.0006,0.000000,0.056938,0.055376,0.055556,1.024876,0.634020,0.025300,0.023100,-0.001900,0.000000,,0.014308,0.005982,,,0.0053420437,,,,,,-1.495499,,,-0.339086,0.000000,,,,,-0.015271,0.497353,0.390303,0.804657,0.365375,,0.068763,,,,,,0.461740,,
193809,12.24,0.6600,0.6200,0.016932,0.013867,0.0321,0.0565,0.0259,0.0022,0.0109,0.0008,0.000200,0.053922,0.054726,0.050654,1.064516,0.624249,0.025100,0.024400,0.008700,0.000000,,0.011896,0.017047,,,0.0061280147,,,,,,-1.676995,,,-0.314276,-0.066667,,,,,0.072000,0.433660,0.428077,0.919163,0.371094,,0.053977,,,,,,0.512150,,
193810,13.17,0.6100,0.6267,0.078960,0.078200,0.0315,0.0536,0.0254,0.0087,0.0080,0.0005,0.000100,0.046317,0.049837,0.047583,0.973404,0.581955,0.024900,0.022100,-0.000700,-0.007092,,0.007933,0.004404,,,0.0056028459,,,,,,-1.580001,,,-0.294297,0.000000,,,,,0.068922,0.468971,0.614251,0.984173,0.398064,,0.057154,,,,,,0.495351,,
193811,12.73,0.5600,0.6333,-0.026207,-0.032784,0.0310,0.0523,0.0257,-0.0022,0.0037,0.0004,-0.000600,0.043991,0.042521,0.049751,0.884211,0.589374,0.025300,0.021300,0.005900,0.000000,,0.008535,0.004644,,,0.0051181861,,,,,,-1.561261,,,-0.259346,0.000000,,,,,0.060109,0.486850,0.617702,0.947748,0.393053,,0.064211,,,,,,0.492698,,
193812,13.21,0.5100,0.6400,0.044810,0.041538,0.0308,0.0527,0.0252,0.0080,0.0122,0.0003,0.000000,0.038607,0.040063,0.048448,0.796875,0.572039,0.024900,0.021900,0.004200,0.000000,,0.005722,0.002291,,,0.0041669638,,,,,,-1.518621,,,-0.252236,0.000000,,,,,0.083094,0.549015,0.665037,0.976468,0.404964,,0.071850,,,,,,0.340443,,
193901,12.30,0.5133,0.6633,-0.070506,-0.071314,0.0301,0.0512,0.0249,0.0059,0.0022,0.0003,-0.000100,0.041734,0.038859,0.053930,0.773869,0.614218,0.024600,0.021100,-0.003700,0.000000,,-0.003601,0.007295,,,0.0043106526,,,,,,-1.557020,,,-0.256641,0.028571,,,,,0.031203,0.496974,0.681624,0.909413,0.377155,,0.057735,,,,,,0.415724,,
193902,12.70,0.5167,0.6867,0.039292,0.034357,0.0300,0.0505,0.0245,0.0080,0.0064,0.0003,0.000100,0.040682,0.042005,0.054068,0.752427,0.599457,0.024200,0.020500,-0.001600,-0.007143,,0.000615,0.003292,,,0.0026295286,,,,,,-1.421020,,,-0.253432,0.087963,,,,,0.020950,0.484169,0.700214,0.931807,0.386442,,0.046991,,,,,,0.411817,,
193903,10.98,0.5200,0.7100,-0.134821,-0.138171,0.0299,0.0489,0.0237,0.0125,0.0022,0.0003,-0.000100,0.047359,0.040945,0.064663,0.732394,0.660649,0.023400,0.019000,-0.010300,0.000000,,-0.001261,0.008539,,,0.002714895,,,,,,-1.507241,,,-0.254053,0.063830,,,,,-0.159019,0.480985,0.731764,0.834008,0.345882,,0.048482,,,,,,0.492236,,
193904,10.92,0.5233,0.7267,-0.006611,-0.007842,0.0302,0.0515,0.0229,0.0118,0.0064,0.0003,0.000000,0.047924,0.047662,0.066545,0.720183,0.678455,0.022600,0.021300,-0.005400,-0.007194,,-0.001883,0.009203,,,0.0041232361,,,,,,-1.492363,,,-0.262223,0.000000,,,,,-0.023056,0.465528,0.723198,0.812120,0.336805,,0.045832,,,,,,0.490557,,
193905,11.60,0.5267,0.7433,0.069557,0.063460,0.0297,0.0507,0.0217,0.0171,0.0049,0.0003,0.000100,0.045402,0.048230,0.064080,0.708521,0.630337,0.021400,0.021000,-0.012200,0.000000,,-0.002354,0.003559,,,0.0036146113,,,,,,-1.326135,,,-0.270418,0.000000,,,,,0.018032,0.511021,0.746633,0.874114,0.362515,,0.046366,,,,,,0.488682,,
193906,10.86,0.5300,0.7600,-0.061810,-0.065748,0.0292,0.0491,0.0221,-0.0027,0.0035,0.0003,0.000100,0.048803,0.045690,0.069982,0.697368,0.666769,0.021800,0.019900,0.006200,0.000000,,-0.000086,0.003202,,,0.004162359,,,,,,-1.288163,,,-0.252242,0.000000,,,,,-0.114012,0.524497,0.479102,0.826354,0.342708,,0.039182,,,,,,0.430385,,
193907,12.04,0.5400,0.7767,0.111310,0.110355,0.0289,0.0484,0.0213,0.0113,-0.0007,0.0004,0.000000,0.044850,0.049724,0.064507,0.695279,0.607985,0.020900,0.019500,-0.012000,0.000000,,-0.001562,0.004305,,,0.0036497651,,,,,,-1.368617,,,-0.227320,0.000000,,,,,0.081848,0.531183,0.460866,0.906250,0.375843,,0.048800,,,,,,0.377448,,
193908,11.18,0.5500,0.7933,-0.067551,-0.073025,0.0293,0.0485,0.0231,-0.0201,-0.0392,0.0005,-0.000100,0.049195,0.045681,0.070960,0.693278,0.648017,0.022600,0.019200,-0.019100,0.000000,,-0.003007,0.007137,,,0.0076878347,,,,,,-1.455782,,,-0.217363,0.000000,,,,,0.013078,0.507584,0.506726,0.850266,0.352625,,0.049212,,,,,,0.435237,,
193909,13.02,0.5600,0.8100,0.181167,0.177572,0.0325,0.0500,0.0278,-0.0545,0.0151,0.0014,0.000100,0.043011,0.050089,0.062212,0.691358,0.580048,0.026400,0.017500,0.069600,0.021739,,-0.002110,0.015684,,,0.0070891874,,,,,,-1.758863,,,-0.162994,0.000000,,,,,0.210741,0.436295,0.429721,0.949899,0.393945,,0.125668,,,,,,0.418837,,
193910,12.83,0.5800,0.8400,-0.016887,-0.017640,0.0315,0.0488,0.0247,0.0410,0.0237,0.0005,0.000000,0.045207,0.044547,0.065472,0.690476,0.573479,0.024200,0.017300,-0.017300,-0.007092,,-0.001853,0.001847,,,0.0065611953,,,,,,-1.465410,,,-0.118256,0.100000,,,,,0.093855,0.469394,0.457630,0.960779,0.398457,,0.123170,,,,,,0.400568,,
193911,12.20,0.6000,0.8700,-0.040532,-0.051142,0.0300,0.0485,0.0236,0.0162,0.0079,0.0005,0.000000,0.049180,0.046765,0.071311,0.689655,0.597845,0.023100,0.018500,-0.008300,0.000000,,-0.001699,0.001284,,,0.006625116,,,,,,-1.437132,,,-0.097386,0.090909,,,,,-0.029497,0.517209,0.455084,0.934389,0.382218,,0.127397,,,,,,0.337250,,
193912,12.49,0.6200,0.9000,0.028177,0.023143,0.0294,0.0492,0.0226,0.0145,0.0078,0.0004,0.000000,0.049640,0.050820,0.072058,0.688889,0.580705,0.022200,0.019800,-0.006700,0.000000,,0.002551,0.001073,,,0.0060740339,,,,,,-1.366703,,,-0.101749,0.041667,,,,,0.087127,0.542800,0.354931,0.961968,0.393499,,0.054856,,,,,,0.250358,,
194001,12.05,0.6233,0.9300,-0.035927,-0.036800,0.0288,0.0486,0.0229,-0.0017,0.0049,0.0001,0.000000,0.051729,0.049907,0.077178,0.670251,0.599326,0.022800,0.019800,0.006600,-0.007143,,0.007773,0.001478,,,0.0056097591,,,,,,-1.344470,,,-0.118645,0.100000,,,,,0.029348,0.552019,0.377037,0.932081,0.381273,,0.050204,,,,,,0.248082,,
194002,12.13,0.6267,0.9600,0.013139,0.006917,0.0286,0.0483,0.0228,0.0027,0.0021,0.0002,0.000000,0.051663,0.052006,0.079143,0.652778,0.594377,0.022600,0.019700,-0.000600,0.007194,,0.004840,0.000490,,,0.0054170362,,,,,,-1.305165,,,-0.155057,0.000000,,,,,0.025600,0.537192,0.320499,0.939841,0.384448,,0.049104,,,,,,0.227073,,
194003,12.25,0.6300,0.9900,0.013561,0.010518,0.0284,0.0480,0.0215,0.0177,0.0049,0.0002,0.000000,0.051429,0.051937,0.080816,0.636364,0.647960,0.021300,0.019600,-0.012800,0.000000,,0.005679,0.000709,,,0.0050460313,,,,,,-1.340846,,,-0.182462,0.000000,,,,,0.006602,0.524541,0.282907,0.946254,0.387071,,0.044738,,,,,,0.219875,,
194004,12.19,0.6367,1.0067,-0.004478,-0.006231,0.0282,0.0474,0.0220,-0.0035,-0.0092,0.0002,0.000000,0.052229,0.051973,0.082582,0.632449,0.644075,0.021800,0.019200,-0.005700,0.000000,,0.005849,0.001192,,,0.0028240977,,,,,,-1.420888,,,-0.167014,0.000000,,,,,0.025927,0.494646,0.242923,0.951963,0.389406,,0.054920,,,,,,0.175776,,
194005,9.27,0.6433,1.0233,-0.231480,-0.239765,0.0293,0.0494,0.0246,-0.0299,-0.0021,0.0006,-0.000200,0.069399,0.052775,0.110392,0.628666,0.822578,0.024000,0.020100,0.027800,0.000000,,0.006610,0.018669,,,0.0031368279,,,,,,-1.647899,,,-0.142363,-0.022545,,,,,-0.183037,0.440435,0.344671,0.745382,0.304903,,0.058295,,,,,,0.521611,,
194006,9.98,0.6500,1.0400,0.083035,0.078208,0.0296,0.0511,0.0227,0.0258,0.0121,0.0010,0.000000,0.065130,0.070119,0.104208,0.625000,0.783221,0.021700,0.021500,-0.013700,0.007143,,0.006370,0.009797,,,0.0035129471,,,,,,-1.463186,,,-0.115458,-0.116443,,,,,0.114908,0.451212,0.784013,0.782837,0.320225,,0.060446,,,,,,0.526363,,
194007,10.29,0.6567,1.0533,0.033090,0.031914,0.0288,0.0480,0.0224,0.0052,0.0021,0.0005,0.000100,0.063816,0.065798,0.102364,0.623420,0.757888,0.021900,0.019200,-0.003100,-0.007092,,0.008109,0.001324,,,0.003341704,,,,,,-1.162776,,,-0.107550,-0.115789,,,,,0.155501,0.505458,0.795109,0.809005,0.330928,,0.048536,,,,,,0.521486,,
194008,10.56,0.6633,1.0667,0.035421,0.026631,0.0285,0.0476,0.0223,0.0028,0.0007,0.0004,-0.000100,0.062816,0.064464,0.101010,0.621873,0.741775,0.021900,0.019100,-0.002100,0.000000,,0.009086,0.003561,,,0.0035358124,,,,,,-1.202229,,,-0.105827,-0.047619,,,,,-0.059017,0.511838,0.779044,0.826578,0.338117,,0.040174,,,,,,0.414174,,
194009,10.66,0.6700,1.0800,0.014221,0.010096,0.0282,0.0466,0.0215,0.0110,0.0092,0.0005,0.000000,0.062852,0.063447,0.101313,0.620370,0.720748,0.021000,0.018400,-0.001800,0.000000,,0.009647,0.002944,,,0.0044783699,,,,,,-1.357037,,,-0.089226,-0.075000,,,,,0.030377,0.493183,0.698298,0.853100,0.347981,,0.043971,,,,,,0.333339,,
194010,11.08,0.6700,1.0700,0.041468,0.040180,0.0279,0.0456,0.0214,0.0031,0.0049,0.0002,0.000000,0.060469,0.062852,0.096570,0.626168,0.710200,0.021200,0.017700,0.001800,0.000000,,0.009415,0.001465,,,0.004567586,,,,,,-1.285792,,,-0.078869,0.000000,,,,,0.036441,0.526108,0.821738,0.880955,0.353150,,0.053642,,,,,,0.344875,,
194011,10.61,0.6700,1.0600,-0.029431,-0.042997,0.0275,0.0448,0.0199,0.0205,0.0063,0.0002,0.000000,0.063148,0.060469,0.099906,0.632075,0.735215,0.019700,0.017300,-0.014200,0.000000,,0.010158,0.005914,,,0.0040822286,,,,,,-1.482756,,,-0.060124,0.061081,,,,,0.147042,0.521978,0.841977,0.850982,0.341134,,0.057092,,,,,,0.375289,,
194012,10.58,0.6700,1.0500,0.002927,-0.002490,0.0271,0.0445,0.0194,0.0067,-0.0023,0.0002,0.000000,0.063327,0.063148,0.099244,0.638095,0.729048,0.019200,0.017400,-0.009000,0.007143,,0.012589,0.000508,,,0.0042619728,,,,,,-1.318858,,,-0.030826,0.064697,,,,,0.030473,0.562196,0.911974,0.858181,0.344020,,0.051598,,,,,,0.319078,,
194101,10.07,0.6733,1.0533,-0.045555,-0.046847,0.0275,0.0438,0.0213,-0.0201,0.0006,0.0002,-0.000100,0.066865,0.063642,0.104601,0.639242,0.770160,0.021100,0.016300,0.020700,0.000000,,0.010853,0.001855,,,0.0036273185,,,,,,-1.321593,,,-0.010651,0.046890,,,,,-0.067724,0.575677,0.849972,0.820477,0.325655,,0.043046,,,,,,0.327198,,
194102,9.92,0.6767,1.0567,-0.004729,-0.012570,0.0278,0.0442,0.0213,0.0020,0.0006,0.0004,-0.000100,0.068212,0.067196,0.106519,0.640377,0.783799,0.020900,0.016400,-0.001400,0.000000,,0.010770,0.002752,,,0.0020135897,,,,,,-1.301566,,,0.014182,0.051188,,,,,-0.030099,0.482907,0.820806,0.806200,0.319988,,0.041673,,,,,,0.279810,,
194103,9.96,0.6800,1.0600,0.008872,0.004173,0.0280,0.0438,0.0206,0.0096,-0.0022,0.0011,0.000100,0.068273,0.068548,0.106426,0.641509,0.804270,0.019500,0.015800,-0.011800,0.007092,,0.010061,0.001365,,,0.0018550226,,,,,,-1.206822,,,0.040736,0.000000,,,,,0.067108,0.561695,0.847845,0.811157,0.321956,,0.039443,,,,,,0.301752,,
194104,9.31,0.6833,1.0700,-0.062152,-0.063463,0.0282,0.0433,0.0196,0.0129,0.0078,0.0010,-0.000100,0.073398,0.068608,0.114930,0.638629,0.854250,0.018600,0.015100,-0.005100,0.007042,,0.010482,0.001767,,,0.0015840247,,,,,,-1.257130,,,0.038962,0.008696,,,,,-0.032472,0.541384,0.822120,0.779780,0.303119,,0.040064,,,,,,0.299313,,
194105,9.35,0.6867,1.0800,0.013184,0.002140,0.0281,0.0432,0.0195,0.0027,0.0049,0.0011,0.000000,0.073440,0.073756,0.115508,0.635803,0.849178,0.018400,0.015100,0.002200,0.006993,,0.009924,0.001574,,,0.0023032693,,,,,,-1.175695,,,0.079118,0.050862,,,,,0.035426,0.522781,0.742554,0.843775,0.304930,,0.041008,,,,,,0.228499,,
194106,9.85,0.6900,1.0900,0.058851,0.052486,0.0277,0.0431,0.0191,0.0066,0.0063,0.0012,0.000000,0.070051,0.073797,0.110660,0.633028,0.801527,0.017900,0.015400,-0.000300,0.020833,,0.008968,0.001181,,,0.0022238989,,,,,,-1.213084,,,0.082048,0.066448,,,,,0.053134,0.525807,0.561190,0.893938,0.323058,,0.044050,,,,,,0.237940,,
194107,10.39,0.6933,1.1233,0.057106,0.055619,0.0274,0.0428,0.0191,0.0022,0.0063,0.0012,0.000300,0.066731,0.070389,0.108116,0.617212,0.766364,0.017900,0.015400,0.004100,0.000000,,0.009030,0.001213,,,0.002343917,,,,,,-1.323380,,,0.089675,-0.038462,,,,,0.025403,0.548437,0.520567,0.934955,0.337881,,0.062115,,,,,,0.197561,,
194108,10.30,0.6967,1.1567,-0.001113,-0.009736,0.0274,0.0427,0.0190,0.0018,0.0034,0.0013,0.000100,0.067638,0.067052,0.112298,0.602304,0.774543,0.017700,0.015300,0.001600,0.013605,,0.010725,0.000513,,,0.0020067334,,,,,,-1.216098,,,0.097175,0.000000,,,,,0.010530,0.541454,0.538207,0.925082,0.334313,,0.061577,,,,,,0.183518,,
194109,10.20,0.7000,1.1900,-0.007351,-0.011499,0.0275,0.0430,0.0193,-0.0012,0.0048,0.0010,0.000100,0.068627,0.067961,0.116667,0.588235,0.778268,0.018300,0.015500,0.006000,0.013423,,0.010284,0.000975,,,0.0026685511,,,,,,-1.272233,,,0.092895,0.000000,,,,,0.012397,0.520783,0.517891,0.920653,0.332712,,0.060098,,,,,,0.179972,,
194110,9.50,0.7033,1.1800,-0.064602,-0.065955,0.0273,0.0428,0.0182,0.0140,0.0034,0.0009,0.000000,0.074035,0.068954,0.124211,0.596045,0.837719,0.017300,0.015500,-0.010600,0.013245,,0.011687,0.001310,,,0.001620696,,,,,,-1.285289,,,0.097942,0.000000,,,,,-0.042965,0.519072,0.487875,0.855318,0.309101,,0.045328,,,,,,0.213677,,
194111,9.10,0.7067,1.1700,-0.024916,-0.042107,0.0272,0.0428,0.0186,-0.0029,-0.0094,0.0028,0.000000,0.077656,0.074386,0.128571,0.603989,0.860806,0.015800,0.015600,-0.006500,0.006536,,0.010365,0.001286,,,0.0020676588,,,,,,-1.283935,,,0.098294,0.000000,,,,,-0.031654,0.590929,0.486255,0.858298,0.300811,,0.045265,,,,,,0.235799,,
194112,8.69,0.7100,1.1600,-0.038843,-0.046205,0.0280,0.0438,0.0204,-0.0177,0.0006,0.0033,0.000100,0.081703,0.078022,0.133487,0.612069,0.889510,0.017100,0.015800,0.018300,0.006494,,0.010343,0.006681,,,0.0034469828,,,,,,-1.476002,,,0.110063,0.000000,,,,,0.042130,0.513643,0.483446,0.830601,0.291104,,0.050823,,,,,,0.330717,,
194201,8.81,0.7033,1.1200,0.022276,0.020639,0.0283,0.0429,0.0247,0.0069,0.0006,0.0027,0.000200,0.079833,0.080936,0.127128,0.627976,0.902111,0.022000,0.014600,-0.006300,0.012903,,0.008935,0.002205,,,0.0027011593,,,,,,-1.322858,,,0.126051,0.000000,,,,,0.054544,0.537665,0.441728,0.841227,0.287037,,0.082011,,,,,,0.317002,,
194202,8.59,0.6967,1.0800,-0.017647,-0.024642,0.0285,0.0429,0.0247,0.0011,-0.0008,0.0025,0.000100,0.081102,0.079077,0.125728,0.645062,0.926065,0.022200,0.014400,-0.001900,0.006369,,0.009350,0.001261,,,0.0028994323,,,,,,-1.232923,,,0.139449,0.000000,,,,,-0.008170,0.520782,0.385139,0.819468,0.279613,,0.081705,,,,,,0.323632,,
194203,8.01,0.6900,1.0400,-0.064068,-0.069676,0.0286,0.0430,0.0244,0.0092,0.0063,0.0025,0.000100,0.086142,0.080326,0.129838,0.663462,1.034864,0.021900,0.014400,-0.002900,0.012658,,0.010120,0.003106,,,0.0030109638,,,,,,-1.199325,,,0.146071,0.000000,,,,,0.001972,0.481102,0.352528,0.765262,0.261117,,0.073192,,,,,,0.272973,,
194204,7.66,0.6800,1.0200,-0.037988,-0.040322,0.0283,0.0426,0.0246,-0.0029,0.0006,0.0032,0.000100,0.088773,0.084894,0.133159,0.666667,1.080231,0.021400,0.014300,0.003500,0.006250,,0.011005,0.002441,,,0.0033975063,,,,,,-1.169193,,,0.113280,0.000000,,,,,0.006480,0.493838,0.357431,0.733123,0.250151,,0.046884,,,,,,0.293729,,
194205,8.15,0.6700,1.0000,0.070339,0.060119,0.0285,0.0427,0.0243,0.0075,0.0020,0.0037,0.000300,0.082209,0.087467,0.122699,0.670000,1.021015,0.020600,0.014200,-0.005500,0.012422,,0.010525,0.001592,,,0.0037664529,,,,,,-1.119849,,,0.111254,0.000000,,,,,0.024198,0.510247,0.379620,0.775642,0.264659,,0.051701,,,,,,0.284342,,
194206,8.30,0.6600,0.9800,0.023544,0.016976,0.0285,0.0433,0.0244,0.0003,0.0034,0.0037,0.000200,0.079518,0.080982,0.118072,0.673469,0.996710,0.020700,0.014800,0.003100,0.000000,,0.010198,0.001200,,,0.0032658448,,,,,,-1.120559,,,0.109226,0.000000,,,,,0.034617,0.505691,0.812223,0.794556,0.271113,,0.053079,,,,,,0.251604,,
194207,8.56,0.6467,0.9667,0.036031,0.034314,0.0283,0.0430,0.0244,0.0018,0.0020,0.0038,0.000300,0.075545,0.077912,0.112928,0.668966,0.974272,0.020600,0.014700,0.000200,0.006135,,0.008486,0.002089,,,0.0014150598,,,,,,-1.123480,,,0.129082,0.000000,,,,,0.096381,0.537387,0.858335,0.817507,0.277357,,0.048694,,,,,,0.221826,,
194208,8.62,0.6333,0.9533,0.015346,0.007531,0.0281,0.0428,0.0244,0.0038,0.0035,0.0038,0.000300,0.073473,0.073988,0.110595,0.664336,0.968682,0.020600,0.014700,-0.000300,0.006098,,0.007153,0.000627,,,0.0017870239,,,,,,-1.072405,,,0.154699,0.000000,,,,,-0.000180,0.568266,0.821708,0.822224,0.278957,,0.046339,,,,,,0.225164,,
194209,8.85,0.6200,0.9400,0.032449,0.027671,0.0280,0.0426,0.0244,0.0003,0.0020,0.0038,0.000300,0.070056,0.071926,0.106215,0.659574,0.944001,0.020600,0.014600,0.001700,0.000000,,0.006244,0.000473,,,0.0028007712,,,,,,-1.091871,,,0.173312,0.000000,,,,,0.041316,0.544033,0.847597,0.860150,0.286250,,0.054115,,,,,,0.204771,,
194210,9.42,0.6100,0.9700,0.067867,0.066333,0.0280,0.0424,0.0244,0.0024,0.0006,0.0038,0.000300,0.064756,0.068927,0.102972,0.628866,0.907489,0.020600,0.014400,-0.001800,0.012121,,0.004426,0.001274,,,0.0031066091,,,,,,-1.264237,,,0.201405,0.000000,,,,,0.042362,0.495291,0.812594,0.947017,0.297767,,0.057943,,,,,,0.177875,,
194211,9.29,0.6000,1.0000,-0.004392,-0.016937,0.0279,0.0425,0.0247,-0.0035,0.0006,0.0038,0.000300,0.064586,0.063694,0.107643,0.600000,0.899563,0.020900,0.014600,0.004100,0.005988,,0.005096,0.000992,,,0.0033449369,,,,,,-1.280231,,,0.220762,0.000000,,,,,0.004803,0.507946,0.890942,0.976130,0.300391,,0.070958,,,,,,0.188909,,
194212,9.77,0.5900,1.0300,0.057537,0.050449,0.0281,0.0428,0.0246,0.0049,0.0049,0.0038,0.000300,0.060389,0.063509,0.105425,0.572816,0.862647,0.020800,0.014700,0.000000,0.005952,,0.001812,0.000791,,,0.0051009425,,,,,,-1.242269,,,0.239571,0.000000,,,,,0.073058,0.552711,0.860303,0.998662,0.313246,,0.065027,,,,,,0.187628,,
194301,10.47,0.5900,1.0433,0.072434,0.071062,0.0279,0.0416,0.0245,0.0033,0.0049,0.0038,0.000300,0.056351,0.060389,0.099649,0.565497,0.821306,0.020700,0.013700,0.001600,0.000000,,0.002088,0.000745,,,0.005995311,,,,,,-1.287715,,,0.244801,0.000000,,,,,0.067330,0.501095,0.914813,1.000000,0.329013,,0.075804,,,,,,0.166458,,
194302,11.00,0.5900,1.0567,0.058503,0.052676,0.0277,0.0408,0.0246,-0.0005,0.0006,0.0038,0.000300,0.053636,0.056351,0.096061,0.558358,0.794079,0.020800,0.013100,0.001100,0.000000,,0.002570,0.000820,,,0.0071307633,,,,,,-1.353208,,,0.266557,0.000000,,,,,0.050080,0.464424,0.927678,0.997462,0.340294,,0.075097,,,,,,0.163519,,
194303,11.58,0.5900,1.0700,0.059404,0.055182,0.0276,0.0401,0.0247,0.0009,0.0020,0.0038,0.000300,0.050950,0.053636,0.092401,0.551402,0.783481,0.020900,0.012500,0.001100,0.017751,,0.001892,0.001369,,,0.0073223493,,,,,,-1.461112,,,0.269652,0.000000,,,,,0.088433,0.443081,0.927888,0.998173,0.358292,,0.085798,,,,,,0.221244,,
194304,11.59,0.5900,1.0800,0.003588,0.002332,0.0276,0.0396,0.0246,0.0048,0.0049,0.0038,0.000300,0.050906,0.050950,0.093184,0.546296,0.789784,0.020800,0.012000,0.000100,0.011628,,0.001251,0.002492,,,0.0012927987,,,,,,-1.496678,,,0.278087,0.000000,,,,,-0.098891,0.416489,0.971924,0.989411,0.355432,,0.077770,,,,,,0.298439,,
194305,12.11,0.5900,1.0900,0.052698,0.045651,0.0274,0.0391,0.0244,0.0050,0.0048,0.0038,0.000200,0.048720,0.050906,0.090008,0.541284,0.757898,0.020600,0.011700,-0.000200,0.005747,,0.000946,0.001090,,,0.001819385,,,,,,-1.483380,,,0.281040,0.000000,,,,,0.055312,0.412683,0.921344,1.000000,0.370386,,0.067409,,,,,,0.298226,,
194306,12.35,0.5900,1.1000,0.021689,0.017142,0.0272,0.0388,0.0244,0.0018,0.0048,0.0038,0.000300,0.047773,0.048720,0.089069,0.536364,0.746269,0.020600,0.011600,0.003000,0.000000,,0.001200,0.001069,,,0.0013497331,,,,,,-1.468556,,,0.271485,0.000000,,,,,0.009306,0.412968,0.442109,1.000000,0.376158,,0.054945,,,,,,0.289257,,
194307,11.68,0.5933,1.0933,-0.053092,-0.054238,0.0269,0.0381,0.0245,-0.0001,0.0019,0.0038,0.000300,0.050799,0.048043,0.093607,0.542684,0.779599,0.020700,0.011200,0.002000,-0.005714,,0.017824,0.002433,,,0.001390142,,,,,,-1.496995,,,0.297297,0.000000,,,,,-0.178097,0.417293,0.445665,0.941229,0.360076,,0.044469,,,,,,0.309075,,
194308,11.80,0.5967,1.0867,0.016232,0.010751,0.0269,0.0381,0.0245,0.0021,0.0019,0.0038,0.000300,0.050565,0.051085,0.092091,0.549078,0.783194,0.020700,0.011200,-0.000200,-0.005747,,0.013954,0.001707,,,0.0012769185,,,,,,-1.387154,,,0.313760,0.000000,,,,,0.002407,0.419188,0.487371,0.936909,0.358423,,0.037984,,,,,,0.327709,,
194309,12.08,0.6000,1.0800,0.027498,0.023331,0.0269,0.0383,0.0246,0.0011,0.0005,0.0038,0.000300,0.049669,0.050847,0.089404,0.555556,0.763631,0.020800,0.011400,-0.000600,0.005780,,0.013693,0.000608,,,0.0016281149,,,,,,-1.333326,,,0.334811,0.000000,,,,,0.048810,0.430992,0.482800,0.960911,0.367605,,0.036235,,,,,,0.324419,,
194310,11.92,0.6033,1.0333,-0.011650,-0.012500,0.0270,0.0382,0.0247,0.0005,-0.0009,0.0038,0.000300,0.050615,0.049945,0.086689,0.583873,0.773736,0.020900,0.011200,-0.001400,0.000000,,0.016870,0.000764,,,0.0013963569,,,,,,-1.333784,,,0.345465,0.000000,,,,,-0.032444,0.398290,0.473962,0.948361,0.362804,,0.035195,,,,,,0.254177,,
194311,11.02,0.6067,0.9867,-0.067052,-0.077966,0.0271,0.0383,0.0248,0.0000,-0.0023,0.0038,0.000300,0.055051,0.050895,0.089534,0.614865,0.825808,0.021000,0.011200,-0.002300,0.000000,,0.019081,0.002002,,,0.0018240458,,,,,,-1.468833,,,0.354294,0.000000,,,,,-0.057533,0.399431,0.490170,0.888561,0.339927,,0.038067,,,,,,0.292372,,
194312,11.67,0.6100,0.9400,0.070305,0.065211,0.0274,0.0382,0.0248,0.0018,0.0049,0.0038,0.000300,0.052271,0.055354,0.080548,0.648936,0.787402,0.021000,0.010800,0.003100,0.000000,,0.014423,0.000989,,,0.0019623979,,,,,,-1.402786,,,0.337112,0.000000,,,,,0.104508,0.430068,0.433454,0.931902,0.356508,,0.041025,,,,,,0.306616,,
194401,11.85,0.6133,0.9367,0.018622,0.017310,0.0272,0.0376,0.0248,0.0021,0.0020,0.0038,0.000300,0.051758,0.052556,0.079044,0.654804,0.778748,0.021000,0.010400,-0.000100,0.000000,,0.019253,0.000640,,,0.001496229,,,,,,-1.384799,,,0.344333,0.000000,,,,,0.060952,0.407622,0.601391,0.942258,0.360469,,0.045356,,,,,,0.300183,,
194402,11.82,0.6167,0.9333,0.006479,0.000238,0.0274,0.0372,0.0247,0.0032,0.0034,0.0038,0.000300,0.052171,0.052039,0.078962,0.660715,0.785033,0.020900,0.009800,0.000200,0.000000,,0.019494,0.000643,,,0.0018118196,,,,,,-1.326218,,,0.348222,0.000000,,,,,0.014920,0.431810,0.616179,0.934714,0.357583,,0.043655,,,,,,0.200934,,
194403,12.02,0.6200,0.9300,0.021313,0.017309,0.0274,0.0370,0.0247,0.0021,0.0048,0.0038,0.000200,0.051581,0.052453,0.077371,0.666667,0.813886,0.020900,0.009600,0.002700,0.000000,,0.019145,0.000636,,,0.0015918007,,,,,,-1.385245,,,0.342454,0.000000,,,,,0.015733,0.442507,0.599598,0.952133,0.364247,,0.044707,,,,,,0.197594,,
194404,11.87,0.6233,0.9267,-0.012427,-0.013433,0.0274,0.0368,0.0248,0.0013,0.0034,0.0038,0.000300,0.052513,0.051858,0.078068,0.672661,0.829601,0.021000,0.009400,0.002100,0.005747,,0.020078,0.000764,,,0.002125858,,,,,,-1.328392,,,0.338295,0.000000,,,,,-0.054019,0.447344,0.589313,0.934097,0.357347,,0.036570,,,,,,0.211988,,
194405,12.35,0.6267,0.9233,0.048841,0.040864,0.0273,0.0363,0.0247,0.0028,0.0005,0.0038,0.000300,0.050742,0.052794,0.074764,0.678701,0.794432,0.020900,0.009000,-0.002300,0.000000,,0.018397,0.000412,,,0.0030803806,,,,,,-1.301779,,,0.327689,0.000000,,,,,0.095361,0.419862,0.598359,0.975449,0.373167,,0.034342,,,,,,0.210047,,
194406,12.98,0.6300,0.9200,0.054574,0.049768,0.0273,0.0359,0.0248,0.0008,0.0020,0.0038,0.000300,0.048536,0.051012,0.070878,0.684783,0.761558,0.021000,0.008600,0.001200,0.005714,,0.018202,0.000718,,,0.0027429124,,,,,,-1.438500,,,0.320299,0.000000,,,,,0.076616,0.407847,0.376762,0.998318,0.389275,,0.043015,,,,,,0.195319,,
194407,12.71,0.6333,0.9133,-0.019470,-0.020629,0.0272,0.0357,0.0247,0.0036,0.0034,0.0038,0.000300,0.049830,0.048793,0.071859,0.693431,0.773390,0.020900,0.008500,-0.000200,0.005682,,0.004323,0.000940,,,0.0034641321,,,,,,-1.514356,,,0.314523,0.000000,,,,,-0.004552,0.395986,0.392604,0.970831,0.383320,,0.045185,,,,,,0.198161,,
194408,12.82,0.6367,0.9067,0.014700,0.008208,0.0271,0.0355,0.0247,0.0027,0.0034,0.0038,0.000300,0.049662,0.050092,0.070723,0.702206,0.768760,0.020900,0.008400,0.000700,0.000000,,0.008070,0.000560,,,0.0030166343,,,,,,-1.409041,,,0.323303,0.000000,,,,,0.024656,0.400885,0.360522,0.976678,0.385628,,0.049137,,,,,,0.212466,,
194409,12.78,0.6400,0.9000,-0.000692,-0.003118,0.0272,0.0356,0.0247,0.0014,0.0019,0.0038,0.000200,0.050078,0.049922,0.070423,0.711111,0.772333,0.020900,0.008400,0.000500,0.000000,,0.008963,0.001116,,,0.0029150307,,,,,,-1.448880,,,0.312722,0.000000,,,,,-0.049544,0.383834,0.393362,0.972159,0.383844,,0.035096,,,,,,0.263850,,
194410,12.78,0.6400,0.9100,0.002435,0.001045,0.0272,0.0355,0.0247,0.0012,0.0019,0.0038,0.000300,0.050078,0.050078,0.071205,0.703297,0.771173,0.020900,0.008300,0.000700,0.000000,,0.006510,0.000675,,,0.0030293988,,,,,,-1.359695,,,0.311815,0.000000,,,,,-0.065865,0.382158,0.405482,0.973621,0.384422,,0.030574,,,,,,0.253600,,
194411,12.83,0.6400,0.9200,0.017326,0.005832,0.0272,0.0353,0.0247,0.0024,0.0048,0.0038,0.000300,0.049883,0.050078,0.071707,0.695652,0.766986,0.020900,0.008100,0.002400,0.000000,,0.005783,0.000424,,,0.003448245,,,,,,-1.384125,,,0.299596,0.000000,,,,,0.032962,0.387068,0.378087,0.978937,0.386520,,0.025135,,,,,,0.251893,,
194412,13.28,0.6400,0.9300,0.044778,0.041034,0.0270,0.0349,0.0246,0.0042,0.0149,0.0038,0.000200,0.048193,0.049883,0.070030,0.688172,0.743764,0.020800,0.007900,0.010700,0.005650,,0.019062,0.000872,,,0.0035223172,,,,,,-1.463287,,,0.292219,0.000000,,,,,0.084779,0.355213,0.360322,0.997702,0.398589,,0.031779,,,,,,0.201573,,
194501,13.47,0.6433,0.9400,0.011901,0.010784,0.0269,0.0346,0.0240,0.0127,0.0076,0.0038,0.000300,0.047760,0.048444,0.069785,0.684397,0.735342,0.020200,0.007700,-0.005100,0.000000,,0.016454,0.000924,,,0.0040992035,,,,,,-1.566558,,,0.278273,0.000000,,,,,-0.001006,0.355840,0.134583,0.986012,0.403153,,0.040511,,,,,,0.193886,,
194502,14.30,0.6467,0.9500,0.069472,0.063578,0.0265,0.0341,0.0236,0.0077,0.0046,0.0038,0.000200,0.045221,0.048008,0.066434,0.680702,0.704489,0.019800,0.007600,-0.003100,0.000000,,0.014836,0.000655,,,0.003660855,,,,,,-1.551985,,,0.270861,0.000000,,,,,0.110940,0.347730,0.127591,1.000000,0.420810,,0.044553,,,,,,0.195296,,
194503,13.64,0.6500,0.9600,-0.041685,-0.044990,0.0262,0.0338,0.0236,0.0021,0.0018,0.0038,0.000200,0.047654,0.045455,0.070381,0.677083,0.767883,0.019800,0.007600,-0.000300,0.000000,,0.015963,0.001887,,,0.0040766101,,,,,,-1.640037,,,0.260123,0.000000,,,,,-0.058305,0.329312,0.154786,0.953814,0.404177,,0.039136,,,,,,0.286279,,
194504,14.84,0.6500,0.9733,0.090524,0.089465,0.0261,0.0336,0.0228,0.0160,0.0018,0.0038,0.000300,0.043801,0.047654,0.065588,0.667808,0.715063,0.019000,0.007500,-0.014200,0.000000,,0.015086,0.001398,,,0.0033761763,,,,,,-1.553703,,,0.237570,0.000000,,,,,0.067553,0.356663,0.125385,1.000000,0.434032,,0.037778,,,,,,0.312122,,
194505,15.01,0.6500,0.9867,0.020041,0.011624,0.0262,0.0332,0.0226,0.0056,-0.0011,0.0038,0.000300,0.043304,0.043801,0.065734,0.658784,0.702911,0.018800,0.007000,-0.006700,0.005618,,0.019773,0.000921,,,0.0042020594,,,,,,-1.573554,,,0.206012,0.000000,,,,,0.069174,0.340470,0.120645,0.995387,0.441535,,0.038910,,,,,,0.303653,,
194506,14.96,0.6500,1.0000,0.002380,0.000134,0.0261,0.0329,0.0217,0.0169,0.0032,0.0038,0.000200,0.043449,0.043304,0.066845,0.650000,0.718843,0.017900,0.006800,-0.013700,0.011173,,0.019466,0.000866,,,0.0041469851,,,,,,-1.555911,,,0.179043,0.000000,,,,,-0.046550,0.350969,0.304189,0.973326,0.431750,,0.047419,,,,,,0.226427,,
194507,14.66,0.6533,0.9967,-0.021539,-0.022479,0.0260,0.0326,0.0224,-0.0086,-0.0011,0.0038,0.000300,0.044566,0.043672,0.067985,0.655518,0.726302,0.018600,0.006600,0.007500,0.000000,,0.020437,0.001814,,,0.0037918956,,,,,,-1.632249,,,0.151536,0.000000,,,,,0.027013,0.327889,0.297299,0.963331,0.427316,,0.043392,,,,,,0.267640,,
194508,15.51,0.6567,0.9933,0.059852,0.054027,0.0261,0.0326,0.0223,0.0026,0.0004,0.0038,0.000300,0.042338,0.044793,0.064045,0.661074,0.678754,0.018500,0.006500,-0.002200,0.000000,,0.018945,0.002097,,,0.0036289262,,,,,,-1.700627,,,0.037818,0.000000,,,,,0.062125,0.323839,0.331157,1.000000,0.457250,,0.042966,,,,,,0.313720,,
194509,16.16,0.6600,0.9900,0.046361,0.043999,0.0262,0.0324,0.0221,0.0054,0.0032,0.0038,0.000300,0.040842,0.042553,0.061262,0.666667,0.656821,0.018300,0.006200,-0.002200,0.000000,,0.017607,0.001439,,,0.0036217464,,,,,,-1.579755,,,-0.059960,0.000000,,,,,0.075979,0.321500,0.321318,0.999390,0.472519,,0.039768,,,,,,0.319991,,
194510,16.65,0.6600,0.9800,0.030815,0.029862,0.0262,0.0320,0.0216,0.0104,0.0032,0.0038,0.000300,0.039640,0.040842,0.058859,0.673469,0.633976,0.017800,0.005800,-0.007200,0.000000,,0.018581,0.000981,,,0.0038478623,,,,,,-1.729543,,,-0.105057,0.000000,,,,,0.080305,0.322384,0.307474,0.997541,0.489545,,0.046552,,,,,,0.267536,,
194511,17.19,0.6600,0.9700,0.044950,0.035612,0.0262,0.0315,0.0210,0.0125,0.0032,0.0038,0.000200,0.038394,0.039640,0.056428,0.680412,0.617884,0.017200,0.005300,-0.009300,0.000000,,0.018934,0.001448,,,0.0037386804,,,,,,-1.815064,,,-0.072603,0.000000,,,,,0.074624,0.308796,0.256217,0.996513,0.502296,,0.050255,,,,,,0.241311,,
194512,17.36,0.6600,0.9600,0.011133,0.008805,0.0261,0.0310,0.0199,0.0194,0.0133,0.0038,0.000300,0.038018,0.038394,0.055300,0.687500,0.613239,0.016100,0.004900,-0.006100,0.005525,,0.025525,0.001538,,,0.0043280057,,,,,,-1.838924,,,-0.072214,0.000000,,,,,-0.001591,0.304597,0.305594,0.985139,0.506100,,0.045427,,,,,,0.252549,,
194601,18.57,0.6667,0.9400,0.069504,0.068515,0.0254,0.0301,0.0199,0.0025,0.0128,0.0038,0.000300,0.035900,0.038402,0.050619,0.709220,0.578004,0.016100,0.004700,0.010300,0.000000,,0.027969,0.002645,,,0.0040437412,,,,,,-1.887264,,,-0.133714,0.000000,,,,,0.059832,0.300497,0.217912,0.996689,0.536952,,0.056419,,,,,,0.297024,,
194602,17.28,0.6733,0.9200,-0.065171,-0.069785,0.0248,0.0295,0.0198,0.0032,0.0034,0.0038,0.000300,0.038966,0.036259,0.053241,0.731884,0.622337,0.016000,0.004700,0.000200,-0.005495,,0.031091,0.005942,,,0.0036712804,,,,,,-2.067714,,,-0.188700,0.000000,,,,,-0.040868,0.288350,0.194708,0.920043,0.498701,,0.047577,,,,,,0.443231,,
194603,18.08,0.6800,0.9000,0.049118,0.046147,0.0247,0.0294,0.0198,0.0010,0.0034,0.0038,0.000300,0.037611,0.039352,0.049779,0.755556,0.614853,0.016000,0.004700,0.002400,0.011050,,0.031188,0.001497,,,0.0036328539,,,,,,-1.815662,,,-0.093402,0.000000,,,,,0.042771,0.295729,0.257307,0.965878,0.523546,,0.049810,,,,,,0.437025,,
194604,18.76,0.6800,0.8800,0.035748,0.034706,0.0246,0.0296,0.0207,-0.0135,-0.0043,0.0038,0.000300,0.036247,0.037611,0.046908,0.772727,0.593413,0.016900,0.005000,0.009200,0.005464,,0.031307,0.001078,,,0.0035045733,,,,,,-1.817562,,,-0.115648,0.000000,,,,,0.093673,0.292855,0.284858,0.992607,0.542461,,0.038952,,,,,,0.414658,,
194605,19.18,0.6800,0.8600,0.028785,0.023202,0.0251,0.0302,0.0209,-0.0012,0.0019,0.0038,0.000300,0.035454,0.036247,0.044838,0.790698,0.578010,0.017100,0.005100,0.003100,0.005435,,0.032000,0.001272,,,0.0031524535,,,,,,-1.814263,,,-0.157093,0.000000,,,,,0.075448,0.289255,0.321414,0.998965,0.556917,,0.046239,,,,,,0.227303,,
194606,18.43,0.6800,0.8400,-0.035289,-0.037521,0.0249,0.0303,0.0206,0.0070,0.0019,0.0038,0.000300,0.036896,0.035454,0.045578,0.809524,0.596732,0.016800,0.005400,-0.005100,0.010811,,0.033592,0.001482,,,0.003061925,,,,,,-1.854698,,,-0.101088,0.000000,,,,,0.068717,0.285224,0.290021,0.967624,0.539444,,0.039599,,,,,,0.250228,,
194607,17.96,0.6833,0.8567,-0.027350,-0.028429,0.0248,0.0303,0.0209,-0.0040,-0.0012,0.0038,0.000300,0.038047,0.037077,0.047699,0.797665,0.608752,0.017100,0.005500,0.002800,0.058824,,0.039175,0.001704,,,0.0026143444,,,,,,-1.835771,,,-0.072063,0.000000,,,,,-0.005200,0.324446,0.285348,0.948518,0.528793,,0.035780,,,,,,0.304837,,
194608,16.65,0.6867,0.8733,-0.068855,-0.073365,0.0251,0.0303,0.0217,-0.0111,-0.0088,0.0038,0.000300,0.041241,0.038233,0.052452,0.786260,0.648554,0.017900,0.005200,0.002300,0.020202,,0.043268,0.001980,,,0.0026899157,,,,,,-1.759633,,,-0.039898,0.000000,,,,,-0.115902,0.305622,0.327818,0.890306,0.496340,,0.028639,,,,,,0.328049,,
194609,14.96,0.6900,0.8900,-0.104112,-0.106619,0.0258,0.0310,0.0219,-0.0009,-0.0026,0.0038,0.000300,0.046123,0.041441,0.059492,0.775281,0.711634,0.018100,0.005200,-0.001700,0.009901,,0.049112,0.016025,,,0.0026064326,,,,,,-2.248206,,,-0.025294,0.000000,,,,,-0.077039,0.322513,0.333465,0.811388,0.452344,,0.034213,,,,,,0.537292,,
194610,14.84,0.6967,0.9467,-0.005636,-0.006817,0.0260,0.0315,0.0216,0.0074,0.0020,0.0038,0.000300,0.046945,0.046569,0.063792,0.735916,0.725392,0.017800,0.005500,-0.005400,0.019608,,0.048597,0.006116,,,0.0023753839,,,,,,-1.844889,,,-0.011027,0.000000,,,,,0.134132,0.296694,0.320836,0.796000,0.443765,,0.032710,,,,,,0.540433,,
194611,14.67,0.7033,1.0033,-0.003801,-0.011741,0.0259,0.0317,0.0220,-0.0054,-0.0025,0.0038,0.000300,0.047944,0.047394,0.068393,0.700999,0.722700,0.018200,0.005800,0.002900,0.024038,,0.048072,0.003914,,,0.0020257111,,,,,,-1.820940,,,-0.009034,0.000000,,,,,-0.027635,0.303214,0.348326,0.798965,0.445418,,0.033278,,,,,,0.541556,,
194612,15.30,0.7100,1.0600,0.046818,0.041973,0.0261,0.0317,0.0212,0.0145,0.0113,0.0038,0.000300,0.046405,0.048398,0.069281,0.669811,0.692438,0.017400,0.005600,-0.003200,0.009390,,0.036076,0.002716,,,0.0017810408,,,,,,-1.747633,,,-0.007072,0.000000,,,,,0.100992,0.323211,0.383414,0.833882,0.464884,,0.033554,,,,,,0.414457,,
194701,15.66,0.7133,1.1300,0.022013,0.020953,0.0257,0.0313,0.0214,-0.0006,0.0005,0.0038,0.000300,0.045551,0.046623,0.072158,0.631268,0.680004,0.017600,0.005600,0.001100,0.000000,,0.031538,0.002112,,,0.0013295838,,,,,,-1.691708,,,0.000781,0.000000,,,,,-0.017667,0.312927,0.374858,0.849129,0.473385,,0.032541,,,,,,0.351642,,
194702,15.43,0.7167,1.2000,-0.008307,-0.015166,0.0255,0.0312,0.0214,0.0021,0.0005,0.0038,0.000300,0.046446,0.045764,0.077771,0.597223,0.685858,0.017600,0.005700,-0.001600,0.000000,,0.030103,0.001364,,,0.001159422,,,,,,-1.685659,,,0.002644,0.000000,,,,,0.027210,0.311500,0.379750,0.841882,0.469344,,0.029783,,,,,,0.301130,,
194703,15.17,0.7200,1.2700,-0.015008,-0.017731,0.0255,0.0315,0.0213,0.0020,0.0067,0.0038,0.000300,0.047462,0.046662,0.083718,0.566929,0.741535,0.017500,0.006000,0.004700,0.018605,,0.031020,0.002411,,,0.00080364625,,,,,,-1.640393,,,0.004470,0.000000,,,,,-0.064578,0.328399,0.380701,0.833882,0.464884,,0.025073,,,,,,0.321022,,
194704,14.58,0.7333,1.3267,-0.039560,-0.040772,0.0253,0.0316,0.0217,-0.0037,0.0020,0.0038,0.000300,0.050297,0.048341,0.090992,0.552762,0.770042,0.017900,0.006300,0.005700,0.000000,,0.031346,0.002307,,,0.002775418,,,,,,-1.655777,,,-0.007360,0.000000,,,,,-0.027430,0.350994,0.393988,0.803012,0.447674,,0.025125,,,,,,0.351227,,
194705,14.45,0.7467,1.3833,-0.000990,-0.010470,0.0253,0.0317,0.0216,0.0033,0.0020,0.0038,0.000300,0.051672,0.051212,0.095732,0.539761,0.776366,0.017800,0.006400,-0.001300,0.000000,,0.025894,0.002545,,,0.0032286132,,,,,,-1.626800,,,-0.007458,0.000000,,,,,0.039859,0.362967,0.401387,0.796471,0.444028,,0.027921,,,,,,0.379458,,
194706,15.21,0.7600,1.4400,0.053991,0.050908,0.0255,0.0321,0.0216,0.0010,0.0004,0.0038,0.000300,0.049967,0.052595,0.094675,0.527778,0.741117,0.017800,0.006600,-0.000600,0.004566,,0.026473,0.001959,,,0.0038172362,,,,,,-1.612560,,,-0.011468,0.000000,,,,,0.041548,0.329579,0.416525,0.854211,0.465147,,0.028966,,,,,,0.346894,,
194707,15.76,0.7700,1.4767,0.039572,0.038369,0.0255,0.0318,0.0214,0.0063,0.0020,0.0066,0.000300,0.048858,0.050625,0.093697,0.521444,0.717327,0.014800,0.006300,-0.004300,0.009091,,0.020641,0.001977,,,0.0032049433,,,,,,-1.711321,,,-0.021353,0.000000,,,,,0.011681,0.327395,0.422328,0.895658,0.480573,,0.029583,,,,,,0.323229,,
194708,15.32,0.7800,1.5133,-0.023076,-0.029148,0.0256,0.0317,0.0210,0.0081,-0.0071,0.0075,0.000300,0.050914,0.049492,0.098781,0.515420,0.734694,0.013500,0.006100,-0.015200,0.013514,,0.023177,0.000824,,,0.0035721715,,,,,,-1.538620,,,-0.019478,0.000000,,,,,0.031440,0.355198,0.420952,0.938993,0.469213,,0.027645,,,,,,0.288687,,
194709,15.11,0.7900,1.5500,-0.009928,-0.013690,0.0261,0.0323,0.0213,-0.0044,-0.0131,0.0080,0.000600,0.052283,0.051567,0.102581,0.509677,0.740323,0.013300,0.006200,-0.008700,0.022222,,0.024059,0.001385,,,0.0043268967,,,,,,-1.570941,,,-0.015695,0.000000,,,,,0.049273,0.336545,0.411846,0.949906,0.465645,,0.027771,,,,,,0.285469,,
194710,15.43,0.8067,1.5700,0.020578,0.019353,0.0270,0.0335,0.0217,-0.0037,-0.0099,0.0085,0.000600,0.052279,0.053386,0.101750,0.513801,0.722733,0.013200,0.006500,-0.006200,0.000000,,0.023019,0.000870,,,0.0043136224,,,,,,-1.565503,,,-0.010049,0.000000,,,,,0.004181,0.334815,0.452962,0.973026,0.476979,,0.026469,,,,,,0.256950,,
194711,14.99,0.8233,1.5900,-0.017633,-0.029555,0.0277,0.0344,0.0229,-0.0174,-0.0098,0.0092,0.000600,0.054925,0.053359,0.106071,0.517819,0.731993,0.013700,0.006700,0.007600,0.004348,,0.025908,0.000476,,,0.004494506,,,,,,-1.488226,,,-0.000694,0.000000,,,,,-0.052649,0.349525,0.462578,0.960717,0.470945,,0.026874,,,,,,0.230896,,
194712,15.30,0.8400,1.6100,0.030784,0.025273,0.0286,0.0352,0.0243,-0.0192,0.0024,0.0095,0.000800,0.054902,0.056037,0.105229,0.521739,0.725326,0.014800,0.006600,0.021600,0.012987,,0.025922,0.001107,,,0.0047609245,,,,,,-1.587584,,,-0.000897,0.028000,,,,,0.044704,0.356363,0.472794,0.969548,0.475274,,0.030621,,,,,,0.200286,,
194801,14.69,0.8433,1.6433,-0.037743,-0.038905,0.0286,0.0352,0.0243,0.0020,0.0024,0.0097,0.000700,0.057409,0.055120,0.111867,0.513185,0.751888,0.014600,0.006600,0.000400,0.012821,,0.027765,0.001049,,,0.0043871624,,,,,,-1.511404,,,0.000766,0.000000,,,,,0.038466,0.342817,0.445005,0.935296,0.458483,,0.034285,,,,,,0.205305,,
194802,14.00,0.8467,1.6767,-0.040232,-0.047782,0.0285,0.0353,0.0241,0.0046,0.0039,0.0100,0.000700,0.060476,0.057636,0.119762,0.504969,0.787770,0.014100,0.006800,-0.000700,-0.008439,,0.029134,0.001756,,,0.0049033646,,,,,,-1.544520,,,-0.001341,0.000000,,,,,-0.080307,0.318231,0.419334,0.892695,0.437600,,0.036278,,,,,,0.281183,,
194803,15.08,0.8500,1.7100,0.081440,0.077022,0.0283,0.0353,0.0241,0.0034,0.0115,0.0100,0.000900,0.056366,0.060714,0.113395,0.497076,0.841422,0.014100,0.007000,0.008100,-0.004255,,0.027187,0.002082,,,0.0058085148,,,,,,-1.550527,,,-0.016618,0.000000,,,,,0.093903,0.340577,0.428693,0.948354,0.464884,,0.035435,,,,,,0.335241,,
194804,15.48,0.8500,1.7600,0.030821,0.028537,0.0278,0.0347,0.0239,0.0045,0.0038,0.0100,0.000800,0.054910,0.056366,0.113695,0.482955,0.825993,0.013900,0.006900,-0.000700,0.017094,,0.027454,0.000552,,,0.0041501792,,,,,,-1.491541,,,-0.018693,0.000000,,,,,0.066861,0.331169,0.431609,0.966069,0.473568,,0.034577,,,,,,0.302520,,
194805,16.69,0.8500,1.8100,0.084014,0.077523,0.0276,0.0338,0.0231,0.0141,0.0008,0.0100,0.000800,0.050929,0.054910,0.108448,0.469613,0.781692,0.013100,0.006200,-0.013300,0.004202,,0.025578,0.001453,,,0.0044591399,,,,,,-1.636426,,,-0.005793,0.000000,,,,,0.079909,0.338607,0.435275,0.998325,0.500407,,0.037269,,,,,,0.218204,,
194806,16.74,0.8500,1.8600,0.007665,0.003687,0.0276,0.0334,0.0238,-0.0084,-0.0083,0.0100,0.000900,0.050777,0.050929,0.111111,0.456989,0.786974,0.013800,0.005800,0.000100,0.008368,,0.023894,0.000907,,,0.0031442365,,,,,,-1.629224,,,0.003171,0.000000,,,,,0.079550,0.321964,0.318114,0.980845,0.497049,,0.036466,,,,,,0.172458,,
194807,15.85,0.8567,1.9300,-0.052296,-0.053144,0.0281,0.0337,0.0241,-0.0021,-0.0052,0.0100,0.000800,0.054048,0.051175,0.121767,0.443869,0.822258,0.014100,0.005600,-0.003100,0.012448,,0.022179,0.002767,,,0.0029631757,,,,,,-1.619114,,,-0.000789,0.000000,,,,,-0.124211,0.339230,0.314812,0.938755,0.475719,,0.032840,,,,,,0.308867,,
194808,15.97,0.8633,2.0000,0.015539,0.008123,0.0284,0.0344,0.0242,0.0001,0.0055,0.0106,0.000900,0.054060,0.054469,0.125235,0.431667,0.820538,0.013600,0.006000,0.005400,0.004098,,0.019227,0.001185,,,0.0028878628,,,,,,-1.506094,,,-0.008424,0.000000,,,,,-0.021695,0.347406,0.328706,0.940723,0.476716,,0.028624,,,,,,0.311937,,
194809,15.49,0.8700,2.0700,-0.027016,-0.031159,0.0284,0.0345,0.0242,0.0014,0.0024,0.0109,0.000400,0.056165,0.054477,0.133635,0.420290,0.836231,0.013300,0.006100,0.001000,0.000000,,0.019128,0.002396,,,0.0030531024,,,,,,-1.582601,,,-0.019769,0.000000,,,,,-0.033469,0.338162,0.342033,0.923069,0.467770,,0.025215,,,,,,0.390418,,
194810,16.54,0.8900,2.1433,0.070041,0.067023,0.0284,0.0350,0.0243,0.0007,0.0024,0.0112,0.000400,0.053809,0.057456,0.129585,0.415242,0.791906,0.013100,0.006600,0.001700,-0.004082,,0.018134,0.000828,,,0.0021893158,,,,,,-1.447862,,,-0.016318,0.000000,,,,,0.048121,0.340898,0.352235,0.974736,0.493953,,0.024384,,,,,,0.323664,,
194811,14.75,0.9100,2.2167,-0.098332,-0.109939,0.0284,0.0353,0.0239,0.0076,0.0085,0.0114,0.000400,0.061695,0.055018,0.150283,0.410526,0.870911,0.012500,0.006900,0.000900,-0.008197,,0.017792,0.006159,,,0.0023768242,,,,,,-1.635212,,,-0.033237,0.000000,,,,,-0.182249,0.333280,0.373671,0.886312,0.449143,,0.026319,,,,,,0.489125,,
194812,15.20,0.9300,2.2900,0.035952,0.029719,0.0279,0.0353,0.0237,0.0056,0.0131,0.0116,0.000400,0.061184,0.063051,0.150658,0.406114,0.840948,0.012100,0.007400,0.007500,-0.004132,,0.015015,0.000967,,,0.0016330103,,,,,,-1.451783,,,-0.046554,0.000000,,,,,0.069464,0.353536,0.446178,0.917892,0.465147,,0.030541,,,,,,0.437021,,
194901,15.22,0.9467,2.3200,0.002676,0.001377,0.0271,0.0346,0.0233,0.0082,0.0038,0.0117,0.001000,0.062199,0.062281,0.152431,0.408046,0.832403,0.011600,0.007500,-0.004400,-0.004149,,0.013298,0.001313,,,0.0017767354,,,,,,-1.435914,,,-0.059948,0.000000,,,,,0.055612,0.363372,0.414964,0.927314,0.469922,,0.033563,,,,,,0.425775,,
194902,14.62,0.9633,2.3500,-0.031639,-0.041472,0.0271,0.0345,0.0231,0.0049,0.0038,0.0117,0.000900,0.065891,0.063294,0.160739,0.409929,0.861551,0.011400,0.007400,-0.001100,-0.008333,,0.017219,0.001410,,,0.0021699988,,,,,,-1.421880,,,-0.073436,0.000000,,,,,-0.002648,0.374929,0.449695,0.895941,0.454023,,0.036041,,,,,,0.256008,,
194903,15.06,0.9800,2.3800,0.033981,0.029349,0.0270,0.0347,0.0227,0.0074,0.0007,0.0117,0.001000,0.065073,0.067031,0.158035,0.411765,0.901750,0.011000,0.007700,-0.006700,0.000000,,0.014659,0.001121,,,0.0027170669,,,,,,-1.425187,,,-0.096740,0.000000,,,,,0.037158,0.361374,0.425991,0.916856,0.464622,,0.038286,,,,,,0.284727,,
194904,14.74,0.9933,2.3867,-0.018691,-0.021717,0.0270,0.0345,0.0227,0.0011,0.0023,0.0117,0.000900,0.067390,0.065958,0.161918,0.416200,0.917500,0.011000,0.007500,0.001200,0.004202,,0.015289,0.000499,,,0.0036580641,,,,,,-1.339236,,,-0.106554,0.000000,,,,,-0.038527,0.374995,0.448567,0.901118,0.456647,,0.039111,,,,,,0.250997,,
194905,14.19,1.0067,2.3933,-0.029423,-0.037792,0.0271,0.0345,0.0227,0.0019,0.0038,0.0117,0.001000,0.070942,0.068295,0.168663,0.420615,0.948563,0.011000,0.007400,0.001900,-0.004184,,0.016901,0.001008,,,0.0034218573,,,,,,-1.338442,,,-0.124350,0.000000,,,,,-0.108631,0.378214,0.456590,0.871609,0.441693,,0.036479,,,,,,0.219351,,
194906,14.16,1.0200,2.4000,0.001744,-0.003269,0.0271,0.0347,0.0217,0.0167,0.0084,0.0117,0.001000,0.072034,0.071882,0.169492,0.425000,0.953888,0.010000,0.007600,-0.008300,0.004202,,0.016812,0.001698,,,0.0040919143,,,,,,-1.451211,,,-0.130263,0.000000,,,,,0.026432,0.375096,0.404438,0.873708,0.439227,,0.031451,,,,,,0.241050,,
194907,15.04,1.0267,2.3967,0.062732,0.061657,0.0267,0.0346,0.0216,0.0033,0.0099,0.0102,0.000900,0.068263,0.072505,0.159353,0.428374,0.907799,0.011400,0.007900,0.006600,-0.008368,,0.019511,0.000641,,,0.0036228094,,,,,,-1.340830,,,-0.136183,0.000000,,,,,0.049791,0.352341,0.388264,0.927066,0.461526,,0.031239,,,,,,0.260213,,
194908,15.22,1.0333,2.3933,0.021800,0.011738,0.0262,0.0340,0.0210,0.0111,0.0037,0.0104,0.000900,0.067893,0.068705,0.157249,0.431754,0.893877,0.010600,0.007800,-0.007400,0.004219,,0.019441,0.001074,,,0.0037216875,,,,,,-1.370677,,,-0.130117,0.000000,,,,,0.026580,0.373213,0.403462,0.941505,0.468715,,0.028498,,,,,,0.266078,,
194909,15.58,1.0400,2.3900,0.027415,0.024293,0.0260,0.0337,0.0212,-0.0011,0.0021,0.0107,0.000900,0.066752,0.068331,0.153402,0.435146,0.875021,0.010500,0.007700,0.003200,0.004202,,0.023343,0.001548,,,0.0026298133,,,,,,-1.470117,,,-0.124153,0.000000,,,,,-0.032100,0.357344,0.409897,0.961794,0.478815,,0.027552,,,,,,0.285388,,
194910,16.04,1.0733,2.3667,0.029780,0.028437,0.0261,0.0336,0.0212,0.0019,0.0067,0.0105,0.000900,0.066916,0.068892,0.147548,0.453519,0.842566,0.010700,0.007500,0.004800,-0.008368,,0.022233,0.000614,,,0.0029968918,,,,,,-1.405266,,,-0.166095,0.000000,,,,,0.010894,0.383161,0.373296,0.995692,0.497258,,0.028500,,,,,,0.293826,,
194911,16.06,1.1067,2.3433,0.020738,0.000482,0.0260,0.0335,0.0212,0.0021,0.0021,0.0108,0.000800,0.068908,0.068994,0.145911,0.472264,0.833725,0.010400,0.007500,0.000000,0.004219,,0.023643,0.000909,,,0.0040043923,,,,,,-1.395520,,,-0.143805,0.000000,,,,,0.025998,0.370316,0.399076,0.989820,0.502532,,0.034040,,,,,,0.267558,,
194912,16.76,1.1400,2.3200,0.050984,0.046034,0.0258,0.0331,0.0209,0.0052,-0.0145,0.0110,0.000900,0.068019,0.070984,0.138425,0.491379,0.796429,0.009900,0.007300,-0.019700,-0.008403,,0.027176,0.000473,,,0.004252018,,,,,,-1.444342,,,-0.129967,0.000000,,,,,0.037089,0.339969,0.410569,1.000000,0.526064,,0.037304,,,,,,0.170227,,
195001,17.05,1.1500,2.3367,0.019703,0.018245,0.0257,0.0324,0.0215,-0.0061,0.0037,0.0107,0.000900,0.067449,0.068616,0.137048,0.492153,0.791417,0.010800,0.006700,0.009800,-0.004237,,0.027102,0.000989,,,0.0044582231,,,,,,-1.518498,,,-0.116434,0.000000,,,,,0.012708,0.355045,0.376606,0.999059,0.529396,,0.039298,,,,,,0.190380,,
195002,17.22,1.1600,2.3533,0.019603,0.009975,0.0258,0.0324,0.0214,0.0021,0.0007,0.0112,0.000900,0.067364,0.068035,0.136663,0.492919,0.784998,0.010200,0.006600,-0.001400,0.000000,,0.025492,0.000426,,,0.0042464942,,,,,,-1.419808,,,-0.116485,0.000000,,,,,0.048845,0.375407,0.367812,0.994379,0.533725,,0.037379,,,,,,0.186911,,
195003,17.29,1.1700,2.3700,0.008185,0.003542,0.0258,0.0324,0.0215,0.0008,0.0022,0.0112,0.001000,0.067669,0.067944,0.137073,0.493671,0.825528,0.010300,0.006600,0.001400,0.004255,,0.029291,0.000624,,,0.00455264,,,,,,-1.453927,,,-0.088377,0.000000,,,,,-0.003879,0.376589,0.380808,0.982219,0.540572,,0.037185,,,,,,0.211935,,
195004,18.07,1.1800,2.4267,0.045887,0.044493,0.0260,0.0323,0.0214,0.0030,-0.0008,0.0115,0.000900,0.065302,0.068248,0.134293,0.486263,0.796497,0.009900,0.006300,-0.003800,0.000000,,0.026398,0.000714,,,0.0040222115,,,,,,-1.505993,,,-0.059471,0.000000,,,,,0.076666,0.376854,0.332735,0.991872,0.560275,,0.040514,,,,,,0.187397,,
195005,18.78,1.1900,2.4833,0.046902,0.037590,0.0261,0.0325,0.0213,0.0033,-0.0008,0.0116,0.001000,0.063365,0.065855,0.132233,0.479195,0.761346,0.009700,0.006400,-0.004100,0.004237,,0.028572,0.000641,,,0.0038032122,,,,,,-1.460790,,,-0.040312,0.000000,,,,,0.056615,0.339915,0.365865,1.000000,0.586143,,0.039539,,,,,,0.176638,,
195006,17.69,1.2000,2.5400,-0.054224,-0.057849,0.0262,0.0328,0.0216,-0.0025,0.0023,0.0115,0.001000,0.067835,0.063898,0.143584,0.472441,0.813447,0.010100,0.006600,0.004800,0.004219,,0.030397,0.005856,,,0.0041153743,,,,,,-1.632601,,,-0.014842,0.000000,,,,,-0.228450,0.323537,0.334452,0.915623,0.548600,,0.038133,,,,,,0.409406,,
195007,17.84,1.2433,2.6000,0.016981,0.015875,0.0265,0.0332,0.0214,0.0055,0.0069,0.0116,0.001000,0.069693,0.070284,0.145740,0.478204,0.812321,0.009800,0.006700,0.001400,0.012605,,0.030117,0.003110,,,0.0043203314,,,,,,-1.789856,,,0.013093,0.000000,,,,,0.016622,0.313394,0.291578,0.916893,0.549361,,0.044708,,,,,,0.447526,,
195008,18.42,1.2867,2.6600,0.048063,0.031526,0.0261,0.0323,0.0214,0.0014,0.0038,0.0120,0.001000,0.069852,0.072123,0.144408,0.483711,0.784341,0.009400,0.006200,0.002400,0.008299,,0.029551,0.001076,,,0.0044526781,,,,,,-1.521423,,,0.040051,0.000000,,,,,0.040671,0.323501,0.315523,0.949602,0.568959,,0.044964,,,,,,0.444289,,
195009,19.45,1.3300,2.7200,0.059466,0.056510,0.0264,0.0321,0.0220,-0.0072,-0.0039,0.0130,0.001000,0.068380,0.072204,0.139846,0.488971,0.751458,0.009000,0.005700,0.003300,0.004115,,0.025914,0.001318,,,0.0040318334,,,,,,-1.599360,,,0.029783,0.000000,,,,,0.009507,0.329790,0.335501,0.991155,0.593856,,0.042860,,,,,,0.323208,,
195010,19.53,1.3767,2.7600,0.005084,0.003425,0.0267,0.0322,0.0225,-0.0048,-0.0008,0.0131,0.001200,0.070490,0.070780,0.141321,0.498793,0.755966,0.009400,0.005500,0.004000,0.008197,,0.027341,0.001759,,,0.003975191,,,,,,-1.556952,,,0.032339,0.000000,,,,,-0.008104,0.331671,0.338734,0.970959,0.590314,,0.027913,,,,,,0.256188,,
195011,19.51,1.4233,2.8000,0.022430,-0.000073,0.0267,0.0322,0.0224,0.0035,0.0054,0.0136,0.001100,0.072954,0.072879,0.143516,0.508332,0.747364,0.008800,0.005500,0.001900,0.004065,,0.025540,0.002458,,,0.0048867653,,,,,,-1.623097,,,0.026891,0.000000,,,,,-0.098219,0.344589,0.329062,0.966577,0.597109,,0.027895,,,,,,0.355547,,
195012,20.41,1.4700,2.8400,0.055425,0.051025,0.0267,0.0320,0.0224,0.0016,0.0023,0.0134,0.001100,0.072024,0.075346,0.139147,0.517606,0.722538,0.009000,0.005300,0.000700,0.012146,,0.031359,0.002490,,,0.0056625153,,,,,,-1.717517,,,0.040492,0.000000,,,,,0.024387,0.333103,0.322526,0.999788,0.617625,,0.037166,,,,,,0.392294,,
195101,21.66,1.4867,2.8367,0.065105,0.063309,0.0266,0.0317,0.0221,0.0058,0.0019,0.0134,0.001300,0.068637,0.072840,0.130964,0.524090,0.683599,0.008700,0.005100,-0.003900,0.016000,,0.030046,0.001705,,,0.0056360733,,,,,,-1.657310,,,0.039786,0.000000,,,,,0.047508,0.323758,0.345015,0.996995,0.652806,,0.039504,,,,1.052260,,0.372748,,
195102,21.80,1.5033,2.8333,0.014546,0.004185,0.0266,0.0316,0.0228,-0.0074,-0.0044,0.0136,0.001000,0.068960,0.069406,0.129969,0.530588,0.674866,0.009200,0.005000,0.003000,0.011811,,0.031121,0.000651,,,0.0055102499,,,,,,-1.566079,,,0.042202,0.000000,,,,,0.001066,0.320968,0.326295,0.985687,0.661254,,0.040598,,,,1.052260,,0.301688,,
195103,21.40,1.5200,2.8300,-0.017484,-0.019706,0.0278,0.0323,0.0241,-0.0157,-0.0237,0.0140,0.001100,0.071028,0.069725,0.132243,0.537102,0.781395,0.010100,0.004500,-0.008000,0.003891,,0.032688,0.001228,,,0.0057490293,,,,,,-1.565707,,,0.043025,0.000000,,,,,0.014552,0.340548,0.354233,0.971921,0.652019,,0.032186,,,,1.052260,,0.279984,,
195104,22.43,1.5333,2.7933,0.049108,0.047903,0.0287,0.0335,0.0248,-0.0063,-0.0009,0.0147,0.001300,0.068361,0.071651,0.124535,0.548925,0.749431,0.010100,0.004800,0.005400,0.000000,,0.032093,0.000848,,,0.0044062337,,,,,,-1.521433,,,0.040748,0.000000,,,,,0.075548,0.322763,0.326820,1.000000,0.679828,,0.031079,,,,1.052260,,0.277641,,
195105,21.52,1.5467,2.7567,-0.029979,-0.040917,0.0289,0.0340,0.0254,-0.0069,-0.0015,0.0155,0.001200,0.071871,0.068955,0.128098,0.561065,0.777889,0.009900,0.005100,0.005400,0.003876,,0.030676,0.001407,,,0.0039686672,,,,,,-1.514028,,,0.033818,0.000000,,,,,0.045527,0.333891,0.363112,0.948771,0.654957,,0.031287,,,,1.052260,,0.301484,,
195106,20.96,1.5600,2.7200,-0.025848,-0.028186,0.0294,0.0349,0.0259,-0.0062,-0.0093,0.0145,0.001200,0.074427,0.072491,0.129771,0.573529,0.800363,0.011400,0.005500,-0.003100,0.000000,,0.036342,0.001137,,,0.0040645158,,,,,,-1.499954,,,0.025324,0.000000,,,,,-0.038998,0.343468,0.406757,0.922130,0.636566,,0.032891,,,,0.537576,,0.281842,,
195107,22.40,1.5467,2.6500,0.070935,0.070014,0.0294,0.0353,0.0252,0.0138,0.0205,0.0156,0.001300,0.069048,0.073792,0.118304,0.583649,0.753122,0.009600,0.005900,0.006700,0.000000,,0.032599,0.001408,,,0.0037154163,,,,,,-1.487713,,,0.005786,0.000000,,,,,0.038751,0.329088,0.404479,0.979972,0.676496,,0.031841,,,,0.780398,,0.283975,,
195108,23.28,1.5333,2.5800,0.050220,0.038396,0.0288,0.0350,0.0246,0.0099,0.0114,0.0162,0.001300,0.065865,0.068452,0.110825,0.594314,0.718594,0.008400,0.006200,0.001500,0.000000,,0.030322,0.000582,,,0.0039216119,,,,,,-1.479303,,,-0.007585,0.000000,,,,,0.098871,0.348365,0.418520,1.000000,0.709001,,0.032680,,,,0.788032,,0.234491,,
195109,23.26,1.5200,2.5100,0.002868,0.001195,0.0284,0.0346,0.0253,-0.0080,-0.0057,0.0163,0.001200,0.065348,0.065292,0.107911,0.605578,0.716182,0.009000,0.006200,0.002300,0.007722,,0.028800,0.000255,,,0.0039337103,,,,,,-1.518316,,,-0.005017,0.000000,,,,,0.006653,0.334629,0.420098,0.981148,0.711389,,0.029423,,,,0.541962,,0.178013,,
195110,22.94,1.4833,2.4867,-0.013321,-0.015088,0.0289,0.0350,0.0254,0.0010,-0.0145,0.0154,0.001600,0.064661,0.063772,0.108399,0.596513,0.740233,0.010000,0.006100,-0.015500,0.003831,,0.029145,0.001511,,,0.0038418979,,,,,,-1.553422,,,-0.010414,0.000000,,,,,0.026699,0.335841,0.424390,0.949271,0.688276,,0.028017,,,,-0.262482,,0.237727,,
195111,22.88,1.4467,2.4633,0.011388,-0.002574,0.0296,0.0356,0.0264,-0.0136,-0.0061,0.0156,0.001100,0.063229,0.063063,0.107663,0.587282,0.743292,0.010800,0.006000,0.007500,0.007634,,0.031622,0.001024,,,0.004017421,,,,,,-1.480113,,,-0.006289,0.000000,,,,,0.065486,0.336412,0.365412,0.945363,0.685442,,0.021494,,,,-0.526934,,0.273449,,
195112,23.77,1.4100,2.4400,0.041815,0.038467,0.0301,0.0361,0.0269,-0.0061,0.0058,0.0173,0.001200,0.059318,0.061626,0.102650,0.577869,0.721316,0.009600,0.006000,0.011900,0.003788,,0.036151,0.000427,,,0.0041468933,,,,,,-1.405860,,,-0.003790,0.000000,,,,,0.055197,0.343212,0.384745,0.974165,0.706325,,0.021632,,,,-0.526934,,0.278641,,
195201,24.14,1.4133,2.4267,0.017768,0.016303,0.0298,0.0359,0.0268,0.0028,0.0199,0.0157,0.001500,0.058547,0.059459,0.100525,0.582415,0.717426,0.011100,0.006100,0.017100,0.000000,,0.035151,0.000538,,,0.0035154761,,,,,,-1.413056,,,0.003344,0.000000,,,,,-0.042096,0.334923,0.382403,0.979448,0.710156,,0.020085,,,,-0.280864,,0.189926,,
195202,23.26,1.4167,2.4133,-0.025241,-0.035743,0.0293,0.0353,0.0269,0.0014,-0.0085,0.0154,0.001200,0.060906,0.058686,0.103755,0.587019,0.746693,0.011500,0.006000,-0.009900,-0.007547,,0.034872,0.000932,,,0.0036388713,,,,,,-1.419068,,,0.005743,0.000000,,,,,-0.010042,0.352597,0.357223,0.941057,0.682320,,0.022864,,,,-0.255072,,0.200231,,
195203,24.37,1.4200,2.4000,0.052805,0.050655,0.0296,0.0351,0.0263,0.0111,0.0076,0.0159,0.001100,0.058268,0.061049,0.098482,0.591667,0.751874,0.010400,0.005500,-0.003500,0.000000,,0.032094,0.000632,,,0.0033227299,,,,,,-1.363832,,,0.005040,0.000000,,,,,0.078590,0.344245,0.366974,0.974997,0.706929,,0.025081,,,,0.517150,,0.203363,,
195204,23.32,1.4300,2.3800,-0.041423,-0.043268,0.0293,0.0350,0.0254,0.0171,-0.0004,0.0157,0.001200,0.061321,0.058679,0.102058,0.600840,0.786399,0.009700,0.005700,-0.017500,0.003802,,0.033231,0.000808,,,0.0038390162,,,,,,-1.403606,,,-0.008019,0.000000,,,,,0.001548,0.346466,0.365612,0.932192,0.675893,,0.026397,,,,-0.253029,,0.242483,,
195205,23.86,1.4400,2.3600,0.033698,0.023274,0.0293,0.0349,0.0257,-0.0033,0.0031,0.0167,0.001300,0.060352,0.061750,0.098910,0.610169,0.770518,0.009000,0.005600,0.006400,0.000000,,0.032149,0.000526,,,0.004511025,,,,,,-1.360118,,,-0.021156,0.000000,,,,,0.066277,0.370507,0.356712,0.951406,0.689823,,0.025800,,,,0.781602,,0.208709,,
195206,24.96,1.4500,2.3400,0.047832,0.045795,0.0294,0.0350,0.0259,0.0003,0.0016,0.0170,0.001500,0.058093,0.060771,0.093750,0.619658,0.738715,0.008900,0.005600,0.001300,0.003788,,0.027731,0.000325,,,0.0044307208,,,,,,-1.354311,,,-0.034383,0.000000,,,,,0.027577,0.352796,0.378171,0.992365,0.719521,,0.025572,,,,1.052260,,0.200112,,
195207,25.40,1.4500,2.3467,0.019129,0.017659,0.0295,0.0350,0.0261,-0.0020,0.0016,0.0181,0.001500,0.057087,0.058093,0.092389,0.617897,0.724710,0.008000,0.005500,0.003600,0.007547,,0.027923,0.000345,,,0.0041125604,,,,,,-1.340584,,,-0.054106,0.000000,,,,,0.021638,0.364593,0.372484,1.000000,0.733426,,0.022821,,,,1.052260,,0.135655,,
195208,25.03,1.4500,2.3533,-0.005674,-0.015007,0.0294,0.0351,0.0267,-0.0070,0.0063,0.0183,0.001500,0.057930,0.057087,0.094020,0.616148,0.736620,0.008400,0.005700,0.013300,0.000000,,0.028043,0.000290,,,0.003761577,,,,,,-1.313110,,,0.004452,0.000000,,,,,-0.006077,0.382537,0.374538,0.981269,0.721568,,0.021263,,,,1.052260,,0.122727,,
195209,24.54,1.4500,2.3600,-0.018085,-0.020098,0.0295,0.0352,0.0277,-0.0130,-0.0018,0.0171,0.001600,0.059087,0.057930,0.096170,0.614407,0.748679,0.010600,0.005700,0.011200,0.000000,,0.031038,0.000441,,,0.0035043688,,,,,,-1.354384,,,0.036302,0.000000,,,,,-0.048471,0.344724,0.381798,0.965464,0.709946,,0.020250,,,,0.806190,,0.170015,,
195210,24.52,1.4367,2.3733,0.000320,-0.001244,0.0301,0.0354,0.0269,0.0148,0.0039,0.0174,0.001400,0.058592,0.058544,0.096792,0.605339,0.752516,0.009500,0.005300,-0.010900,0.000000,,0.029928,0.001026,,,0.0035754811,,,,,,-1.350778,,,0.042694,0.000000,,,,,0.064716,0.363628,0.359679,0.960541,0.706325,,0.023584,,,,-0.262482,,0.242063,,
195211,25.66,1.4233,2.3867,0.061382,0.048273,0.0298,0.0353,0.0272,-0.0015,0.0108,0.0185,0.001000,0.055469,0.058048,0.093011,0.596366,0.714235,0.008700,0.005500,0.012300,0.000000,,0.026551,0.000459,,,0.0035423516,,,,,,-1.480666,,,0.058939,0.000000,,,,,0.080342,0.339168,0.379299,1.000000,0.744182,,0.027560,,,,-0.018939,,0.252673,,
195212,26.57,1.4100,2.4000,0.038215,0.035725,0.0297,0.0351,0.0279,-0.0086,-0.0091,0.0209,0.001600,0.053067,0.054949,0.090327,0.587500,0.694073,0.007000,0.005400,-0.000500,0.000000,,0.026536,0.000268,,,0.0034459187,,,,,,-1.426028,,,0.060828,0.000000,,,,,0.082202,0.360899,0.395071,0.999658,0.765800,,0.028382,,,,0.788032,,0.209102,,
195301,26.38,1.4100,2.4100,-0.006207,-0.006795,0.0302,0.0351,0.0279,0.0012,-0.0080,0.0196,0.001600,0.053450,0.053067,0.091357,0.585062,0.699175,0.008300,0.004900,-0.009200,-0.003745,,0.025935,0.000401,,,0.0033213634,,,,,,-1.444809,,,0.059885,0.000000,,,,,0.070366,0.372931,0.385122,0.986317,0.760212,,0.030160,,,,0.806190,,0.151893,,
195302,25.90,1.4100,2.4200,-0.007540,-0.017804,0.0307,0.0353,0.0287,-0.0087,-0.0040,0.0197,0.001400,0.054440,0.053450,0.093436,0.582645,0.712703,0.009000,0.004600,0.004700,-0.003759,,0.026516,0.000491,,,0.0031140907,,,,,,-1.462939,,,0.061734,0.000000,,,,,0.020404,0.389257,0.354504,0.967596,0.745783,,0.036397,,,,0.001746,,0.147646,,
195303,25.29,1.4100,2.4300,-0.022288,-0.024368,0.0312,0.0357,0.0294,-0.0088,-0.0033,0.0201,0.001800,0.055753,0.054440,0.096085,0.580247,0.762497,0.009300,0.004500,0.005500,0.003774,,0.024014,0.000683,,,0.0028973121,,,,,,-1.460847,,,0.066329,0.000000,,,,,-0.124768,0.371370,0.400563,0.952619,0.734239,,0.040446,,,,-0.795548,,0.222658,,
195304,24.62,1.4133,2.4567,-0.025308,-0.026832,0.0323,0.0365,0.0303,-0.0105,-0.0248,0.0219,0.001600,0.057406,0.055885,0.099784,0.575303,0.776706,0.008400,0.004200,-0.014300,0.000000,,0.026294,0.001272,,,0.0033969102,,,,,,-1.498326,,,0.066733,0.000000,,,,,-0.048191,0.366080,0.411713,0.935192,0.720807,-2.332659,0.036313,,,,-2.179565,,0.287115,,
195305,24.54,1.4167,2.4833,0.007401,-0.002730,0.0334,0.0378,0.0314,-0.0148,-0.0030,0.0216,0.001700,0.057729,0.057541,0.101195,0.570472,0.783752,0.009800,0.004400,0.011800,0.003759,,0.027227,0.000593,,,0.0028534772,,,,,,-1.372546,,,0.068494,0.000000,,,,,0.008148,0.357187,0.397982,0.926784,0.714327,-2.320748,0.027995,,,,-2.450070,,0.301153,,
195306,24.14,1.4200,2.5100,-0.014266,-0.016183,0.0340,0.0386,0.0301,0.0223,0.0109,0.0211,0.001800,0.058824,0.057865,0.103977,0.565737,0.795497,0.009000,0.004600,-0.011400,0.003745,,0.027463,0.001106,,,0.0028537844,,,,,,-1.484382,,,0.060646,0.097276,,,,,-0.047695,0.350731,0.351036,0.913101,0.703780,-2.294214,0.021262,,,,-2.685336,,0.341094,,
195307,24.75,1.4200,2.5233,0.026314,0.024844,0.0328,0.0386,0.0301,0.0039,0.0177,0.0204,0.001500,0.057374,0.058824,0.101953,0.562748,0.774929,0.009700,0.005800,0.013800,0.000000,,0.026153,0.000581,,,0.0025605978,,,,,,-1.352152,,,0.069228,0.000000,,,,,0.053360,0.370414,0.377861,0.937336,0.722460,-2.312125,0.022065,,,,-2.417835,,0.321948,,
195308,23.32,1.4200,2.5367,-0.050101,-0.060097,0.0324,0.0385,0.0303,-0.0008,-0.0085,0.0204,0.001700,0.060892,0.057374,0.108777,0.559789,0.816936,0.009900,0.006100,-0.007700,0.003731,,0.028089,0.000681,,,0.0024851686,,,,,,-1.402468,,,0.060052,0.000000,,,,,-0.126101,0.374284,0.385433,0.889139,0.685311,-2.247532,0.022679,,,,-2.685336,,0.336812,,
195309,23.35,1.4200,2.5500,0.002187,0.000072,0.0329,0.0388,0.0284,0.0299,0.0253,0.0179,0.001600,0.060814,0.060892,0.109208,0.556863,0.808211,0.010500,0.005900,-0.004600,0.000000,,0.025879,0.001106,,,0.0026094226,,,,,,-1.511604,,,0.035631,0.000000,,,,,-0.023483,0.367792,0.391530,0.898737,0.692709,-2.242799,0.025033,,,,-2.685336,,0.322476,,
195310,24.54,1.4300,2.5367,0.051046,0.049806,0.0316,0.0382,0.0281,0.0074,0.0227,0.0138,0.001300,0.058272,0.061242,0.103369,0.563731,0.773721,0.014300,0.006600,0.015300,0.003717,,0.024697,0.000573,,,0.0026167199,,,,,,-1.401018,,,0.023517,0.000000,,,,,0.101368,0.383705,0.396573,0.938800,0.723588,-2.295705,0.026368,,,,-1.935386,,0.304813,,
195311,24.76,1.4400,2.5233,0.023763,0.009879,0.0311,0.0375,0.0286,-0.0049,-0.0073,0.0144,0.000800,0.058158,0.058680,0.101912,0.570674,0.758432,0.014200,0.006400,-0.002400,-0.003704,,0.025799,0.000376,,,0.0028678282,,,,,,-1.401921,,,-0.004394,0.000000,,,,,0.098450,0.384334,0.418338,0.957725,0.738175,-2.310097,0.026678,,,,-1.091308,,0.251316,,
195312,24.81,1.4500,2.5100,0.001713,-0.001189,0.0313,0.0374,0.0274,0.0206,0.0172,0.0160,0.001300,0.058444,0.058562,0.101169,0.577689,0.759701,0.011400,0.006100,-0.003400,0.000000,,0.024823,0.000417,,,0.0027933096,,,,,,-1.384899,,,-0.032903,0.000000,,,,,0.062024,0.401920,0.465747,0.956125,0.736942,-2.316534,0.027576,,,,0.549493,,0.169243,,
195401,26.08,1.4567,2.5233,0.053486,0.052586,0.0306,0.0371,0.0291,0.0089,0.0124,0.0118,0.001100,0.055854,0.058713,0.096753,0.577281,0.729847,0.017300,0.006500,0.003500,0.000000,,0.023384,0.000498,,,0.0025728274,,,,,,-1.443974,,,-0.044015,0.000000,,,,,0.049460,0.396746,0.481736,0.998429,0.767086,-2.360087,0.027716,,,,0.816994,,0.174513,,
195402,26.15,1.4633,2.5367,0.012916,0.002343,0.0295,0.0361,0.0279,0.0240,0.0198,0.0097,0.000700,0.055959,0.056109,0.097005,0.576870,0.724520,0.018200,0.006600,-0.004200,0.000000,,0.022563,0.000341,,,0.00259655,,,,,,-1.378921,,,-0.044739,0.000000,,,,,0.116940,0.375678,0.497988,1.000000,0.772726,-2.357397,0.024956,,,,1.052260,,0.185642,,
195403,26.94,1.4700,2.5500,0.030530,0.028423,0.0286,0.0351,0.0278,0.0058,0.0039,0.0103,0.000800,0.054566,0.056214,0.094655,0.576471,0.804916,0.017500,0.006500,-0.001900,0.000000,,0.022094,0.000357,,,0.002326738,,,,,,-1.424779,,,-0.054390,0.000000,,,,,0.082938,0.361962,0.505059,1.000000,0.796259,-2.380942,0.022360,,,,1.052260,,0.172607,,
195404,28.26,1.4633,2.5733,0.048358,0.047140,0.0285,0.0347,0.0273,0.0104,-0.0034,0.0097,0.000900,0.051781,0.054318,0.091059,0.568652,0.765039,0.017600,0.006200,-0.013800,-0.003717,,0.020857,0.000731,,,0.0025692037,,,,,,-1.457089,,,-0.064067,0.000000,,,,,0.074145,0.375337,0.514397,1.000000,0.837763,-2.418888,0.026971,,,,1.052260,,0.184593,,
195405,29.19,1.4567,2.5967,0.042777,0.033606,0.0288,0.0347,0.0279,-0.0087,-0.0042,0.0076,0.000500,0.049903,0.051545,0.088958,0.560976,0.745977,0.020300,0.005900,0.004500,0.003731,,0.018493,0.000430,,,0.0023611898,,,,,,-1.465426,,,-0.061766,0.000000,,,,,0.056360,0.395005,0.566661,1.000000,0.859170,-2.443020,0.034285,,,,1.052260,,0.156329,,
195406,29.21,1.4500,2.6200,0.002467,0.000533,0.0290,0.0349,0.0272,0.0163,0.0063,0.0064,0.000600,0.049641,0.049675,0.089695,0.553435,0.732468,0.020800,0.005900,-0.010000,0.000000,,0.018358,0.000935,,,0.0018383463,,,,,,-1.470653,,,-0.062465,0.000000,,,,,-0.017975,0.369812,0.412633,0.989997,0.875016,-2.434858,0.036518,,,,1.052260,,0.184585,,
195407,30.88,1.4567,2.6233,0.058701,0.057780,0.0289,0.0350,0.0266,0.0134,0.0040,0.0072,0.000500,0.047172,0.049869,0.084952,0.555275,0.702173,0.019400,0.006100,-0.009400,0.000000,,0.017708,0.000613,,,0.002042287,,,,,,-1.504636,,,-0.064658,0.000000,,,,,0.079960,0.376458,0.386598,1.000000,0.912769,-2.488404,0.036067,,,,1.052260,,0.158419,,
195408,29.83,1.4633,2.6267,-0.025894,-0.034753,0.0287,0.0349,0.0269,-0.0036,0.0018,0.0092,0.000500,0.049056,0.047388,0.088055,0.557105,0.727516,0.017700,0.006200,0.005400,0.000000,,0.017528,0.001145,,,0.0019820372,,,,,,-1.646831,,,-0.069818,0.000000,,,,,-0.009138,0.384907,0.394857,0.958388,0.880972,-2.453124,0.032192,,,,1.052260,,0.209162,,
195409,32.31,1.4700,2.6300,0.082500,0.080888,0.0289,0.0347,0.0271,-0.0010,0.0040,0.0101,0.000900,0.045497,0.049279,0.081399,0.558935,0.677745,0.017000,0.005800,0.005000,-0.003717,,0.016884,0.000692,,,0.0022077679,,,,,,-1.515109,,,-0.072003,0.000000,,,,,0.000067,0.357901,0.409631,0.992128,0.945667,-2.531914,0.032182,,,,1.052260,,0.192889,,
195410,31.68,1.4933,2.6767,-0.017867,-0.018659,0.0287,0.0346,0.0271,0.0006,0.0040,0.0098,0.000700,0.047138,0.046219,0.084491,0.557906,0.693758,0.017300,0.005900,0.003400,0.000000,,0.017580,0.000499,,,0.0029143838,,,,,,-1.513153,,,-0.063848,0.000000,,,,,-0.011420,0.352468,0.454230,0.966276,0.923840,-2.495122,0.027475,,,,1.052260,,0.213224,,
195411,34.24,1.5167,2.7233,0.095774,0.082712,0.0289,0.0345,0.0274,-0.0025,0.0025,0.0093,0.000600,0.044295,0.047875,0.079537,0.556917,0.631642,0.018100,0.005600,0.005000,0.000000,,0.014153,0.001267,,,0.0033198161,,,,,,-1.663077,,,-0.051492,0.000000,,,,,0.095310,0.338617,0.432601,0.995521,0.995521,-2.556037,0.030494,,,,1.052260,,0.204770,,
195412,35.98,1.5400,2.7700,0.054288,0.052361,0.0290,0.0345,0.0272,0.0064,0.0017,0.0115,0.000800,0.042802,0.044977,0.076987,0.555957,0.604120,0.015700,0.005500,-0.004700,-0.003731,,0.026993,0.000882,,,0.0028454745,,,,,,-1.737582,,,-0.042226,0.000000,,,,,0.085676,0.336153,0.480477,1.000000,1.000000,-2.588906,0.037579,,,,1.052260,,0.219704,,
195501,36.63,1.5467,2.8333,0.018076,0.017591,0.0293,0.0345,0.0286,-0.0241,-0.0097,0.0122,0.000800,0.042224,0.042987,0.077350,0.545884,0.597559,0.016400,0.005200,0.014400,0.000000,,0.026412,0.002517,,,0.0027903739,,,,,,-1.811742,,,-0.023315,0.000000,,,,,0.046225,0.352230,0.486123,0.999853,0.999853,-2.585180,0.041813,,,,1.052260,,0.269511,,
195502,36.76,1.5533,2.8967,0.013526,0.005446,0.0293,0.0347,0.0292,-0.0078,-0.0063,0.0117,0.000900,0.042256,0.042406,0.078800,0.536247,0.593148,0.017500,0.005400,0.001500,0.000000,,0.028045,0.000604,,,0.0024695423,,,,,,-1.705369,,,-0.014489,0.000000,,,,,0.104701,0.360927,0.481218,0.994879,0.994879,-2.567003,0.038631,,,,1.052260,,0.248055,,
195503,36.58,1.5600,2.9600,-0.002242,-0.003851,0.0302,0.0348,0.0288,0.0087,0.0092,0.0128,0.001000,0.042646,0.042437,0.080919,0.527027,0.607762,0.016000,0.004600,0.000500,0.000000,,0.027968,0.002483,,,0.0028220555,,,,,,-1.830916,,,0.005006,0.000000,,,,,-0.042454,0.345431,0.461650,0.976220,0.976220,-2.540760,0.033000,,,,1.052260,,0.358163,,
195504,37.96,1.5633,3.0467,0.039843,0.038885,0.0301,0.0349,0.0290,0.0001,-0.0001,0.0159,0.001000,0.041184,0.042737,0.080260,0.513127,0.584988,0.013100,0.004800,-0.000200,0.000000,,0.026510,0.000628,,,0.0012310804,,,,,,-1.667614,,,0.013406,0.000000,,,,,0.042237,0.338550,0.465034,0.988413,0.988413,-2.549612,0.030721,,,,1.052260,,0.320900,,
195505,37.91,1.5667,3.1333,0.006433,-0.001081,0.0304,0.0350,0.0287,0.0073,-0.0018,0.0145,0.001400,0.041326,0.041272,0.082652,0.500002,0.586075,0.014200,0.004600,-0.009100,0.000000,,0.025419,0.000745,,,0.0014133625,,,,,,-1.669875,,,0.025597,0.000000,,,,,0.022917,0.356515,0.485268,0.986578,0.986578,-2.520345,0.031204,,,,1.052260,,0.340001,,
195506,41.03,1.5700,3.2200,0.081300,0.079930,0.0305,0.0351,0.0293,-0.0076,0.0029,0.0141,0.001000,0.038265,0.041414,0.078479,0.487578,0.551642,0.015200,0.004600,0.010500,0.000000,,0.025364,0.000646,,,0.00045419824,,,,,,-1.637441,,,0.023273,0.000000,,,,,0.085204,0.341635,0.251451,1.000000,1.000000,-2.572343,0.033466,,,,1.052260,,0.160860,,
195507,43.52,1.5867,3.2933,0.057646,0.057068,0.0306,0.0352,0.0300,-0.0102,-0.0041,0.0160,0.001000,0.036458,0.038671,0.075674,0.481783,0.534507,0.014000,0.004600,0.006100,0.003745,,0.024760,0.002082,,,0.00064126365,,,,,,-1.680360,,,0.027451,0.000000,,,,,0.108334,0.331010,0.218196,0.994450,0.994450,-2.609909,0.038326,,,,1.052260,,0.147871,,
195508,43.18,1.6033,3.3667,-0.000648,-0.008313,0.0311,0.0356,0.0301,0.0004,-0.0038,0.0190,0.001600,0.037131,0.036841,0.077968,0.476236,0.531847,0.011100,0.004500,-0.004200,0.000000,,0.026671,0.001120,,,0.00057374836,,,,,,-1.589037,,,0.022527,0.000000,,,,,0.032301,0.338097,0.184280,0.999424,0.999424,-2.580721,0.037885,,,,1.052260,,0.159720,,
195509,43.67,1.6200,3.4400,0.011286,0.010117,0.0313,0.0359,0.0298,0.0073,0.0076,0.0207,0.001600,0.037096,0.037517,0.078773,0.470930,0.533625,0.009100,0.004600,0.000300,0.003731,,0.025634,0.005711,,,0.00020638789,,,,,,-1.687688,,,0.025375,0.000000,,,,,-0.379755,0.341726,0.203655,0.957267,0.957267,-2.570457,0.033849,,,,1.052260,,0.422456,,
195510,42.34,1.6267,3.5000,-0.030468,-0.031000,0.0310,0.0359,0.0292,0.0144,0.0078,0.0223,0.001800,0.038419,0.037249,0.082664,0.464763,0.547409,0.006900,0.004900,-0.006600,0.000000,,0.025101,0.002680,,,0.00063240877,,,,,,-1.650195,,,0.038392,0.000000,,,,,-0.066559,0.339616,0.249137,0.933162,0.933162,-2.521362,0.027697,,,,1.052260,,0.503504,,
195511,45.51,1.6333,3.5600,0.087825,0.075124,0.0310,0.0358,0.0295,-0.0045,-0.0030,0.0224,0.001700,0.035889,0.038577,0.078225,0.458801,0.515251,0.007100,0.004800,0.001500,0.000000,,0.026034,0.001929,,,0.00037276775,,,,,,-1.627943,,,0.037309,0.000000,,,,,0.112352,0.355314,0.267803,0.991404,0.991404,-2.576662,0.029767,,,,1.052260,,0.481169,,
195512,45.48,1.6400,3.6200,-0.000309,-0.001685,0.0315,0.0362,0.0295,0.0037,0.0063,0.0254,0.001800,0.036060,0.036036,0.079595,0.453039,0.509828,0.004100,0.004700,0.002600,-0.003717,,0.025245,0.000475,,,0.00024379918,,,,,,-1.579157,,,0.037488,0.000000,,,,,0.085433,0.364679,0.238419,1.000000,1.000000,-2.559969,0.030140,,,,1.052260,,0.289730,,
195601,43.82,1.6700,3.6433,-0.035057,-0.036279,0.0311,0.0360,0.0292,0.0083,0.0104,0.0241,0.002200,0.038110,0.036719,0.083143,0.458372,0.528954,0.005100,0.004900,0.002100,0.000000,,0.026424,0.001180,,,-0.00039753293,,,,,,-1.674481,,,0.040168,0.000000,,,,,0.090802,0.333284,0.229756,0.963841,0.963841,-2.515780,0.029673,,,,0.001746,,0.231077,,
195602,45.34,1.7000,3.6667,0.041397,0.034458,0.0308,0.0358,0.0293,-0.0002,0.0026,0.0232,0.001900,0.037494,0.038795,0.080871,0.463636,0.514835,0.006100,0.005000,0.002800,0.000000,,0.024165,0.001100,,,0.0003637531,,,,,,-1.611967,,,0.027753,0.000000,,,,,0.044952,0.333574,0.235024,0.990274,0.990274,-2.542910,0.024944,,,,-0.265009,,0.280888,,
195603,48.48,1.7300,3.6900,0.070328,0.069226,0.0310,0.0360,0.0303,-0.0149,-0.0146,0.0225,0.001500,0.035685,0.038156,0.076114,0.468835,0.531077,0.007800,0.005000,0.000300,0.000000,,0.026695,0.001009,,,0.00074149788,,,,,,-1.646840,,,0.024153,0.000000,,,,,0.084962,0.317974,0.245646,0.997583,0.997583,-2.604695,0.026385,,,,0.788032,,0.276114,,
195604,48.38,1.7533,3.6600,-0.000637,-0.001425,0.0324,0.0368,0.0311,-0.0113,-0.0115,0.0260,0.001900,0.036241,0.036166,0.075651,0.479052,0.526622,0.005100,0.004400,-0.000200,0.003731,,0.026214,0.000815,,,0.0004518148,,,,,,-1.636424,,,0.028111,0.000000,,,,,0.126725,0.352682,0.259894,0.990538,0.990538,-2.612928,0.028957,,,,0.806190,,0.229526,,
195605,45.20,1.7767,3.6300,-0.058414,-0.065976,0.0328,0.0373,0.0299,0.0225,0.0052,0.0261,0.002300,0.039307,0.036723,0.080310,0.489441,0.568560,0.003800,0.004500,-0.017300,0.003717,,0.029303,0.001836,,,0.00050480841,,,,,,-1.702149,,,0.015701,0.000000,,,,,0.140220,0.328274,0.288175,0.917474,0.917474,-2.552103,0.030914,,,,-0.531097,,0.273339,,
195606,46.97,1.8000,3.6000,0.038910,0.037762,0.0326,0.0376,0.0299,0.0027,-0.0018,0.0249,0.002000,0.038322,0.039823,0.076645,0.500000,0.551565,0.005000,0.005000,-0.004500,0.007407,,0.025672,0.001037,,,0.00093993644,,,,,,-1.563248,,,0.003212,0.000000,,,,,0.027484,0.328016,0.583520,0.945744,0.945744,-2.598134,0.029649,,,,-0.526934,,0.303986,,
195607,49.39,1.8133,3.5533,0.051427,0.050619,0.0328,0.0380,0.0313,-0.0209,-0.0093,0.0231,0.002200,0.036715,0.038606,0.071944,0.510318,0.524903,0.008200,0.005200,0.011600,0.007353,,0.024754,0.000496,,,0.0010155226,,,,,,-1.570614,,,-0.031505,0.000000,,,,,0.068823,0.323865,0.660418,0.993782,0.993782,-2.662489,0.027187,,,,0.523580,,0.296424,,
195608,47.51,1.8267,3.5067,-0.032788,-0.039976,0.0343,0.0393,0.0325,-0.0187,-0.0208,0.0260,0.001700,0.038448,0.036985,0.073809,0.520913,0.541391,0.006500,0.005000,-0.002100,-0.003650,,0.023813,0.001235,,,0.0010104698,,,,,,-1.599665,,,0.004943,0.000000,,,,,0.026633,0.326418,0.661791,0.963516,0.963516,-2.639031,0.026311,,,,0.279814,,0.262455,,
195609,45.35,1.8400,3.4600,-0.044022,-0.045127,0.0356,0.0407,0.0324,0.0050,0.0012,0.0284,0.001800,0.040573,0.038729,0.076295,0.531792,0.571910,0.004000,0.005100,-0.003800,0.003663,,0.029363,0.000788,,,0.0013593543,,,,,,-1.580542,,,0.023896,0.000000,,,,,-0.015613,0.348695,0.669882,0.912101,0.912101,-2.606383,0.024841,,,,-1.622292,,0.243592,,
195610,45.58,1.8067,3.4433,0.006619,0.005298,0.0359,0.0417,0.0329,-0.0054,-0.0105,0.0290,0.002500,0.039637,0.039838,0.075545,0.524687,0.566427,0.003900,0.005800,-0.005100,0.003650,,0.029458,0.001642,,,0.0012720931,,,,,,-1.585960,,,0.028950,0.000000,,,,,0.012940,0.343023,0.751416,0.920929,0.920929,-2.615884,0.028689,,,,-2.182569,,0.313180,,
195611,45.08,1.7733,3.4267,-0.001921,-0.011161,0.0369,0.0424,0.0333,-0.0057,-0.0126,0.0299,0.002000,0.039337,0.038906,0.076013,0.517508,0.574897,0.003400,0.005500,-0.006900,0.000000,,0.027090,0.001732,,,0.0015415947,,,,,,-1.613411,,,0.016754,0.000000,,,,,0.116741,0.369620,0.786125,0.907360,0.907360,-2.611155,0.031861,,,,-2.685336,,0.334654,,
195612,46.67,1.7400,3.4100,0.036284,0.034442,0.0375,0.0437,0.0345,-0.0179,-0.0082,0.0321,0.002400,0.037283,0.038598,0.073066,0.510264,0.544177,0.002400,0.006200,0.009700,0.003636,,0.026150,0.001020,,,0.00096984129,,,,,,-1.609933,,,0.027935,0.000000,,,,,0.118309,0.352123,0.655811,0.958584,0.958584,-2.651660,0.034725,,,,-1.664162,,0.329678,,
195701,44.72,1.7367,3.4067,-0.040238,-0.041569,0.0377,0.0449,0.0328,0.0346,0.0197,0.0311,0.002700,0.038834,0.037212,0.076178,0.509785,0.567243,0.001700,0.007200,-0.014900,0.000000,,0.027993,0.000902,,,0.0007385817,,,,,,-1.605776,,,0.020708,0.088652,,,,,0.047366,0.355986,0.607318,0.919605,0.919605,-2.608700,0.034388,,,,-2.450070,,0.284595,,
195702,43.26,1.7333,3.4033,-0.024919,-0.032823,0.0367,0.0447,0.0328,0.0025,0.0093,0.0310,0.002400,0.040068,0.038760,0.078672,0.509304,0.584994,0.001800,0.008000,0.006800,0.003623,,0.030174,0.001056,,,0.00082731425,,,,,,-1.590714,,,0.026894,0.000000,,,,,0.010684,0.348346,0.635754,0.891699,0.891699,-2.575328,0.030605,,,,-2.685336,,0.265059,,
195703,44.11,1.7300,3.4000,0.023827,0.020752,0.0366,0.0443,0.0331,-0.0024,0.0050,0.0308,0.002300,0.039220,0.039991,0.077080,0.508824,0.599819,0.002300,0.007700,0.007400,0.003610,,0.026601,0.000330,,,0.0010540988,,,,,,-1.487450,,,0.022130,0.000000,,,,,0.043548,0.372271,0.631091,0.911256,0.911256,-2.596443,0.027522,,,,-2.685336,,0.263519,,
195704,45.74,1.7300,3.4067,0.046538,0.045215,0.0367,0.0444,0.0345,-0.0222,-0.0066,0.0307,0.002500,0.037822,0.039220,0.074479,0.507827,0.576098,0.003800,0.007700,0.015600,0.003597,,0.027422,0.000302,,,0.0021421117,,,,,,-1.510523,,,0.005141,0.000000,,,,,0.064169,0.362656,0.665884,0.948959,0.948777,-2.631446,0.025207,,,,-1.636865,,0.232143,,
195705,47.43,1.7300,3.4133,0.038734,0.033208,0.0374,0.0452,0.0348,-0.0023,-0.0075,0.0306,0.002600,0.036475,0.037822,0.071966,0.506836,0.564039,0.004200,0.007800,-0.005200,0.003584,,0.028850,0.000482,,,0.0024221896,,,,,,-1.540555,,,-0.002102,0.000000,,,,,0.083794,0.350518,0.707630,0.969248,0.969062,-2.666934,0.028718,,,,0.514253,,0.145440,,
195706,47.37,1.7300,3.4200,-0.000705,-0.003632,0.0391,0.0463,0.0361,-0.0180,-0.0322,0.0329,0.002400,0.036521,0.036475,0.072198,0.505848,0.565877,0.003200,0.007200,-0.014200,0.003571,,0.030529,0.000579,,,0.0021760295,,,,,,-1.560076,,,-0.003175,0.000000,,,,,0.068071,0.365582,0.320920,0.966100,0.965915,-2.665644,0.030311,,,,1.052260,,0.178378,,
195707,47.91,1.7400,3.4367,0.009747,0.008217,0.0399,0.0473,0.0365,-0.0041,-0.0110,0.0316,0.003000,0.036318,0.036732,0.071732,0.506304,0.560057,0.004900,0.007400,-0.006900,0.007117,,0.032347,0.000554,,,0.0016312095,,,,,,-1.543350,,,-0.000576,0.000000,,,,,0.053973,0.359134,0.308776,0.976140,0.975952,-2.673369,0.031383,,,,0.816994,,0.202739,,
195708,45.22,1.7500,3.4533,-0.048998,-0.054178,0.0410,0.0482,0.0367,0.0002,-0.0009,0.0337,0.002500,0.038700,0.036527,0.076367,0.506757,0.588005,0.003000,0.007200,-0.001100,0.000000,,0.035854,0.002147,,,0.0013495821,,,,,,-1.614492,,,-0.004109,0.000000,,,,,0.086295,0.378268,0.229789,0.930065,0.929565,-2.610748,0.028885,,,,0.270466,,0.320206,,
195709,42.42,1.7600,3.4700,-0.057879,-0.060609,0.0412,0.0493,0.0364,0.0076,0.0095,0.0353,0.002600,0.041490,0.038921,0.081801,0.507205,0.624151,0.001100,0.008100,0.001900,0.000000,,0.034363,0.001517,,,0.0011169848,,,,,,-1.594064,,,-0.016244,0.000000,,,,,-0.001900,0.363973,0.223700,0.876203,0.875732,-2.541917,0.030206,,,,-1.614137,,0.363913,,
195710,41.06,1.7700,3.4367,-0.038834,-0.040549,0.0410,0.0499,0.0369,-0.0050,0.0023,0.0358,0.002900,0.043108,0.041726,0.083699,0.515033,0.645746,0.001100,0.008900,0.007300,0.000000,,0.038410,0.004936,,,0.001123013,,,,,,-1.767437,,,-0.034694,0.000000,,,,,0.110740,0.362466,0.219066,0.846900,0.846445,-2.519464,0.031913,,,,-2.685336,,0.488485,,
195711,41.72,1.7800,3.4033,0.023703,0.016483,0.0408,0.0509,0.0340,0.0533,0.0311,0.0331,0.002800,0.042665,0.043351,0.081576,0.523017,0.633072,0.000900,0.010100,-0.022200,0.003534,,0.040990,0.003490,,,0.00080408554,,,,,,-1.716762,,,-0.062317,-0.022801,,,,,0.136935,0.352076,0.208020,0.863855,0.863391,-2.542751,0.043108,,,,-2.685336,,0.495690,,
195712,39.99,1.7900,3.3700,-0.037422,-0.041021,0.0381,0.0503,0.0323,0.0307,0.0685,0.0304,0.002400,0.044761,0.042905,0.084271,0.531157,0.653676,0.001900,0.012200,0.037800,0.000000,,0.034873,0.001251,,,0.0006679271,,,,,,-1.607558,,,-0.085278,0.023333,,,,,0.057746,0.347251,0.197023,0.836627,0.836177,-2.505312,0.048123,,,,-2.685336,,0.468436,,
195801,41.70,1.7833,3.2933,0.045518,0.044330,0.0360,0.0483,0.0330,-0.0084,0.0099,0.0244,0.002800,0.042766,0.044594,0.078977,0.541498,0.632861,0.008600,0.012300,0.018300,0.007042,,0.029896,0.000784,,,0.00029026727,,,,,,-1.615856,,,-0.107287,0.000000,,,,,0.025333,0.368835,0.227360,0.864143,0.863679,-2.569034,0.053474,,,,-2.685336,,0.346360,,
195802,40.84,1.7767,3.2167,-0.014109,-0.020288,0.0359,0.0466,0.0325,0.0100,-0.0008,0.0153,0.001200,0.043503,0.042606,0.078763,0.552332,0.647390,0.017200,0.010700,-0.010800,0.000000,,0.027751,0.000736,,,0.00063030591,,,,,,-1.530269,,,-0.132360,0.000000,,,,-0.106391,0.040597,0.371080,0.241885,0.844749,0.844295,-2.571359,0.044037,,,,-2.685336,,0.255537,,
195803,42.10,1.7700,3.1400,0.033052,0.029736,0.0363,0.0468,0.0321,0.0102,-0.0046,0.0130,0.000900,0.042043,0.043340,0.074584,0.563694,0.668592,0.019100,0.010500,-0.014800,0.006993,,0.028934,0.000519,,,0.00018732113,,,,,,-1.503511,,,-0.148201,0.000000,,,,-0.021385,0.040183,0.373635,0.219413,0.857884,0.857423,-2.625190,0.038067,,,,-2.439266,,0.219169,,
195804,43.44,1.7567,3.0700,0.033511,0.032038,0.0360,0.0467,0.0311,0.0186,0.0163,0.0113,0.000800,0.040439,0.041726,0.070672,0.572205,0.655245,0.019800,0.010700,-0.002300,0.003472,,0.027017,0.000747,,,0.00059178144,,,,,,-1.545409,,,-0.168397,0.000000,,,,-0.058176,0.035947,0.367099,0.173302,0.875358,0.874887,-2.678096,0.032951,,,,-0.268431,,0.246387,,
195805,44.09,1.7433,3.0000,0.021313,0.015503,0.0357,0.0462,0.0313,0.0001,0.0031,0.0091,0.001100,0.039540,0.040132,0.068043,0.581110,0.645559,0.022200,0.010500,0.003000,0.000000,,0.022869,0.000433,,,0.00033967296,,,,,,-1.534425,,,-0.162125,0.000000,,,,-0.007885,0.020511,0.370126,0.162441,0.888492,0.888015,-2.716403,0.032986,,,,0.549493,,0.209454,,
195806,45.24,1.7300,2.9300,0.027998,0.024897,0.0357,0.0455,0.0324,-0.0160,-0.0038,0.0083,0.000300,0.038240,0.039238,0.064766,0.590444,0.624660,0.024100,0.009800,0.012200,0.000000,,0.021436,0.000438,,,0.00075771817,,,,,,-1.574775,,,-0.139574,0.000000,,,,0.026928,0.035628,0.366074,0.372144,0.918217,0.917724,-2.766247,0.035095,,,,0.816994,,0.214077,,
195807,47.19,1.7300,2.9133,0.043960,0.042418,0.0367,0.0453,0.0343,-0.0278,-0.0153,0.0091,0.000700,0.036660,0.038240,0.061736,0.593822,0.593849,0.025200,0.008600,0.012500,0.003460,,0.016933,0.000696,,,0.00094813929,,,,,,-1.615401,,,-0.128290,0.000000,,,,-0.007773,0.002167,0.335545,0.371420,0.995823,0.965339,-2.816384,0.032936,,,,0.816994,,0.197178,,
195808,47.75,1.7300,2.8967,0.017999,0.013270,0.0385,0.0467,0.0371,-0.0435,-0.0320,0.0169,0.000400,0.036230,0.036660,0.060663,0.597238,0.587264,0.020200,0.008200,0.011500,-0.003448,,0.015090,0.000589,,,0.0012465824,,,,,,-1.626765,,,-0.111974,0.000000,,,,-0.010322,0.000165,0.343589,0.361770,0.992604,0.976164,-2.837205,0.032983,,,,1.052260,,0.208069,,
195809,50.06,1.7300,2.8800,0.050837,0.047954,0.0409,0.0487,0.0380,-0.0117,-0.0096,0.0244,0.001900,0.034559,0.036230,0.057531,0.600694,0.561371,0.013600,0.007800,0.002100,0.000000,,0.013983,0.000510,,,0.0013977792,,,,,,-1.661978,,,-0.106343,0.000000,,,,-0.041092,0.078519,0.346547,0.373509,1.000000,1.000000,-2.892342,0.033175,,,,1.052260,,0.189625,,
195810,51.33,1.7367,2.8833,0.027370,0.025878,0.0411,0.0492,0.0374,0.0138,0.0107,0.0263,0.001800,0.033833,0.034692,0.056172,0.602314,0.549869,0.011100,0.008100,-0.003100,0.000000,,0.012278,0.000793,,,0.0011634523,,,,,,-1.720883,,,-0.098234,0.000000,,,,0.001899,0.042758,0.340155,0.325758,0.994253,0.994253,-2.916625,0.036281,,,,1.052260,,0.190199,,
195811,52.48,1.7433,2.8867,0.028617,0.023385,0.0409,0.0487,0.0368,0.0120,0.0105,0.0267,0.001100,0.033219,0.033963,0.055005,0.603924,0.535823,0.010100,0.007800,-0.001500,0.003460,,0.011534,0.001530,,,0.0015285202,,,,,,-1.868645,,,-0.072686,-0.022801,,,,0.048780,0.057713,0.339971,0.393398,0.982412,0.982412,-2.937046,0.045201,,,,1.052260,,0.267356,,
195812,55.21,1.7500,2.8900,0.054112,0.051432,0.0408,0.0485,0.0382,-0.0181,-0.0058,0.0277,0.002200,0.031697,0.033346,0.052346,0.605536,0.511779,0.010500,0.007700,0.012300,-0.003448,,0.023686,0.000713,,,0.0015858124,,,,,,-1.775056,,,-0.074911,0.000000,,,,-0.001222,0.158954,0.329051,0.428966,1.000000,1.000000,-2.987761,0.045687,,,,1.052260,,0.235600,,
195901,55.42,1.7567,2.9633,0.006331,0.005395,0.0412,0.0487,0.0408,-0.0080,-0.0028,0.0282,0.002100,0.031697,0.031818,0.053470,0.592803,0.502896,0.012600,0.007500,0.005200,0.003460,,0.027736,0.000585,,,0.0017223872,,,,,,-1.848017,,,-0.063583,0.000000,,,,0.057749,0.051422,0.323373,0.659469,0.993809,0.993809,-2.968040,0.046304,,,,1.052260,,0.231762,,
195902,55.41,1.7633,3.0367,0.006711,0.002210,0.0414,0.0489,0.0402,0.0117,0.0126,0.0270,0.001900,0.031823,0.031818,0.054804,0.580679,0.494946,0.013200,0.007500,0.000900,-0.003448,,0.027898,0.000845,,,0.001945027,,,,,,-1.783777,,,-0.047653,-0.010000,,,,0.070067,0.051328,0.335969,0.671835,1.000000,1.000000,-2.942835,0.038954,,,,1.052260,,0.176202,,
195903,55.44,1.7700,3.1100,0.003352,0.000826,0.0413,0.0485,0.0403,0.0017,-0.0083,0.0280,0.002200,0.031926,0.031944,0.056097,0.569132,0.516860,0.012300,0.007200,-0.010000,0.000000,,0.024984,0.000492,,,0.0017683065,,,,,,-1.825837,,,-0.036806,0.000000,,,,0.071680,0.077106,0.333600,0.645184,0.978884,0.978884,-2.919803,0.038295,,,,1.052260,,0.178768,,
195904,57.59,1.7767,3.2067,0.040054,0.039093,0.0423,0.0486,0.0414,-0.0117,-0.0172,0.0295,0.002000,0.030850,0.032047,0.055681,0.554055,0.498597,0.011900,0.006300,-0.005500,0.003460,,0.024361,0.000493,,,0.0013570631,,,,,,-1.775911,,,-0.019188,0.000000,,,,0.046993,0.051513,0.318900,0.652508,0.990284,0.990284,-2.928490,0.037074,,,,1.052260,,0.162196,,
195905,58.68,1.7833,3.3033,0.023631,0.019043,0.0437,0.0496,0.0417,-0.0005,-0.0114,0.0284,0.002200,0.030391,0.030966,0.056294,0.539858,0.483077,0.013300,0.005900,-0.010900,0.000000,,0.025887,0.000428,,,0.0019126436,,,,,,-1.820231,,,-0.007686,0.000000,,,,-0.008904,0.074440,0.335838,0.666432,1.000000,1.000000,-2.919365,0.036805,,,,1.052260,,0.126315,,
195906,58.47,1.7900,3.4000,-0.000725,-0.003196,0.0446,0.0504,0.0419,0.0010,0.0044,0.0321,0.002400,0.030614,0.030504,0.058149,0.526471,0.483219,0.009800,0.005800,0.003400,0.003448,,0.026882,0.000915,,,0.0019170919,,,,,,-1.807717,,,-0.009990,0.000000,,,,0.021682,0.083557,0.334227,0.511112,0.999705,0.999705,-2.887223,0.033888,,,,1.052260,,0.164511,,
195907,60.51,1.7967,3.4100,0.034504,0.033514,0.0447,0.0508,0.0417,0.0060,0.0089,0.0320,0.002500,0.029692,0.030728,0.056354,0.526883,0.460823,0.009700,0.006100,0.002900,0.003436,,0.027141,0.000488,,,0.0015859289,,,,,,-1.828396,,,-0.037671,0.000000,,,,-0.024076,0.074939,0.319503,0.554934,1.000000,1.000000,-2.919156,0.033967,,,,1.052260,,0.161559,,
195908,59.60,1.8033,3.4200,-0.011076,-0.015179,0.0443,0.0509,0.0423,-0.0041,-0.0068,0.0338,0.001900,0.030257,0.029802,0.057383,0.527289,0.468084,0.008500,0.006600,-0.002700,0.000000,,0.028146,0.001070,,,0.0014395527,,,,,,-1.785303,,,-0.075576,0.000000,,,,-0.000937,0.052796,0.329341,0.598069,0.979811,0.979811,-2.901362,0.031982,,,,1.052260,,0.218662,,
195909,56.88,1.8100,3.4300,-0.043182,-0.045586,0.0452,0.0518,0.0429,-0.0057,-0.0088,0.0404,0.003100,0.031821,0.030369,0.060302,0.527697,0.492338,0.002500,0.006600,-0.003100,0.003425,,0.030529,0.001710,,,0.0013970167,,,,,,-1.888722,,,-0.080225,0.000000,,,,0.047999,0.039436,0.314416,0.603069,0.931544,0.931544,-2.854121,0.031077,,,,0.537576,,0.273944,,
195910,57.52,1.8167,3.4167,0.012574,0.011436,0.0457,0.0528,0.0421,0.0150,0.0165,0.0405,0.003000,0.031583,0.031939,0.059400,0.531708,0.480977,0.001600,0.007100,0.001500,0.003413,,0.031020,0.000618,,,0.0013316314,,,,,,-1.734739,,,-0.090945,0.000000,,,,0.041070,0.084135,0.332609,0.636095,0.953547,0.953547,-2.867770,0.028872,,,,0.502316,,0.287449,,
195911,58.28,1.8233,3.4033,0.018486,0.013114,0.0456,0.0526,0.0432,-0.0119,0.0135,0.0415,0.002600,0.031286,0.031699,0.058396,0.535749,0.471798,0.001700,0.007000,0.025400,0.000000,,0.029722,0.000500,,,0.0015158997,,,,,,-1.803675,,,-0.088296,0.000000,,,,-0.006755,0.114665,0.325746,0.617154,0.972099,0.972099,-2.884809,0.029185,,,,0.496625,,0.245056,,
195912,59.89,1.8300,3.3900,0.029627,0.026911,0.0458,0.0528,0.0447,-0.0159,-0.0096,0.0449,0.003400,0.030556,0.031400,0.056604,0.539823,0.457784,-0.000200,0.007000,0.006300,0.000000,,0.022856,0.000308,,,0.0009753718,,,,,,-1.802250,,,-0.031737,0.000000,,,,-0.026319,0.090481,0.319404,0.615123,1.000000,1.000000,-2.917513,0.030375,,,,0.777954,,0.129065,,
196001,55.61,1.8667,3.3900,-0.069933,-0.070835,0.0461,0.0534,0.0441,0.0112,0.0107,0.0435,0.003300,0.033567,0.031168,0.060960,0.550640,0.499502,0.000600,0.007300,-0.000500,-0.003401,,0.022116,0.000919,,,0.00088855224,,,,,,-1.813691,,,-0.009242,0.000000,,,,-0.082703,-0.026804,0.338917,0.619273,0.908311,0.908311,-2.843653,0.029928,,,,-0.600371,,0.163772,,
196002,56.12,1.9033,3.3900,0.013922,0.009129,0.0456,0.0534,0.0429,0.0204,0.0128,0.0396,0.002900,0.033915,0.034226,0.060406,0.561454,0.493557,0.003300,0.007800,-0.007600,0.003413,,0.024037,0.001150,,,0.00066084815,,,,,,-1.771279,,,-0.021596,0.000000,,,,-0.067547,0.039755,0.314878,0.622434,0.919252,0.919252,-2.850584,0.029270,,,,-0.870876,,0.213606,,
196003,55.34,1.9400,3.3900,-0.012566,-0.015238,0.0449,0.0525,0.0411,0.0282,0.0191,0.0331,0.003500,0.035056,0.034569,0.061258,0.572271,0.549798,0.008000,0.007600,-0.009100,0.000000,,0.025593,0.000969,,,0.00036098225,,,,,,-1.737020,,,-0.034027,0.000000,,,,-0.065095,0.001793,0.326379,0.629512,0.899514,0.899514,-2.834288,0.029973,,,,-1.106142,,0.261257,,
196004,54.37,1.9433,3.3467,-0.016113,-0.017097,0.0445,0.0520,0.0426,-0.0170,-0.0022,0.0323,0.001900,0.035743,0.035116,0.061554,0.580676,0.563404,0.010300,0.007500,0.014800,0.003401,,0.025577,0.000645,,,0.00012148666,,,,,,-1.695482,,,-0.045395,0.000000,,,,-0.053566,-0.031867,0.334575,0.636005,0.877792,0.877792,-2.829756,0.028498,,,,-2.156656,,0.230941,,
196005,55.83,1.9467,3.3033,0.033513,0.028312,0.0446,0.0528,0.0417,0.0152,-0.0021,0.0329,0.002700,0.034868,0.035804,0.059168,0.589305,0.541966,0.008800,0.008200,-0.017300,0.000000,,0.024414,0.000424,,,-0.00003575882,,,,,,-1.765054,,,-0.049940,0.000000,,,,-0.031265,0.068783,0.335514,0.677980,0.912513,0.912513,-2.869961,0.032687,,,,-1.642232,,0.165940,,
196006,56.92,1.9500,3.2600,0.021802,0.019133,0.0445,0.0526,0.0407,0.0173,0.0141,0.0246,0.002400,0.034259,0.034927,0.057273,0.598160,0.529175,0.016100,0.008100,-0.003200,0.003390,,0.024270,0.000499,,,-0.0000042243115,,,,,,-1.792865,,,-0.065992,0.000000,,,,-0.012489,0.078441,0.346200,0.745092,0.934570,0.934570,-2.900582,0.034529,,,,-0.570026,,0.116764,,
196007,55.51,1.9500,3.2633,-0.022948,-0.023813,0.0441,0.0522,0.0382,0.0368,0.0257,0.0230,0.001300,0.035129,0.034259,0.058788,0.597549,0.549673,0.015200,0.008100,-0.011100,0.000000,,0.025778,0.000978,,,-0.00044859757,,,,,,-1.726967,,,-0.072868,0.000000,,,,-0.041350,0.086275,0.357227,0.724689,0.899718,0.899718,-2.872074,0.034297,,,,-1.106142,,0.148486,,
196008,56.96,1.9500,3.2667,0.031467,0.026197,0.0428,0.0508,0.0390,-0.0067,0.0117,0.0230,0.001700,0.034235,0.035129,0.057350,0.596938,0.541542,0.016000,0.008000,0.018400,0.000000,,0.025195,0.000637,,,-0.00077142974,,,,,,-1.732032,,,-0.077422,0.000000,,,,0.020992,0.010254,0.342120,0.783500,0.913227,0.913227,-2.895874,0.054615,,,,-0.285309,,0.169341,,
196009,53.52,1.9500,3.2700,-0.058713,-0.060920,0.0425,0.0501,0.0387,0.0075,-0.0063,0.0248,0.001600,0.036435,0.034235,0.061099,0.596330,0.584342,0.013900,0.007600,-0.013800,0.000000,,0.028312,0.001772,,,-0.0011943574,,,,,,-1.803054,,,-0.091333,0.000000,,,,0.007209,0.063190,0.340153,0.862155,0.846339,0.846339,-2.832561,0.055365,,,,-1.106142,,0.275714,,
196010,53.39,1.9500,3.2700,-0.001079,-0.002407,0.0430,0.0511,0.0391,-0.0028,0.0008,0.0230,0.002200,0.036524,0.036435,0.061247,0.596330,0.584120,0.016100,0.008100,0.003600,0.006757,,0.027824,0.001049,,,-0.0008968794,,,,,,-1.737444,,,-0.095893,0.000000,,,,-0.052075,-0.005546,0.341962,0.840860,0.846660,0.846660,-2.830996,0.058252,,,,-2.156656,,0.283824,,
196011,55.54,1.9500,3.2700,0.046081,0.039977,0.0431,0.0508,0.0399,-0.0066,-0.0070,0.0237,0.001300,0.035110,0.036524,0.058876,0.596330,0.567630,0.016200,0.007700,-0.000400,0.000000,,0.026034,0.000669,,,-0.00095527831,,,,,,-1.752631,,,-0.113491,0.000000,,,,-0.030679,0.014598,0.349310,0.856025,0.871256,0.871256,-2.870861,0.036637,,,,-1.908727,,0.292599,,
196012,58.11,1.9500,3.2700,0.048839,0.046597,0.0435,0.0510,0.0380,0.0279,0.0104,0.0225,0.001600,0.033557,0.035110,0.056273,0.596330,0.550423,0.015500,0.007500,-0.017500,0.000000,,0.022761,0.000450,,,-0.0013625136,,,,,,-1.737643,,,-0.136148,0.000000,,,,-0.021545,0.123016,0.341270,0.643708,0.898493,0.898493,-2.915229,0.032903,,,,0.816994,,0.181978,,
196101,61.78,1.9467,3.2100,0.064320,0.063181,0.0432,0.0510,0.0404,-0.0107,0.0148,0.0224,0.001900,0.031510,0.033500,0.051959,0.606439,0.522987,0.018000,0.007800,0.025500,0.000000,,0.021815,0.000741,,,-0.0013306273,,,,,,-1.869028,,,-0.138307,0.000000,,,,-0.015421,0.028887,0.342580,0.605945,0.987478,0.945629,-2.994990,0.033890,,,,1.052260,,0.119293,,
196102,63.44,1.9433,3.1500,0.032838,0.028612,0.0427,0.0507,0.0392,0.0200,0.0210,0.0242,0.001400,0.030633,0.031456,0.049653,0.616930,0.512023,0.015000,0.008000,0.001000,0.000000,,0.019420,0.000547,,,-0.0012541776,,,,,,-1.899082,,,-0.142891,0.000000,,,,0.007018,0.054560,0.339559,0.645858,1.000000,0.965877,-3.039795,0.034506,,,,1.052260,,0.113861,,
196103,65.06,1.9400,3.0900,0.029345,0.027051,0.0422,0.0502,0.0397,-0.0037,-0.0029,0.0239,0.002000,0.029819,0.030580,0.047495,0.627832,0.546680,0.015800,0.008000,0.000800,0.000000,,0.022738,0.000415,,,-0.0012149657,,,,,,-1.931002,,,-0.140189,0.000000,,,,-0.016785,0.086599,0.331014,0.576045,0.995952,0.987104,-3.083856,0.045804,,,,1.052260,,0.117266,,
196104,65.31,1.9400,3.0700,0.004537,0.003843,0.0425,0.0501,0.0391,0.0115,-0.0116,0.0229,0.001700,0.029704,0.029819,0.047007,0.631922,0.545004,0.016200,0.007600,-0.023100,0.000000,,0.023259,0.001009,,,-0.0015040745,,,,,,-1.977592,,,-0.123206,0.000000,,,,0.024158,0.046923,0.328097,0.595122,0.974150,0.974150,-3.094571,0.045971,,,,1.052260,,0.147173,,
196105,66.56,1.9400,3.0500,0.023553,0.018924,0.0427,0.0501,0.0397,-0.0046,0.0049,0.0229,0.001800,0.029147,0.029704,0.045823,0.636066,0.530916,0.016800,0.007400,0.009500,0.000000,,0.022466,0.000404,,,-0.0014627354,,,,,,-1.899366,,,-0.111277,0.000000,,,,0.016827,0.064328,0.332017,0.622658,0.986911,0.986911,-3.119391,0.044368,,,,1.052260,,0.129141,,
196106,64.64,1.9400,3.0300,-0.026673,-0.028725,0.0433,0.0503,0.0404,-0.0075,-0.0080,0.0233,0.002000,0.030012,0.029147,0.046875,0.640264,0.540821,0.017100,0.007000,-0.000500,0.000000,,0.022482,0.000549,,,-0.0011481273,,,,,,-1.791855,,,-0.100727,0.000000,,,,0.006951,0.039173,0.339435,0.542842,0.968837,0.968837,-3.098337,0.033728,,,,1.052260,,0.157126,,
196107,66.76,1.9467,3.0367,0.033795,0.033119,0.0441,0.0509,0.0404,0.0035,0.0040,0.0224,0.001800,0.029159,0.030116,0.045486,0.641054,0.524406,0.018000,0.006800,0.000500,0.006711,,0.025180,0.000628,,,-0.0015422544,,,,,,-1.785662,,,-0.092634,0.000000,,,,0.020101,0.057291,0.330468,0.541850,0.999164,0.999164,-3.128794,0.029236,,,,1.052260,,0.161110,,
196108,68.07,1.9533,3.0433,0.024730,0.019511,0.0445,0.0511,0.0410,-0.0038,-0.0018,0.0239,0.001400,0.028696,0.029259,0.044709,0.641840,0.513793,0.017100,0.006600,0.002000,-0.003333,,0.025426,0.000406,,,-0.0019986084,,,,,,-1.780021,,,-0.086920,0.000000,,,,0.026322,0.012257,0.332436,0.589734,0.991981,0.991981,-3.147190,0.027917,,,,1.052260,,0.166977,,
196109,66.73,1.9600,3.0500,-0.018674,-0.019877,0.0445,0.0512,0.0403,0.0129,0.0144,0.0228,0.001700,0.029372,0.028794,0.045707,0.642623,0.527517,0.017500,0.006700,0.001500,0.003344,,0.024963,0.000822,,,-0.0022923683,,,,,,-1.790326,,,-0.091389,0.000000,,,,-0.002880,0.052308,0.318995,0.580879,0.965149,0.965149,-3.124541,0.026627,,,,1.052260,,0.187557,,
196110,68.62,1.9800,3.0967,0.028174,0.026791,0.0442,0.0513,0.0400,0.0071,0.0127,0.0230,0.001900,0.028855,0.029672,0.045128,0.639397,0.525486,0.017000,0.007100,0.005600,0.000000,,0.025836,0.000268,,,-0.0020361304,,,,,,-1.761040,,,-0.075720,0.000000,,,,0.004759,0.042355,0.323856,0.574280,0.968879,0.968879,-3.136708,0.028470,,,,1.052260,,0.150086,,
196111,71.32,2.0000,3.1433,0.045226,0.039324,0.0439,0.0511,0.0404,-0.0020,0.0028,0.0248,0.001500,0.028043,0.029146,0.044074,0.636268,0.512611,0.015600,0.007200,0.004800,0.000000,,0.025571,0.000360,,,-0.0020734466,,,,,,-1.895040,,,-0.063669,0.000000,,,,0.016078,0.071399,0.328045,0.634473,0.982651,0.982651,-3.160538,0.031053,,,,1.052260,,0.138279,,
196112,71.55,2.0200,3.1900,0.004696,0.003465,0.0442,0.0510,0.0415,-0.0125,-0.0026,0.0260,0.001900,0.028232,0.028323,0.044584,0.633229,0.505922,0.015500,0.006800,0.009900,0.000000,,0.022324,0.000337,,,-0.0022107435,,,,,,-1.837880,,,-0.058314,0.000000,,,,0.029926,0.018596,0.326267,0.627283,0.994870,0.994870,-3.150173,0.034726,,,,1.052260,,0.090319,,
196201,68.84,2.0267,3.2500,-0.037356,-0.038692,0.0442,0.0508,0.0419,-0.0014,0.0080,0.0272,0.002400,0.029440,0.028325,0.047211,0.623591,0.528429,0.014700,0.006600,0.009400,0.000000,,0.024721,0.000812,,,-0.0022987448,,,,,,-1.806524,,,-0.070330,0.000000,,,,0.030691,0.030509,0.328270,0.593844,0.952498,0.952498,-3.093120,0.038400,,,,1.052260,,0.147042,,
196202,69.96,2.0333,3.3100,0.020592,0.016147,0.0442,0.0507,0.0414,0.0103,0.0052,0.0273,0.002000,0.029064,0.029537,0.047313,0.614299,0.522421,0.014100,0.006500,-0.005100,0.003333,,0.028783,0.000265,,,-0.0022097278,,,,,,-1.734976,,,-0.057428,0.000000,,,,0.032685,0.050956,0.324769,0.575694,0.963451,0.963451,-3.090581,0.033154,,,,1.052260,,0.160047,,
196203,69.55,2.0400,3.3700,-0.003842,-0.005137,0.0439,0.0504,0.0398,0.0253,0.0151,0.0272,0.002000,0.029331,0.029160,0.048454,0.605341,0.545725,0.012600,0.006500,-0.010200,0.000000,,0.024075,0.000279,,,-0.0028841357,,,,,,-1.714883,,,-0.055393,0.000000,,,,-0.022379,-0.007912,0.324191,0.611825,0.961955,0.961955,-3.065681,0.030266,,,,1.052260,,0.161814,,
196204,65.24,2.0467,3.4033,-0.061743,-0.062443,0.0433,0.0502,0.0394,0.0082,0.0142,0.0273,0.002200,0.031371,0.029427,0.052166,0.601373,0.579863,0.012100,0.006900,0.006000,0.003322,,0.025152,0.001020,,,-0.0023948455,,,,,,-1.793710,,,-0.056574,0.000000,,,,-0.030379,-0.142130,0.347551,0.522720,0.905322,0.905322,-2.990999,0.026971,,,,-1.353568,,0.186170,,
196205,59.63,2.0533,3.4367,-0.079847,-0.085499,0.0428,0.0500,0.0393,0.0046,0.0000,0.0269,0.002400,0.034435,0.031473,0.057633,0.597477,0.628994,0.012400,0.007200,-0.004600,0.000000,,0.027722,0.010915,,,-0.0029059114,,,,,,-2.026136,,,-0.060953,0.000000,,,,-0.021199,0.121561,0.312196,0.540737,0.834606,0.834606,-2.891626,0.030249,,,,-2.685336,,0.477422,,
196206,54.75,2.0600,3.4700,-0.080669,-0.082222,0.0428,0.0502,0.0401,-0.0076,-0.0026,0.0273,0.002000,0.037626,0.034546,0.063379,0.593660,0.687357,0.012800,0.007400,0.005000,0.000000,,0.026455,0.006161,,,-0.0027952766,,,,,,-1.984176,,,-0.066392,0.000000,,,,-0.011603,0.135417,0.331436,0.346166,0.763740,0.763740,-2.796978,0.033092,,,,-2.685336,,0.519530,,
196207,58.23,2.0667,3.4900,0.065203,0.063969,0.0434,0.0505,0.0412,-0.0109,-0.0015,0.0292,0.002700,0.035491,0.037747,0.059935,0.592169,0.645226,0.012000,0.007100,0.009400,0.003311,,0.030486,0.001843,,,-0.0025626272,,,,,,-1.781600,,,-0.060128,0.000000,,,,-0.001525,0.045080,0.424141,0.386997,0.813610,0.813610,-2.853816,0.033714,,,,-2.685336,,0.531795,,
196208,59.12,2.0733,3.5100,0.021669,0.015803,0.0435,0.0506,0.0401,0.0187,0.0143,0.0282,0.002300,0.035070,0.035606,0.059371,0.590692,0.633310,0.011900,0.007100,-0.004400,0.000000,,0.029329,0.000802,,,-0.0027495972,,,,,,-1.657555,,,-0.062370,0.000000,,,,-0.026234,0.046658,0.432159,0.349943,0.828918,0.828918,-2.862982,0.033846,,,,-2.685336,,0.426772,,
196209,56.27,2.0800,3.5300,-0.048816,-0.050259,0.0432,0.0503,0.0398,0.0061,0.0089,0.0278,0.002100,0.036965,0.035183,0.062733,0.589235,0.666344,0.012000,0.007100,0.002800,0.003300,,0.030602,0.001177,,,-0.0029218017,,,,,,-1.672666,,,-0.059341,0.000000,,,,0.021475,-0.028712,0.446208,0.359094,0.787824,0.787824,-2.807892,0.031423,,,,-2.685336,,0.311609,,
196210,56.52,2.0967,3.5767,0.008313,0.006405,0.0428,0.0499,0.0395,0.0084,0.0068,0.0274,0.002600,0.037096,0.037261,0.063281,0.586207,0.654153,0.012100,0.007100,-0.001600,0.000000,,0.028094,0.003452,,,-0.0022837634,,,,,,-1.722350,,,-0.061584,0.000000,,,,0.035818,0.088674,0.443647,0.352928,0.802506,0.802506,-2.798710,0.031995,,,,-2.439266,,0.362033,,
196211,62.26,2.1133,3.6233,0.108268,0.100528,0.0425,0.0496,0.0396,0.0021,0.0062,0.0283,0.002000,0.033944,0.037391,0.058197,0.583256,0.594178,0.011300,0.007100,0.004100,0.000000,,0.024810,0.001275,,,-0.002819534,,,,,,-1.852560,,,-0.060683,0.000000,,,,-0.000057,0.026100,0.426914,0.378768,0.883510,0.883510,-2.882377,0.032902,,,,-1.101979,,0.377059,,
196212,63.10,2.1300,3.6700,0.015534,0.014040,0.0424,0.0492,0.0395,0.0035,0.0023,0.0287,0.002300,0.033756,0.034211,0.058162,0.580381,0.591627,0.010800,0.006800,-0.001200,0.000000,,0.019968,0.000544,,,-0.0027965748,,,,,,-1.717805,,,-0.063966,0.000000,,,,0.080160,0.053440,0.460086,0.379555,0.898197,0.887320,-2.882403,0.033031,,,,0.278988,,0.338107,,
196301,66.20,2.1367,3.6833,0.050367,0.048957,0.0421,0.0491,0.0398,-0.0001,0.0059,0.0291,0.002500,0.032276,0.033862,0.055639,0.580092,0.564985,0.010700,0.007000,0.006000,0.000000,,0.017136,0.000700,,,-0.0030502697,,,,,,-1.751164,,,-0.059958,0.000000,,,,0.065236,0.005446,0.453342,0.361232,0.943763,0.929161,-2.926448,0.036275,,,,0.816994,,0.215590,,
196302,64.29,2.1433,3.6967,-0.024189,-0.029163,0.0419,0.0489,0.0400,0.0008,0.0023,0.0292,0.002300,0.033338,0.032377,0.057500,0.579800,0.581953,0.010800,0.007000,0.001500,0.000000,,0.013237,0.000392,,,-0.0030897221,,,,,,-1.683585,,,-0.051883,0.000000,,,,0.050967,-0.064908,0.469027,0.364497,0.916245,0.902070,-2.894423,0.032121,,,,0.816994,,0.201667,,
196303,66.57,2.1500,3.7100,0.036581,0.035156,0.0419,0.0488,0.0401,0.0009,0.0026,0.0289,0.002300,0.032297,0.033442,0.055731,0.579515,0.587529,0.011200,0.006900,0.001700,0.003289,,0.014380,0.000360,,,-0.0029958802,,,,,,-1.595686,,,-0.049023,0.000000,,,,0.072858,-0.005020,0.471352,0.353442,0.965443,0.928712,-2.925770,0.033853,,,,0.816994,,0.203336,,
196304,69.80,2.1667,3.7533,0.049070,0.048177,0.0421,0.0487,0.0405,-0.0012,-0.0051,0.0290,0.002500,0.031041,0.032547,0.053773,0.577266,0.558729,0.011500,0.006600,-0.003900,0.000000,,0.015199,0.000322,,,-0.0026662205,,,,,,-1.659262,,,-0.043160,0.000000,,,,0.042894,0.061991,0.457142,0.362903,0.999123,0.976582,-2.961923,0.029501,,,,1.052260,,0.153017,,
196305,70.80,2.1833,3.7967,0.019674,0.013844,0.0422,0.0485,0.0406,0.0023,0.0048,0.0293,0.002400,0.030838,0.031280,0.053625,0.575064,0.551612,0.011300,0.006300,0.002500,0.000000,,0.014649,0.000304,,,-0.0027292359,,,,,,-1.685225,,,-0.034373,0.000000,,,,0.045530,0.064987,0.457020,0.365404,1.000000,0.989182,-2.964282,0.032172,,,,1.052260,,0.116477,,
196306,69.37,2.2000,3.8400,-0.018605,-0.019806,0.0423,0.0484,0.0407,0.0019,0.0043,0.0299,0.002300,0.031714,0.031073,0.055355,0.572917,0.567282,0.010800,0.006100,0.002400,0.003279,,0.018263,0.000261,,,-0.0027715822,,,,,,-1.623619,,,-0.034642,0.000000,,,,-0.011686,0.062460,0.456796,0.423365,0.972378,0.961859,-2.933107,0.028355,,,,1.052260,,0.118236,,
196307,69.13,2.2033,3.8800,-0.001821,-0.003131,0.0426,0.0484,0.0407,0.0031,0.0028,0.0318,0.002700,0.031872,0.031762,0.056126,0.567869,0.576622,0.008900,0.005800,-0.000300,0.003268,,0.009319,0.000530,,,-0.0020389843,,,,,,-1.600494,,,-0.041886,0.000000,,,,-0.003385,0.060672,0.477993,0.429551,0.956628,0.946279,-2.919567,0.024155,,,,1.052260,,0.166975,,
196308,72.50,2.2067,3.9200,0.053466,0.048496,0.0429,0.0483,0.0408,0.0021,0.0035,0.0332,0.002500,0.030437,0.031921,0.054069,0.562926,0.549827,0.007600,0.005400,0.001400,0.000000,,0.009520,0.000327,,,-0.0019554685,,,,,,-1.614501,,,-0.043144,0.000000,,,,0.004491,0.073483,0.450727,0.424206,1.000000,0.992394,-2.956716,0.021907,,,,1.052260,,0.176606,,
196309,71.70,2.2100,3.9600,-0.010402,-0.011579,0.0431,0.0484,0.0410,0.0004,-0.0023,0.0338,0.002700,0.030823,0.030483,0.055230,0.558081,0.547224,0.007200,0.005300,-0.002700,0.000000,,0.010313,0.000330,,,-0.0015243919,,,,,,-1.679420,,,-0.036471,0.000000,,,,0.022038,0.019234,0.461498,0.418179,0.982345,0.982345,-2.936236,0.021459,,,,0.806190,,0.170014,,
196310,74.01,2.2333,3.9800,0.034825,0.033290,0.0432,0.0483,0.0415,-0.0026,0.0049,0.0345,0.002900,0.030176,0.031148,0.053777,0.561138,0.530964,0.007000,0.005100,0.007500,0.003257,,0.010280,0.000504,,,-0.0017563594,,,,,,-1.637750,,,-0.032828,0.000000,,,,0.008919,0.064278,0.447680,0.421005,0.993070,0.993070,-2.963196,0.023792,,,,1.052260,,0.131772,,
196311,73.23,2.2567,4.0000,-0.004487,-0.011085,0.0433,0.0484,0.0414,0.0051,0.0015,0.0352,0.002700,0.030816,0.030491,0.054622,0.564168,0.534296,0.006200,0.005100,-0.003600,0.000000,,0.006013,0.003110,,,-0.0017575761,,,,,,-1.724140,,,-0.031180,0.000000,,,,0.004960,0.155130,0.453234,0.415620,0.986877,0.986877,-2.947685,0.024152,,,,0.541962,,0.287757,,
196312,75.02,2.2800,4.0200,0.026065,0.024650,0.0435,0.0485,0.0417,-0.0006,-0.0034,0.0352,0.002900,0.030392,0.031135,0.053586,0.567164,0.525591,0.006500,0.005000,-0.002800,0.003247,,0.008955,0.000274,,,-0.0014968686,,,,,,-1.643365,,,-0.036368,0.000000,,,,-0.018160,0.071304,0.450447,0.431080,0.994447,0.994447,-2.966943,0.025391,,,,0.780398,,0.273246,,
196401,77.04,2.2967,4.0733,0.027391,0.026373,0.0439,0.0483,0.0421,-0.0014,0.0087,0.0352,0.003000,0.029811,0.030614,0.052873,0.563831,0.510607,0.006900,0.004400,0.010100,0.000000,,0.014294,0.000183,,,-0.0017279613,,,,,,-1.697192,,,-0.030843,0.000000,,,,0.059963,0.077245,0.440789,0.392293,0.996903,0.996903,-2.980718,0.026347,,,,1.052260,,0.259617,,
196402,77.80,2.3133,4.1267,0.017015,0.012171,0.0436,0.0483,0.0424,-0.0011,0.0054,0.0353,0.002600,0.029734,0.030028,0.053042,0.560580,0.501162,0.007100,0.004700,0.006500,0.000000,,0.017408,0.000072,,,-0.0014884159,,,,,,-1.633294,,,-0.027311,0.000000,,,,0.026782,0.071701,0.456672,0.378669,1.000000,1.000000,-2.977333,0.025991,,,,1.052260,,0.049213,,
196403,78.98,2.3300,4.1800,0.017232,0.015814,0.0438,0.0483,0.0424,0.0037,-0.0062,0.0354,0.003100,0.029501,0.029949,0.052925,0.557416,0.523675,0.007000,0.004500,-0.009900,0.000000,,0.017783,0.000115,,,-0.0018579462,,,,,,-1.698997,,,-0.030536,0.000000,,,,0.035703,0.031714,0.454721,0.382108,0.991515,0.991515,-2.980217,0.027366,,,,1.052260,,0.034739,,
196404,79.46,2.3467,4.2300,0.006192,0.005297,0.0440,0.0485,0.0423,0.0047,0.0040,0.0347,0.002900,0.029533,0.029712,0.053234,0.554768,0.525303,0.007600,0.004500,-0.000700,0.000000,,0.020768,0.000255,,,-0.0019835029,,,,,,-1.742021,,,-0.017526,0.000000,,,,0.043423,-0.006460,0.443778,0.383078,0.979984,0.979984,-2.974482,0.027260,,,,1.052260,,0.058521,,
196405,80.37,2.3633,4.2800,0.016815,0.011460,0.0441,0.0485,0.0422,0.0050,0.0057,0.0348,0.002600,0.029406,0.029742,0.053254,0.552180,0.519036,0.007400,0.004400,0.000700,0.000000,,0.021179,0.000226,,,-0.0019289225,,,,,,-1.647466,,,-0.015080,0.000000,,,,0.050455,0.057435,0.435703,0.380149,0.988424,0.988424,-2.973830,0.026904,,,,1.052260,,0.080300,,
196406,81.69,2.3800,4.3300,0.018084,0.016779,0.0441,0.0485,0.0419,0.0069,0.0048,0.0348,0.003000,0.029135,0.029613,0.053005,0.549654,0.512207,0.007100,0.004400,-0.002100,0.003236,,0.020503,0.000398,,,-0.0019886295,,,,,,-1.664885,,,-0.015471,0.000000,,,,0.052546,0.014828,0.453917,0.419545,1.000000,1.000000,-2.978218,0.022847,,,,1.052260,,0.115617,,
196407,83.18,2.4000,4.3767,0.018910,0.017953,0.0440,0.0483,0.0421,0.0008,0.0052,0.0346,0.003000,0.028853,0.029379,0.052617,0.548362,0.506361,0.007500,0.004300,0.004400,0.003226,,0.021313,0.000199,,,-0.0022379109,,,,,,-1.652409,,,-0.012129,-0.016835,,,,0.073210,0.040852,0.436057,0.438760,0.987960,0.987960,-2.985765,0.020547,,,,1.052260,,0.111696,,
196408,81.83,2.4200,4.4233,-0.011621,-0.016285,0.0441,0.0482,0.0423,0.0020,0.0037,0.0350,0.002800,0.029574,0.029094,0.054055,0.547099,0.507943,0.007300,0.004100,0.001700,-0.003215,,0.020697,0.000426,,,-0.0018720556,,,,,,-1.631077,,,-0.008825,0.000000,,,,0.026043,-0.003680,0.483414,0.455520,0.984883,0.984883,-2.958797,0.019514,,,,1.052260,,0.145231,,
196409,84.18,2.4400,4.4700,0.030399,0.029022,0.0442,0.0482,0.0421,0.0050,0.0021,0.0353,0.002800,0.028986,0.029818,0.053100,0.545861,0.486537,0.006800,0.004000,-0.002900,0.003226,,0.020403,0.000170,,,-0.0019531682,,,,,,-1.680175,,,-0.008327,0.000000,,,,0.044103,0.070202,0.454502,0.459398,0.999578,0.999578,-2.976711,0.021833,,,,1.052260,,0.114966,,
196410,84.86,2.4600,4.4967,0.008745,0.007566,0.0442,0.0481,0.0421,0.0043,0.0050,0.0357,0.002900,0.028989,0.029223,0.052989,0.547071,0.487813,0.006400,0.003900,0.000700,0.000000,,0.020116,0.000187,,,-0.0022257355,,,,,,-1.677912,,,-0.025471,0.000000,,,,0.069262,0.075190,0.465254,0.444194,0.990448,0.990448,-2.978712,0.022478,,,,1.052260,,0.112841,,
196411,84.42,2.4800,4.5233,0.001598,-0.004588,0.0443,0.0481,0.0422,0.0017,-0.0004,0.0364,0.002900,0.029377,0.029225,0.053581,0.548269,0.486504,0.005800,0.003800,-0.002100,0.003215,,0.019167,0.000213,,,-0.0024802459,,,,,,-1.695622,,,0.001766,0.000000,,,,0.029965,-0.004838,0.460816,0.472315,0.981743,0.981743,-2.967218,0.023771,,,,1.052260,,0.077970,,
196412,84.75,2.5000,4.5500,0.005228,0.003803,0.0444,0.0481,0.0423,0.0030,0.0088,0.0384,0.003100,0.029499,0.029614,0.053687,0.549451,0.487227,0.003900,0.003700,0.005800,0.000000,,0.023095,0.000351,,,-0.0023805734,,,,,,-1.645959,,,0.010317,0.000000,,,,0.033797,0.054782,0.460126,0.495636,0.980285,0.980285,-2.965528,0.022401,,,,1.052260,,0.108991,,
196501,87.56,2.5167,4.5933,0.034791,0.033837,0.0443,0.0480,0.0422,0.0040,0.0081,0.0381,0.002800,0.028742,0.029695,0.052459,0.547897,0.471723,0.004100,0.003700,0.004100,0.000000,,0.017904,0.000166,,,-0.0022007442,,,,,,-1.715604,,,0.017844,0.000000,,,,0.061498,0.028080,0.452187,0.479804,1.000000,1.000000,-2.988765,0.024560,,,,1.052260,,0.101718,,
196502,87.43,2.5333,4.6367,0.003746,-0.000853,0.0441,0.0478,0.0424,0.0014,0.0009,0.0393,0.003000,0.028976,0.028933,0.053033,0.546368,0.471399,0.003100,0.003700,-0.000500,0.000000,,0.014823,0.000393,,,-0.0022017761,,,,,,-1.761971,,,0.020860,0.000000,,,,0.046267,0.027441,0.453769,0.488423,0.996888,0.996888,-2.978080,0.024996,,,,1.052260,,0.126473,,
196503,86.16,2.5500,4.6800,-0.012213,-0.013685,0.0442,0.0478,0.0422,0.0054,0.0012,0.0393,0.003600,0.029596,0.029166,0.054318,0.544872,0.469490,0.002900,0.003600,-0.004200,0.003205,,0.019134,0.000145,,,-0.0021373681,,,,,,-1.677193,,,0.030834,0.000000,,,,0.038715,0.035057,0.449138,0.489467,0.980967,0.980967,-2.954146,0.025519,,,,0.806190,,0.097623,,
196504,89.11,2.5700,4.7333,0.035612,0.034769,0.0443,0.0480,0.0422,0.0036,0.0021,0.0393,0.003100,0.028841,0.029828,0.053118,0.542958,0.452559,0.002900,0.003700,-0.001500,0.003195,,0.014723,0.000163,,,-0.0021429735,,,,,,-1.712320,,,0.032005,0.000000,,,,0.046631,0.076426,0.444201,0.499644,1.000000,1.000000,-2.976385,0.023445,,,,0.780398,,0.101812,,
196505,88.42,2.5900,4.7867,-0.003122,-0.008354,0.0444,0.0481,0.0423,0.0018,-0.0008,0.0389,0.003100,0.029292,0.029065,0.054136,0.541086,0.454664,0.003400,0.003700,-0.002600,0.000000,,0.016245,0.000334,,,-0.0025656153,,,,,,-1.732770,,,0.036612,0.000000,,,,0.043108,0.046903,0.448787,0.485410,0.977033,0.977033,-2.957501,0.022248,,,,-0.256276,,0.090285,,
196506,84.12,2.6100,4.8400,-0.046880,-0.048367,0.0446,0.0485,0.0423,0.0047,0.0003,0.0380,0.003500,0.031027,0.029518,0.057537,0.539256,0.480859,0.004300,0.003900,-0.004400,0.006369,,0.017551,0.001829,,,-0.0023808197,,,,,,-1.914109,,,0.041160,0.000000,,,,0.038558,0.134599,0.406087,0.377626,0.923810,0.923810,-2.896568,0.023352,,,,-1.622292,,0.260940,,
196507,85.25,2.6267,4.8867,0.014486,0.013678,0.0448,0.0488,0.0424,0.0022,0.0019,0.0384,0.003100,0.030811,0.031225,0.057322,0.537517,0.473382,0.004000,0.004000,-0.000300,0.000000,,0.015627,0.000522,,,-0.0019181837,,,,,,-1.717289,,,0.047347,0.000000,,,-0.567183,0.037290,0.096793,0.424896,0.366578,0.938401,0.938401,-2.900219,0.022737,,,,-1.912064,,0.291510,,
196508,87.17,2.6433,4.9333,0.027560,0.022473,0.0449,0.0488,0.0428,-0.0013,-0.0006,0.0384,0.003300,0.030324,0.031007,0.056594,0.535810,0.467361,0.004400,0.003900,0.000700,0.000000,,0.015601,0.000108,,,-0.0017357486,,,,,,-1.684995,,,0.048412,0.000000,,,-0.539356,0.033109,0.032492,0.417265,0.371514,0.950491,0.950491,-2.913468,0.023327,,,,-0.845079,,0.283538,,
196509,89.96,2.6600,4.9800,0.033366,0.032034,0.0452,0.0491,0.0433,-0.0034,-0.0015,0.0392,0.003100,0.029569,0.030515,0.055358,0.534137,0.448537,0.004100,0.003900,0.001900,0.000000,,0.016895,0.000299,,,-0.0013951451,,,,,,-1.774418,,,0.047783,0.000000,,,-0.496771,0.055494,0.037273,0.408636,0.370108,0.990379,0.990379,-2.935941,0.023467,,,,1.052260,,0.117440,,
196510,92.42,2.6800,5.0500,0.028812,0.027737,0.0456,0.0493,0.0433,0.0027,0.0046,0.0403,0.003100,0.028998,0.029791,0.054642,0.530693,0.434421,0.003000,0.003700,0.001900,0.003165,,0.017464,0.000188,,,-0.00099855407,,,,,,-1.787376,,,0.054665,0.000000,,,-0.468378,0.068049,0.017172,0.448512,0.375998,1.000000,1.000000,-2.949536,0.025968,,,,1.052260,,0.060142,,
196511,91.61,2.7000,5.1200,-0.003821,-0.010306,0.0460,0.0495,0.0441,-0.0062,-0.0057,0.0409,0.003500,0.029473,0.029214,0.055889,0.527344,0.440895,0.003200,0.003500,0.000500,0.000000,,0.020762,0.000141,,,-0.0010197298,,,,,,-1.806867,,,0.055668,0.000000,,,-0.666195,0.050586,0.043757,0.448215,0.365914,0.984259,0.984259,-2.927924,0.029405,,,,1.052260,,0.065930,,
196512,92.43,2.7200,5.1900,0.010349,0.009059,0.0468,0.0502,0.0450,-0.0078,-0.0149,0.0438,0.003300,0.029428,0.029691,0.056151,0.524085,0.430638,0.001200,0.003400,-0.007100,0.003155,,0.020838,0.000301,,,-0.00081288747,,,,,,-1.899196,,,0.064876,0.000000,,,-0.558174,0.057770,0.067073,0.420039,0.350220,1.000000,1.000000,-2.924882,0.031650,,,,1.052260,,0.066361,,
196601,92.88,2.7400,5.2400,0.005705,0.004874,0.0474,0.0506,0.0457,-0.0104,0.0022,0.0459,0.003800,0.029500,0.029644,0.056417,0.522901,0.424398,-0.000200,0.003200,0.012600,0.000000,,0.020279,0.000152,,,-0.00053976201,,,,,,-1.878032,,,0.071511,0.000000,,,-0.528187,0.086620,0.039206,0.406255,0.328264,0.989248,0.989248,-2.920056,0.034827,,,,1.052260,,0.058694,,
196602,91.22,2.7600,5.2900,-0.012750,-0.017548,0.0478,0.0512,0.0477,-0.0250,-0.0113,0.0465,0.003500,0.030257,0.029716,0.057992,0.521739,0.438496,0.001200,0.003400,0.013700,0.006289,,0.020026,0.000337,,,-0.00079369557,,,,,,-1.934733,,,0.074838,0.000000,,,-0.456577,0.069616,0.063750,0.391670,0.306394,0.956529,0.956529,-2.894626,0.036517,,,,1.052260,,0.074969,,
196603,89.23,2.7800,5.3400,-0.023041,-0.024608,0.0492,0.0532,0.0460,0.0296,-0.0059,0.0459,0.003800,0.031155,0.030476,0.059845,0.520599,0.490176,0.000100,0.004000,-0.035500,0.003125,,0.016788,0.000931,,,-0.0004888765,,,,,,-1.917414,,,0.085303,0.000000,,,-0.615674,0.094049,0.012303,0.383275,0.304237,0.929277,0.929277,-2.863543,0.036173,,,,-0.021667,,0.130552,,
196604,91.06,2.7967,5.3800,0.022158,0.021250,0.0496,0.0541,0.0467,-0.0063,0.0013,0.0462,0.003400,0.030712,0.031342,0.059082,0.519827,0.485498,0.000500,0.004500,0.007600,0.006231,,0.015636,0.000351,,,-0.00077685742,,,,,,-1.895714,,,0.083761,0.000000,,,-0.601708,0.070995,0.056009,0.380292,0.311801,0.938230,0.938230,-2.875237,0.033868,,,,0.496625,,0.145188,,
196605,86.13,2.8133,5.4200,-0.049140,-0.054645,0.0498,0.0548,0.0473,-0.0059,-0.0026,0.0464,0.004100,0.032664,0.030895,0.062928,0.519065,0.512742,0.000900,0.005000,0.003300,0.000000,,0.015946,0.001935,,,-0.00042074561,,,,,,-2.012822,,,0.090109,0.000000,,,-0.626458,0.059920,0.006400,0.359397,0.308615,0.888379,0.888379,-2.812455,0.031968,,,,-1.888301,,0.217691,,
196606,84.74,2.8300,5.4600,-0.014380,-0.015904,0.0507,0.0558,0.0477,-0.0016,0.0030,0.0450,0.003800,0.033396,0.032857,0.064432,0.518315,0.520975,0.002700,0.005100,0.004600,0.003096,,0.017123,0.000501,,,-0.00066601648,,,,,,-1.782397,,,0.091693,0.000000,,,-0.790407,0.079633,0.025090,0.368759,0.370914,0.874341,0.874341,-2.789118,0.029871,,,,-2.450070,,0.183439,,
196607,83.60,2.8500,5.4767,-0.012129,-0.013039,0.0516,0.0568,0.0482,-0.0037,-0.0098,0.0480,0.003500,0.034091,0.033632,0.065510,0.520389,0.534943,0.000200,0.005200,-0.006100,0.003086,,0.018641,0.001014,,,-0.0010224731,,,,,,-1.801946,,,0.094036,0.000000,,,-0.772760,0.074735,0.007679,0.369742,0.362098,0.851510,0.851510,-2.774527,0.025247,,,,-2.685336,,0.226659,,
196608,77.10,2.8700,5.4933,-0.071650,-0.077487,0.0531,0.0583,0.0499,-0.0206,-0.0259,0.0496,0.004100,0.037224,0.034330,0.071249,0.522452,0.574955,0.000300,0.005200,-0.005300,0.006154,,0.021470,0.003165,,,-0.001167014,,,,,,-1.894178,,,0.091701,0.017123,,,-0.778077,0.044050,0.098575,0.370390,0.362892,0.792252,0.792252,-2.692452,0.022052,,,,-2.685336,,0.278998,,
196609,76.56,2.8900,5.5100,-0.006244,-0.007692,0.0549,0.0609,0.0480,0.0332,0.0078,0.0537,0.004000,0.037748,0.037484,0.071970,0.524501,0.585492,-0.005700,0.006000,-0.025400,0.000000,,0.016985,0.001600,,,-0.0017065219,,,,,,-1.809393,,,0.097876,0.000000,,,-0.604111,0.082504,0.051669,0.396062,0.368039,0.777993,0.777993,-2.682013,0.021068,,,,-2.685336,,0.307003,,
196610,80.20,2.8833,5.5233,0.048333,0.047244,0.0541,0.0610,0.0467,0.0228,0.0261,0.0535,0.004500,0.035952,0.037661,0.068869,0.522027,0.561661,-0.006800,0.006900,0.003300,0.006116,,0.015184,0.002547,,,-0.0013716259,,,,,,-1.856298,,,0.101676,0.000000,,,-0.416663,0.042653,0.045629,0.375016,0.370120,0.811003,0.811003,-2.724428,0.030308,,,,-2.685336,,0.309402,,
196611,80.45,2.8767,5.5367,0.011223,0.003741,0.0535,0.0613,0.0480,-0.0148,-0.0020,0.0532,0.004000,0.035757,0.035869,0.068821,0.519567,0.572645,-0.005200,0.007800,0.012800,0.000000,,0.017550,0.000774,,,-0.0011406594,,,,,,-1.830760,,,0.091670,0.000000,,,-0.228022,0.013106,0.021735,0.383749,0.398830,0.795448,0.795448,-2.726555,0.035549,,,,-2.685336,,0.245767,,
196612,80.33,2.8700,5.5500,0.000326,-0.001089,0.0539,0.0618,0.0455,0.0413,0.0201,0.0496,0.004000,0.035728,0.035674,0.069090,0.517117,0.576945,-0.004100,0.007900,-0.021200,0.000000,,0.017208,0.000627,,,-0.000049878855,,,,,,-1.811669,,,0.090882,0.000000,,,-0.203552,0.013740,0.038209,0.390701,0.416018,0.789519,0.789519,-2.719610,0.036124,,,,-2.685336,,0.214369,,
196701,86.61,2.8800,5.5167,0.079215,0.077723,0.0520,0.0597,0.0448,0.0154,0.0450,0.0472,0.004300,0.033253,0.035852,0.063696,0.522054,0.533363,-0.002400,0.007700,0.029600,0.000000,,0.015698,0.000733,,,0.00024917822,,,,,,-1.984701,,,0.092496,0.010101,,,-0.115566,0.009635,0.047049,0.362698,0.408995,0.854032,0.854032,-2.798423,0.040003,,,,-1.072876,,0.140340,,
196702,86.78,2.8900,5.4833,0.007514,0.002420,0.0503,0.0582,0.0465,-0.0221,-0.0201,0.0456,0.003600,0.033303,0.033368,0.063187,0.527052,0.540048,0.000900,0.007900,0.002000,0.000000,,0.017701,0.000412,,,0.00055525637,,,,,,-1.918339,,,0.078002,0.000000,,,-0.127733,0.008757,0.026506,0.356386,0.407624,0.879170,0.843461,-2.806924,0.036535,,,,0.552542,,0.120873,,
196703,90.20,2.9000,5.4500,0.041137,0.039544,0.0513,0.0585,0.0455,0.0198,0.0117,0.0426,0.003900,0.032151,0.033418,0.060421,0.532110,0.549551,0.002900,0.007200,-0.008100,0.003040,,0.014921,0.000501,,,0.00071807065,,,,,,-1.903085,,,0.069266,0.000000,,,-0.003949,-0.015251,0.086738,0.361055,0.412547,0.907042,0.870200,-2.850813,0.036575,,,,1.052260,,0.101693,,
196704,94.01,2.9000,5.4100,0.043371,0.042544,0.0511,0.0583,0.0477,-0.0291,-0.0071,0.0384,0.003200,0.030848,0.032151,0.057547,0.536044,0.530517,0.009300,0.007200,0.022000,0.003030,,0.015046,0.000837,,,0.00058346768,,,,,,-1.884567,,,0.075573,0.000000,,,0.064743,0.004240,0.054153,0.352596,0.430444,0.960768,0.901422,-2.900030,0.026059,,,,1.052260,,0.127063,,
196705,89.08,2.9000,5.3700,-0.046810,-0.052314,0.0524,0.0596,0.0482,-0.0039,-0.0254,0.0360,0.003300,0.032555,0.030848,0.060283,0.540037,0.558201,0.012200,0.007200,-0.021500,0.003021,,0.011464,0.000890,,,0.0013629683,,,,,,-1.950628,,,0.063733,0.000000,,,-0.022923,0.042640,0.007116,0.358512,0.416981,0.937260,0.856715,-2.856068,0.025042,,,,1.052260,,0.159583,,
196706,90.64,2.9000,5.3300,0.019319,0.018015,0.0544,0.0615,0.0507,-0.0312,-0.0223,0.0354,0.002700,0.031995,0.032555,0.058804,0.544090,0.553205,0.015300,0.007100,0.008900,0.003012,,0.010153,0.001071,,,0.0017294553,,,,,,-1.967986,,,0.060536,0.000000,,,0.158675,0.051122,0.050663,0.358356,0.350192,0.945725,0.864453,-2.882525,0.033130,,,,1.052260,,0.194373,,
196707,94.75,2.9067,5.3200,0.046454,0.045623,0.0558,0.0626,0.0505,0.0068,0.0041,0.0421,0.003200,0.030677,0.032068,0.056148,0.546367,0.526298,0.008400,0.006800,-0.002700,0.003003,,0.006687,0.000218,,,0.0016540993,,,,,,-1.999169,,,0.055188,0.023333,,,0.197516,0.030333,0.061953,0.342461,0.341494,0.994075,0.908647,-2.930081,0.035889,,,,1.052260,,0.149447,,
196708,93.64,2.9133,5.3100,-0.006824,-0.012197,0.0562,0.0633,0.0514,-0.0084,-0.0007,0.0427,0.003100,0.031112,0.030748,0.056707,0.548650,0.528021,0.008700,0.007100,0.007700,0.002994,,0.005841,0.000297,,,0.0020824119,,,,,,-1.927332,,,0.071102,0.000000,,,0.229529,0.011781,0.060876,0.367928,0.338619,0.972559,0.905683,-2.921319,0.035914,,,,1.052260,,0.114061,,
196709,96.71,2.9200,5.3000,0.033815,0.032597,0.0565,0.0640,0.0517,-0.0004,0.0094,0.0442,0.003200,0.030193,0.031183,0.054803,0.550943,0.513565,0.007500,0.007500,0.009800,0.002985,,0.005601,0.000359,,,0.0022640229,,,,,,-1.930065,,,0.066417,0.000000,,,0.107519,0.006669,0.096330,0.347208,0.329776,0.982589,0.931176,-2.955653,0.031992,,,,1.052260,,0.061606,,
196710,93.90,2.9200,5.3100,-0.027448,-0.028701,0.0582,0.0652,0.0549,-0.0400,-0.0281,0.0456,0.003900,0.031097,0.030193,0.056550,0.549906,0.540955,0.009300,0.007000,0.011900,0.002976,,0.003716,0.000445,,,0.0022940724,,,,,,-2.001080,,,0.071470,0.000000,,,-0.224625,0.046513,-0.001153,0.352587,0.327453,0.932837,0.884028,-2.925990,0.031776,,,,1.052260,,0.087992,,
196711,94.00,2.9200,5.3200,0.006435,0.000533,0.0607,0.0672,0.0567,-0.0196,-0.0272,0.0473,0.003600,0.031064,0.031097,0.056596,0.548872,0.543383,0.009400,0.006500,-0.007600,0.002967,,0.002774,0.000955,,,0.0028493145,,,,,,-2.077300,,,0.082619,0.000000,,,-0.063690,0.013762,0.051253,0.312153,0.355443,0.928670,0.880078,-2.927729,0.033033,,,,1.052260,,0.128024,,
196712,96.47,2.9200,5.3300,0.027079,0.025857,0.0619,0.0693,0.0556,0.0192,0.0127,0.0497,0.003300,0.030268,0.031064,0.055250,0.547842,0.525792,0.005900,0.007400,-0.006500,0.002959,,0.014362,0.000271,,,0.0029522247,,,,,,-2.006846,,,0.090281,0.000000,,,-0.082049,0.048480,0.054835,0.309102,0.346806,0.959738,0.909521,-2.951316,0.034485,,,,1.052260,,0.121163,,
196801,92.24,2.9300,5.3667,-0.041875,-0.043523,0.0617,0.0684,0.0536,0.0328,0.0361,0.0500,0.004000,0.031765,0.030372,0.058182,0.545962,0.556302,0.003600,0.006700,0.003300,0.005900,,0.012855,0.000483,,,0.0025043814,,,,,,-2.123547,,,0.086160,0.000000,,,-0.122509,-0.006035,0.024852,0.316016,0.342203,0.907102,0.859639,-2.898011,0.037659,,,,0.238231,,0.109238,,
196802,89.36,2.9400,5.4033,-0.026900,-0.031973,0.0610,0.0680,0.0542,-0.0033,0.0037,0.0498,0.003900,0.032901,0.031873,0.060467,0.544109,0.566211,0.004400,0.007000,0.007000,0.002933,,0.010452,0.000820,,,0.0025561893,,,,,,-2.005739,,,0.086695,0.000000,,,-0.075856,0.014547,-0.013898,0.334766,0.359681,0.891229,0.844596,-2.859767,0.038072,,,,-1.383231,,0.104657,,
196803,90.20,2.9500,5.4400,0.009696,0.008585,0.0611,0.0685,0.0560,-0.0212,-0.0197,0.0517,0.003800,0.032705,0.033013,0.060310,0.542279,0.566810,0.004300,0.007400,0.001500,0.002924,,0.012678,0.001395,,,0.0034032192,,,,,,-1.980165,,,0.086776,0.000000,,,-0.100617,0.049260,0.037520,0.324787,0.335799,0.891409,0.844767,-2.864063,0.031455,,,,-1.677624,,0.180461,,
196804,97.59,2.9633,5.4833,0.084092,0.082642,0.0621,0.0697,0.0547,0.0227,0.0048,0.0538,0.004300,0.030365,0.032853,0.056187,0.540425,0.522352,0.000900,0.007600,-0.017900,0.002915,,0.008141,0.001608,,,0.0036993101,,,,,,-2.142034,,,0.085189,0.000000,,,0.038091,0.011409,0.102046,0.305930,0.359472,0.967277,0.916666,-2.933929,0.034763,,,,0.507449,,0.253513,,
196805,98.68,2.9767,5.5267,0.016374,0.011104,0.0627,0.0703,0.0547,0.0043,0.0032,0.0566,0.004500,0.030165,0.030502,0.056006,0.538601,0.530033,-0.001900,0.007600,-0.001100,0.002907,,0.010647,0.000387,,,0.0029648972,,,,,,-2.055527,,,0.093315,0.000000,,,0.110024,-0.023473,0.086131,0.312533,0.322694,0.953260,0.903381,-2.939339,0.040379,,,,1.052260,,0.219721,,
196806,99.58,2.9900,5.5700,0.009916,0.008695,0.0628,0.0707,0.0534,0.0230,0.0122,0.0552,0.004300,0.030026,0.030300,0.055935,0.536804,0.530742,-0.001800,0.007900,-0.010800,0.005797,,0.012091,0.000500,,,0.0026268741,,,,,,-2.239365,,,0.093956,0.000000,,,0.166393,-0.003541,0.061123,0.297382,0.382346,0.951987,0.902176,-2.939190,0.042325,,,,1.052260,,0.148240,,
196807,97.74,3.0033,5.6000,-0.017444,-0.018664,0.0624,0.0698,0.0517,0.0289,0.0341,0.0531,0.004800,0.030728,0.030160,0.057295,0.536309,0.539638,-0.001400,0.007400,0.005200,0.005764,,0.013886,0.000757,,,0.0026163853,,,,,,-2.202598,,,0.089400,0.000000,,,0.011609,-0.035196,0.008266,0.312081,0.381763,0.936294,0.887303,-2.913085,0.036286,,,,1.052260,,0.104685,,
196808,98.86,3.0167,5.6300,0.016415,0.011259,0.0602,0.0682,0.0520,-0.0003,0.0206,0.0509,0.004200,0.030515,0.030864,0.056949,0.535821,0.531802,0.001100,0.008000,0.020900,0.002865,,0.018036,0.000316,,,0.0028815826,,,,,,-2.049230,,,0.089168,0.000000,,,-0.193489,0.041670,0.015207,0.316934,0.395622,0.950089,0.900377,-2.918377,0.027850,,,,1.052260,,0.108658,,
196809,102.67,3.0300,5.6600,0.039351,0.038210,0.0597,0.0679,0.0531,-0.0102,-0.0053,0.0519,0.004300,0.029512,0.030649,0.055128,0.535336,0.509195,0.001200,0.008200,0.004900,0.002857,,0.018287,0.000268,,,0.0024118186,,,,,,-2.083081,,,0.089934,0.000000,,,-0.154197,0.036434,0.070368,0.306735,0.404848,0.992270,0.940351,-2.951258,0.027586,,,,1.052260,,0.105530,,
196810,103.41,3.0433,5.6933,0.008587,0.006751,0.0609,0.0684,0.0543,-0.0132,-0.0160,0.0535,0.004400,0.029430,0.029642,0.055056,0.534543,0.500320,0.000800,0.007500,-0.002800,0.005698,,0.019410,0.000268,,,0.002547129,,,,,,-2.150876,,,0.088909,0.000000,,,-0.153545,0.047739,0.031074,0.300213,0.384021,0.984393,0.957032,-2.953705,0.023522,,,,1.052260,,0.069920,,
196811,108.37,3.0567,5.7267,0.053580,0.048659,0.0619,0.0701,0.0566,-0.0269,-0.0226,0.0545,0.004200,0.028206,0.029559,0.052844,0.533760,0.483717,0.002100,0.008200,0.004300,0.002833,,0.021189,0.000263,,,0.0024623206,,,,,,-2.159389,,,0.098755,0.000000,,,-0.242598,0.008825,0.085269,0.298766,0.406056,1.000000,0.989881,-2.995852,0.025820,,,,1.052260,,0.051660,,
196812,103.86,3.0700,5.7600,-0.040826,-0.042142,0.0645,0.0723,0.0598,-0.0363,-0.0233,0.0596,0.004300,0.029559,0.028329,0.055459,0.532986,0.504901,0.000200,0.007800,0.013000,0.002825,,0.031961,0.000334,,,0.0023475611,,,,,,-2.215600,,,0.098906,0.000000,,,-0.175494,0.023482,0.034861,0.304708,0.410405,0.957918,0.948349,-2.950658,0.026846,,,,1.052260,,0.075521,,
196901,103.01,3.0800,5.7800,-0.007547,-0.008612,0.0659,0.0732,0.0617,-0.0206,0.0139,0.0614,0.005300,0.029900,0.029655,0.056111,0.532872,0.503673,0.000300,0.007300,0.034500,0.002817,,0.036524,0.000607,,,0.0021968795,,,,,,-2.081829,,,0.101939,-0.003257,,,-0.343028,0.014613,0.052099,0.314409,0.404146,0.960252,0.950661,-2.939069,0.027009,,,,1.052260,,0.102606,,
196902,98.13,3.0900,5.8000,-0.042321,-0.047384,0.0666,0.0730,0.0618,0.0042,-0.0160,0.0612,0.004600,0.031489,0.029997,0.059105,0.532759,0.526397,0.000600,0.006400,-0.020200,0.005618,,0.041317,0.000596,,,0.0023357287,,,,,,-2.093255,,,0.105324,0.000000,,,-0.479305,0.034414,-0.024477,0.318311,0.409365,0.918799,0.909622,-2.888495,0.025852,,,,-1.097260,,0.120475,,
196903,101.51,3.1000,5.8200,0.034847,0.033598,0.0685,0.0751,0.0620,0.0010,-0.0200,0.0602,0.004600,0.030539,0.031591,0.057334,0.532646,0.557040,0.001800,0.006600,-0.021000,0.008380,,0.039508,0.000542,,,0.0022973853,,,,,,-1.963899,,,0.110145,0.039216,,,-0.326746,0.018262,0.058929,0.317836,0.413213,0.949523,0.940039,-2.919952,0.025659,,,,-1.378279,,0.158351,,
196904,103.69,3.1100,5.8267,0.022771,0.021449,0.0689,0.0754,0.0593,0.0427,0.0335,0.0611,0.005300,0.029993,0.030637,0.056193,0.533753,0.548422,-0.001800,0.006500,-0.009200,0.005540,,0.044291,0.000550,,,0.0018842739,,,,,,-1.953502,,,0.103474,0.009434,,,-0.321127,0.075987,0.096634,0.312541,0.428965,0.964444,0.954811,-2.938831,0.026652,,,,-0.038108,,0.164203,,
196905,103.46,3.1200,5.8333,0.003854,-0.001862,0.0679,0.0752,0.0635,-0.0490,-0.0227,0.0604,0.004800,0.030157,0.030090,0.056382,0.534857,0.555804,0.003100,0.007300,0.026300,0.002755,,0.044006,0.000427,,,0.001576849,,,,,,-1.956048,,,0.096702,0.000000,,,-0.450423,0.030338,0.035626,0.323098,0.425068,0.951635,0.942129,-2.936880,0.026808,,,,-0.266130,,0.142934,,
196906,97.71,3.1300,5.8400,-0.054357,-0.055686,0.0698,0.0770,0.0623,0.0214,0.0035,0.0644,0.005100,0.032034,0.030253,0.059769,0.535959,0.596777,-0.002100,0.007200,-0.017900,0.005495,,0.045153,0.000752,,,0.0011927635,,,,,,-1.990127,,,0.103448,0.000000,,,-0.472876,0.002375,0.044037,0.314749,0.415795,0.886298,0.877446,-2.880905,0.027569,,,,-2.685336,,0.159305,,
196907,91.83,3.1367,5.8567,-0.058632,-0.059919,0.0708,0.0784,0.0621,0.0079,0.0005,0.0700,0.005300,0.034157,0.032102,0.063777,0.535572,0.639018,-0.007900,0.007600,-0.007400,0.005464,,0.051161,0.002306,,,0.0015607611,,,,,,-2.049991,,,0.105739,0.000000,,,-0.413378,0.005112,0.077100,0.340430,0.406415,0.827712,0.819444,-2.817396,0.028071,,,,-2.685336,,0.241839,,
196908,95.51,3.1433,5.8733,0.045728,0.040180,0.0697,0.0786,0.0630,-0.0069,-0.0020,0.0698,0.005000,0.032911,0.034230,0.061494,0.535187,0.622789,-0.006800,0.008900,0.004900,0.005435,,0.046915,0.000918,,,0.0014767373,,,,,,-1.892773,,,0.105062,0.000000,,,-0.398156,0.005303,0.080992,0.305660,0.421424,0.849281,0.840798,-2.853566,0.028735,,,,-2.685336,,0.265685,,
196909,93.12,3.1500,5.8900,-0.023941,-0.025285,0.0714,0.0805,0.0677,-0.0531,-0.0244,0.0709,0.006200,0.033827,0.032981,0.063252,0.534805,0.640888,-0.003200,0.009100,0.028700,0.002703,,0.048391,0.000892,,,0.0021746674,,,,,,-1.899332,,,0.101871,0.000000,,,-0.446898,0.030263,0.023742,0.316551,0.405759,0.825296,0.817053,-2.829786,0.028084,,,,-2.685336,,0.262533,,
196910,97.24,3.1533,5.8533,0.046900,0.044660,0.0733,0.0822,0.0653,0.0365,0.0127,0.0700,0.006000,0.032428,0.033863,0.060195,0.538724,0.608769,-0.004700,0.008900,-0.023800,0.005391,,0.048630,0.000754,,,0.0018446799,,,,,,-1.972154,,,0.099202,0.000000,,,-0.317764,-0.004059,0.079553,0.314941,0.415445,0.868840,0.860162,-2.878764,0.030216,,,,-2.685336,,0.177822,,
196911,93.81,3.1567,5.8167,-0.029152,-0.034433,0.0735,0.0825,0.0676,-0.0243,-0.0471,0.0724,0.005200,0.033650,0.032463,0.062005,0.542694,0.641512,-0.004800,0.009000,-0.022800,0.005362,,0.047904,0.000509,,,0.0015408249,,,,,,-1.932061,,,0.086771,0.000000,,,-0.258266,-0.006371,0.075054,0.323016,0.417222,0.824494,0.816259,-2.849510,0.028616,,,,-2.685336,,0.162814,,
196912,92.06,3.1600,5.7800,-0.016922,-0.018365,0.0772,0.0865,0.0687,-0.0068,-0.0134,0.0782,0.006400,0.034325,0.033685,0.062785,0.546713,0.651082,-0.009500,0.009300,-0.006600,0.005333,,0.034274,0.001164,,,0.00082225183,,,,,,-1.971086,,,0.081128,0.000000,,,-0.018446,-0.013518,0.055279,0.309249,0.430957,0.826093,0.804261,-2.841752,0.030025,,,,-2.685336,,0.177908,,
197001,85.02,3.1633,5.7300,-0.075398,-0.076809,0.0791,0.0886,0.0693,-0.0021,0.0141,0.0787,0.006000,0.037207,0.034362,0.067396,0.552065,0.700347,-0.009400,0.009500,0.016200,0.002653,,0.034473,0.001067,,,0.00090760752,,,,,,-1.898204,,,0.059487,0.000000,,,0.083420,-0.023882,-0.032746,0.336996,0.407025,0.767983,0.747686,-2.772186,0.030483,,,,-2.685336,,0.169638,,
197002,89.50,3.1667,5.6800,0.059521,0.053615,0.0793,0.0878,0.0651,0.0587,0.0401,0.0713,0.006200,0.035382,0.037246,0.063464,0.557512,0.670148,-0.006200,0.008500,-0.018600,0.005291,,0.035855,0.001059,,,0.00037891846,,,,,,-1.899296,,,0.055882,0.000000,,,0.016964,-0.028085,0.058564,0.325547,0.415106,0.802591,0.781380,-2.827187,0.032926,,,,-2.685336,,0.188568,,
197003,89.63,3.1700,5.6300,0.002806,0.001232,0.0784,0.0863,0.0661,-0.0068,-0.0045,0.0663,0.005700,0.035368,0.035419,0.062814,0.563055,0.690327,-0.000200,0.007900,0.002300,0.005263,,0.035842,0.000964,,,-0.00043143621,,,,,,-1.842232,,,0.051639,0.000000,,,0.042139,-0.038599,0.036701,0.341231,0.451586,0.810827,0.789399,-2.835893,0.032126,,,,-2.439266,,0.189627,,
197004,81.52,3.1733,5.5933,-0.088831,-0.090035,0.0783,0.0870,0.0699,-0.0413,-0.0250,0.0651,0.005000,0.038927,0.035405,0.068613,0.567342,0.736751,0.004800,0.008700,0.016300,0.007853,,0.035712,0.001615,,,0.00049399428,,,,,,-1.853591,,,0.046125,0.000000,,,0.113070,-0.049046,0.058646,0.372337,0.453511,0.759736,0.739657,-2.750570,0.036713,,,,-2.685336,,0.227016,,
197005,76.55,3.1767,5.5567,-0.054689,-0.061112,0.0811,0.0898,0.0743,-0.0468,-0.0163,0.0684,0.005300,0.041498,0.038968,0.072589,0.571686,0.774228,0.005900,0.008700,0.030500,0.002597,,0.038661,0.008152,,,-0.00023762602,,,,,,-2.118697,,,0.042023,0.000000,,,0.199520,-0.039496,0.168085,0.362179,0.444040,0.750603,0.703854,-2.699072,0.037842,,,,-2.685336,,0.412797,,
197006,72.72,3.1800,5.5200,-0.049032,-0.050902,0.0848,0.0925,0.0709,0.0486,0.0001,0.0668,0.005800,0.043729,0.041541,0.075908,0.576087,0.793381,0.004100,0.007700,-0.048500,0.005181,,0.042291,0.002652,,,-0.00025229462,,,,,,-1.876435,,,0.035852,0.000000,,,0.150772,-0.023277,0.025765,0.324528,0.480199,0.771374,0.686861,-2.653717,0.039470,,,,-2.685336,,0.401266,,
197007,78.05,3.1833,5.4667,0.075523,0.073219,0.0844,0.0940,0.0687,0.0319,0.0556,0.0645,0.005200,0.040786,0.043775,0.070041,0.582316,0.738708,0.004200,0.009600,0.023700,0.005155,,0.043074,0.002126,,,0.00032780954,,,,,,-1.735103,,,0.035375,0.000000,,,0.172978,-0.032076,0.060399,0.336860,0.473401,0.850611,0.737698,-2.730628,0.035628,,,,-2.685336,,0.403954,,
197008,81.52,3.1867,5.4133,0.049778,0.043782,0.0813,0.0944,0.0694,-0.0019,0.0100,0.0641,0.005300,0.039091,0.040829,0.066405,0.588671,0.709278,0.005300,0.013100,0.011900,0.000000,,0.038729,0.001887,,,0.0015175963,,,,,,-1.707529,,,0.030667,0.000000,,,0.273037,-0.036314,0.104951,0.347829,0.466145,0.885905,0.768306,-2.784584,0.032845,,,,-2.439266,,0.283448,,
197009,84.21,3.1900,5.3600,0.034702,0.033021,0.0809,0.0939,0.0680,0.0228,0.0139,0.0612,0.005400,0.037881,0.039132,0.063650,0.595149,0.712915,0.006800,0.013000,-0.008900,0.005128,,0.037942,0.001058,,,0.00087569701,,,,,,-1.865674,,,0.020831,0.000000,,,0.324971,-0.026069,0.048742,0.323966,0.462300,0.881386,0.764387,-2.825647,0.041840,,,,-0.820650,,0.245417,,
197010,83.25,3.1733,5.2833,-0.009032,-0.011639,0.0803,0.0933,0.0693,-0.0109,-0.0096,0.0591,0.004600,0.038118,0.037684,0.063463,0.600631,0.717698,0.010200,0.013000,0.001300,0.005102,,0.036962,0.001043,,,0.00062401896,,,,,,-1.763535,,,-0.002292,0.000000,,,0.317834,-0.053708,0.032461,0.344868,0.496951,0.875511,0.759293,-2.828030,0.040989,,,,-0.281893,,0.233601,,
197011,87.20,3.1567,5.2067,0.054387,0.048836,0.0805,0.0938,0.0637,0.0791,0.0584,0.0528,0.004600,0.036200,0.037918,0.059710,0.606274,0.682920,0.010900,0.013300,-0.020700,0.005076,,0.035225,0.000885,,,0.00057113489,,,,,,-1.760909,,,-0.011278,0.000000,,,0.244491,-0.017696,0.072894,0.346551,0.512566,0.978775,0.797960,-2.884426,0.044015,,,,0.549493,,0.201846,,
197012,92.15,3.1400,5.1300,0.058684,0.057358,0.0764,0.0912,0.0648,-0.0084,0.0372,0.0487,0.004200,0.034075,0.036009,0.055670,0.612086,0.646426,0.016100,0.014800,0.045600,0.005051,,0.031462,0.000535,,,0.0015125012,,,,,,-1.835372,,,0.008519,0.062305,,,0.254696,0.014812,0.022125,0.329928,0.508660,0.996342,0.843009,-2.950253,0.032198,,,,1.052260,,0.178629,,
197101,95.88,3.1300,5.1600,0.042828,0.041500,0.0736,0.0874,0.0612,0.0506,0.0532,0.0444,0.003800,0.032645,0.033966,0.053817,0.606589,0.624410,0.016800,0.013800,0.002600,0.000000,,0.030593,0.000541,,,0.0016976254,,,,,,-1.929727,,,0.013276,0.000000,,,0.209307,0.033950,0.033423,0.325633,0.511718,1.000000,0.872733,-2.982691,0.036760,,,,1.052260,,0.132709,,
197102,96.75,3.1200,5.1900,0.013317,0.008152,0.0708,0.0839,0.0629,-0.0163,-0.0366,0.0370,0.003300,0.032248,0.032541,0.053643,0.601156,0.617070,0.025900,0.013100,-0.020300,0.002513,,0.025801,0.000451,,,0.0018948256,,,,,,-1.965422,,,0.008469,0.000000,,,0.079435,0.035576,0.021702,0.330659,0.490714,0.987383,0.883113,-2.984703,0.033742,,,,1.052260,,0.111750,,
197103,100.31,3.1100,5.2200,0.039068,0.037624,0.0721,0.0846,0.0593,0.0526,0.0258,0.0338,0.003000,0.031004,0.032145,0.052039,0.595785,0.633811,0.025500,0.012500,-0.026800,0.002506,,0.026399,0.000493,,,0.0021051754,,,,,,-1.880026,,,0.004489,0.000000,,,0.065118,-0.005218,0.075316,0.313563,0.499781,0.986410,0.908778,-3.011203,0.034953,,,,1.052260,,0.115436,,
197104,103.95,3.1067,5.2533,0.036965,0.035789,0.0725,0.0845,0.0619,-0.0283,-0.0236,0.0386,0.002800,0.029886,0.030971,0.050537,0.591372,0.608654,0.023300,0.012000,0.004700,0.002500,,0.026557,0.000308,,,0.0020432328,,,,,,-1.877220,,,0.007197,0.000000,,,-0.114360,-0.021171,0.009713,0.324255,0.493765,0.990461,0.946340,-3.041712,0.029374,,,,1.052260,,0.099808,,
197105,99.63,3.1033,5.2867,-0.037150,-0.042138,0.0753,0.0862,0.0624,-0.0006,-0.0161,0.0414,0.002900,0.031149,0.029854,0.053063,0.587010,0.631410,0.021000,0.010900,-0.015500,0.004988,,0.029723,0.000539,,,0.0018246132,,,,,,-1.808916,,,0.009368,0.000000,,,-0.098168,-0.047895,0.048292,0.336348,0.499921,0.954765,0.912234,-2.998216,0.028706,,,,1.052260,,0.122411,,
197106,99.70,3.1000,5.3200,0.002439,0.001061,0.0764,0.0875,0.0641,-0.0159,0.0107,0.0475,0.003700,0.031093,0.031115,0.053360,0.582707,0.643221,0.016600,0.011100,0.026600,0.007444,,0.027279,0.000925,,,0.0013777546,,,,,,-1.826062,,,0.010669,0.000000,,,-0.173695,-0.041770,0.050574,0.347674,0.395910,0.937233,0.895483,-2.993855,0.028836,,,,1.052260,,0.152935,,
197107,95.58,3.0967,5.3567,-0.040827,-0.041901,0.0764,0.0876,0.0643,0.0030,-0.0025,0.0540,0.004000,0.032399,0.031060,0.056044,0.578096,0.667731,0.010300,0.011200,-0.005500,0.002463,,0.025796,0.000518,,,0.0015360273,,,,,,-1.758096,,,0.004883,0.000000,,,-0.304082,-0.026909,-0.051317,0.333449,0.412475,0.902831,0.862614,-2.946753,0.026907,,,,0.783645,,0.177401,,
197108,99.03,3.0933,5.3933,0.042036,0.036549,0.0759,0.0876,0.0610,0.0471,0.0554,0.0494,0.004700,0.031236,0.032364,0.054462,0.573547,0.638258,0.011600,0.011700,0.008300,0.002457,,0.026782,0.002451,,,0.0014284515,,,,,,-1.890113,,,-0.003816,0.000000,,,-0.323637,0.009636,0.106128,0.342015,0.397506,0.944522,0.902447,-2.973986,0.031195,,,,0.496625,,0.253167,,
197109,98.34,3.0900,5.4300,-0.005038,-0.006387,0.0744,0.0859,0.0598,0.0204,-0.0102,0.0469,0.003700,0.031422,0.031203,0.055217,0.569061,0.646085,0.012900,0.011500,-0.030600,0.000000,,0.027934,0.000524,,,0.0011670679,,,,,,-1.740950,,,0.009433,0.000000,,,-0.152199,0.026645,0.050723,0.349554,0.406101,0.933079,0.891514,-2.956081,0.028820,,,,0.228010,,0.249676,,
197110,94.23,3.0833,5.5200,-0.040129,-0.042015,0.0739,0.0848,0.0588,0.0167,0.0282,0.0446,0.003700,0.032721,0.031354,0.058580,0.558574,0.683194,0.014200,0.010900,0.011500,0.002451,,0.029244,0.000662,,,0.0009808042,,,,,,-1.778064,,,0.014023,0.000000,,,-0.230009,0.007098,0.019398,0.354094,0.398872,0.882396,0.843089,-2.894969,0.029023,,,,-1.118302,,0.250128,,
197111,93.99,3.0767,5.6100,0.002898,-0.002029,0.0726,0.0838,0.0596,-0.0047,0.0029,0.0422,0.003700,0.032734,0.032651,0.059687,0.548426,0.689489,0.017400,0.011200,0.007600,0.000000,,0.029452,0.001866,,,0.00142819,,,,,,-1.805061,,,0.015391,0.000000,,,-0.229402,0.012378,0.088465,0.355950,0.401772,0.874340,0.835392,-2.875113,0.025608,,,,-2.185618,,0.240958,,
197112,102.09,3.0700,5.7000,0.087880,0.086486,0.0725,0.0838,0.0597,0.0044,0.0223,0.0401,0.003700,0.030072,0.032663,0.055833,0.538596,0.643900,0.019600,0.011300,0.017900,0.004890,,0.034023,0.001183,,,0.0022538795,,,,,,-1.880437,,,0.024007,0.000000,,,-0.264940,0.009137,0.047580,0.354147,0.414225,0.936245,0.894539,-2.942997,0.027458,,,,-1.374116,,0.243663,,
197201,103.94,3.0700,5.7367,0.019088,0.017814,0.0719,0.0823,0.0606,-0.0063,-0.0033,0.0338,0.002900,0.029536,0.030072,0.055192,0.535154,0.635357,0.026800,0.010400,0.003000,0.000000,,0.033075,0.000494,,,0.0023504572,,,,,,-1.894242,,,0.044777,0.000000,,,-0.145993,0.012731,0.058036,0.349860,0.399879,0.948834,0.906567,-2.954732,0.035610,,,,0.256079,,0.232864,,
197202,106.57,3.0700,5.7733,0.030221,0.025416,0.0727,0.0823,0.0602,0.0088,0.0107,0.0320,0.002500,0.028807,0.029536,0.054174,0.531756,0.617586,0.028200,0.009600,0.001900,0.004866,,0.033030,0.000284,,,0.0022955076,,,,,,-1.831978,,,0.051965,0.000000,,,-0.200805,0.024652,0.060102,0.342910,0.408948,0.976136,0.932653,-2.974576,0.035534,,,,1.052260,,0.137524,,
197203,107.20,3.0700,5.8100,0.007315,0.006132,0.0724,0.0824,0.0613,-0.0082,0.0024,0.0373,0.002700,0.028638,0.028807,0.054198,0.528399,0.645902,0.024000,0.010000,0.010600,0.002421,,0.031723,0.000545,,,0.0022397228,,,,,,-1.814915,,,0.056008,0.000000,,,-0.246738,0.014181,0.028319,0.341760,0.407965,0.989357,0.945285,-2.974045,0.034220,,,,1.052260,,0.121596,,
197204,107.67,3.0700,5.8633,0.005476,0.004658,0.0730,0.0824,0.0615,0.0027,0.0035,0.0371,0.002900,0.028513,0.028638,0.054456,0.523593,0.636784,0.024400,0.009400,0.000800,0.002415,,0.032492,0.000383,,,0.0020286355,,,,,,-1.815314,,,0.063118,0.000000,,,-0.322266,0.010560,0.070441,0.345970,0.421799,0.984777,0.958820,-2.970413,0.024414,,,,1.052260,,0.120752,,
197205,109.53,3.0700,5.9167,0.022019,0.016763,0.0730,0.0823,0.0597,0.0270,0.0163,0.0369,0.003000,0.028029,0.028513,0.054019,0.518873,0.632442,0.022800,0.009300,-0.010700,0.002410,,0.030657,0.000769,,,0.0018280014,,,,,,-1.796536,,,0.060415,0.000000,,,-0.475525,0.025363,-0.011054,0.356581,0.436860,0.989158,0.965402,-2.977919,0.025067,,,,1.052260,,0.164477,,
197206,107.14,3.0700,5.9700,-0.020156,-0.021378,0.0723,0.0820,0.0607,-0.0065,-0.0068,0.0391,0.002900,0.028654,0.028029,0.055721,0.514238,0.654015,0.021600,0.009700,-0.000300,0.002404,,0.034199,0.000365,,,0.0015414101,,,,,,-1.676573,,,0.060221,0.000000,,,-0.435366,0.034120,0.068121,0.352286,0.438341,0.956530,0.933558,-2.946696,0.025586,,,,1.052260,,0.154162,,
197207,107.39,3.0733,6.0267,0.003245,0.002126,0.0721,0.0823,0.0593,0.0216,0.0030,0.0398,0.003100,0.028618,0.028685,0.056119,0.509955,0.657050,0.019500,0.010200,-0.018600,0.004796,,0.033325,0.000595,,,0.0013485364,,,,,,-1.719748,,,0.056270,0.000000,,,-0.459143,0.024299,0.015779,0.361481,0.430886,0.952113,0.929247,-2.939579,0.026820,,,,1.052260,,0.163658,,
197208,111.09,3.0767,6.0833,0.039425,0.034649,0.0719,0.0819,0.0595,0.0029,0.0072,0.0402,0.002900,0.027695,0.028650,0.054760,0.505754,0.630467,0.019300,0.010000,0.004300,0.002387,,0.031849,0.000595,,,0.0010688822,,,,,,-1.706253,,,0.067277,0.029326,,,-0.527279,0.031421,0.045947,0.367029,0.413432,0.989954,0.968427,-2.965037,0.029911,,,,1.052260,,0.138469,,
197209,110.55,3.0800,6.1400,-0.003277,-0.004516,0.0722,0.0809,0.0606,-0.0083,0.0031,0.0466,0.003400,0.027861,0.027725,0.055540,0.501629,0.637385,0.014000,0.008700,0.011400,0.002381,,0.032870,0.000466,,,0.00088396725,,,,,,-1.625335,,,0.072400,0.000000,,,-0.526946,0.065389,0.092551,0.375790,0.413707,0.979209,0.957916,-2.954087,0.027262,,,,1.052260,,0.147253,,
197210,111.58,3.1033,6.2333,0.010878,0.009503,0.0721,0.0806,0.0591,0.0234,0.0101,0.0474,0.004000,0.027813,0.028072,0.055864,0.497861,0.635884,0.011700,0.008500,-0.013300,0.004751,,0.032353,0.000858,,,0.00090853873,,,,,,-1.666536,,,0.082200,0.000000,,,-0.635221,0.032570,0.025794,0.388573,0.414386,0.981520,0.960177,-2.947618,0.028153,,,,1.052260,,0.165882,,
197211,116.67,3.1267,6.3267,0.050297,0.045173,0.0712,0.0799,0.0577,0.0226,0.0249,0.0478,0.003700,0.026799,0.028022,0.054227,0.494205,0.596733,0.009900,0.008700,0.002300,0.002364,,0.030952,0.000488,,,0.00048377407,,,,,,-1.820457,,,0.091134,0.000000,,,-0.629870,0.032390,0.042853,0.373221,0.390782,0.993172,0.993172,-2.975482,0.026032,,,,1.052260,,0.163117,,
197212,118.05,3.1500,6.4200,0.013663,0.012622,0.0708,0.0793,0.0599,-0.0229,-0.0004,0.0507,0.003700,0.026684,0.026999,0.054384,0.490654,0.595675,0.009200,0.008500,0.022500,0.002358,,0.034203,0.000517,,,0.00031144652,,,,,,-1.764452,,,0.099400,0.000000,,,-0.705205,0.055676,0.055151,0.370508,0.408313,0.984319,0.984319,-2.973350,0.027856,,,,1.052260,,0.170034,,
197301,116.03,3.1567,6.5467,-0.016752,-0.018044,0.0715,0.0790,0.0685,-0.0321,-0.0054,0.0541,0.004400,0.027206,0.026740,0.056422,0.482179,0.608196,0.014400,0.007500,0.026700,0.002353,,0.035647,0.000516,,,-0.00012030325,,,,,,-1.782254,,,0.103793,0.000000,,,-0.773528,0.062123,0.005286,0.393263,0.410304,0.949910,0.949910,-2.937491,0.029067,,,,1.052260,,0.146177,-0.236096,
197302,111.68,3.1633,6.6733,-0.033818,-0.038229,0.0722,0.0797,0.0688,0.0014,0.0023,0.0560,0.004200,0.028325,0.027263,0.059754,0.474026,0.636184,0.012800,0.007500,0.000900,0.007042,,0.036300,0.001265,,,-0.00020732975,,,,,,-1.733450,,,0.115182,0.000000,,,-0.773052,0.075681,0.005625,0.392456,0.410212,0.908120,0.908120,-2.881807,0.030294,,,,0.783645,,0.200886,0.349061,
197303,111.52,3.1700,6.8000,-0.001093,-0.002089,0.0729,0.0803,0.0686,0.0082,0.0045,0.0609,0.004600,0.028425,0.028385,0.060976,0.466176,0.676018,0.007700,0.007400,-0.003700,0.009324,,0.036706,0.001558,,,-0.00069585901,,,,,,-1.695457,,,0.112867,0.014245,,,-0.757735,0.100356,0.020257,0.404765,0.404895,0.904260,0.904260,-2.862226,0.031710,,,,-1.090339,,0.239308,0.532853,
197304,106.97,3.1867,6.9433,-0.040064,-0.041236,0.0726,0.0809,0.0687,0.0046,0.0061,0.0626,0.005200,0.029790,0.028575,0.064909,0.458954,0.697720,0.006100,0.008300,0.001500,0.006928,,0.037833,0.001518,,,0.00016536273,,,,,,-1.696501,,,0.108595,0.058989,,,-0.897541,0.082019,-0.018509,0.409699,0.389491,0.876134,0.876134,-2.799337,0.034157,,,,-2.685336,,0.280696,0.445116,
197305,104.95,3.2033,7.0867,-0.013950,-0.019002,0.0729,0.0806,0.0703,-0.0105,-0.0039,0.0636,0.005100,0.030522,0.029946,0.067524,0.452022,0.713216,0.006700,0.007700,0.006600,0.006881,,0.039602,0.003078,,,-0.000073360224,,,,,,-1.762672,,,0.112592,0.000000,,,-0.832935,0.078401,0.022336,0.410986,0.394513,0.857098,0.857098,-2.761524,0.035315,,,,-2.685336,,0.344505,0.519483,
197306,104.26,3.2200,7.2300,-0.005178,-0.006522,0.0737,0.0813,0.0710,-0.0021,-0.0056,0.0719,0.005100,0.030884,0.030681,0.069346,0.445367,0.720974,-0.000900,0.007600,-0.003500,0.006834,,0.039013,0.002165,,,0.00074397823,,,,,,-1.646309,,,0.111149,0.095491,,,-0.895267,0.071773,0.017210,0.408950,0.374816,0.847875,0.847875,-2.735372,0.034137,,,,-2.685336,,0.362191,0.399392,
197307,108.22,3.2367,7.3833,0.039128,0.037679,0.0745,0.0824,0.0760,-0.0433,-0.0476,0.0801,0.006400,0.029908,0.031044,0.068225,0.438375,0.693977,-0.004100,0.007900,-0.004300,0.002262,,0.037350,0.001868,,,0.00023902997,,,,,,-1.706449,,,0.111913,-0.004843,,,-0.928986,0.050084,0.024137,0.380067,0.388965,0.880860,0.880860,-2.753814,0.040971,,,,-2.450070,,0.356411,0.229455,
197308,104.25,3.2533,7.5367,-0.031544,-0.036505,0.0768,0.0853,0.0728,0.0391,0.0356,0.0867,0.007000,0.031207,0.030062,0.072294,0.431667,0.724337,-0.013900,0.008500,-0.003500,0.018059,,0.037389,0.001096,,,0.00025207516,,,,,,-1.610834,,,0.107763,0.000000,,,-0.918682,0.072844,0.040863,0.407006,0.378974,0.843938,0.843938,-2.698401,0.036408,,,,-2.685336,,0.291525,0.058831,
197309,108.43,3.2700,7.6900,0.042219,0.041038,0.0763,0.0863,0.0703,0.0318,0.0356,0.0829,0.006800,0.030158,0.031367,0.070921,0.425228,0.678809,-0.012600,0.010000,0.003800,0.002217,,0.034361,0.000935,,,-0.000054582375,,,,,,-1.702888,,,0.112945,0.002433,,,-0.977022,0.065234,0.028035,0.383445,0.381976,0.900542,0.900542,-2.714683,0.037137,,,,-2.685336,,0.214100,-0.012697,
197310,108.29,3.3067,7.8467,0.000312,-0.001560,0.0760,0.0841,0.0689,0.0215,-0.0066,0.0722,0.006500,0.030535,0.030496,0.072460,0.421411,0.672082,-0.003300,0.008100,-0.028100,0.008850,,0.034660,0.001345,,,-0.00088735819,,,,,,-1.792841,,,0.118594,0.359223,,,-0.827445,0.076315,-0.017053,0.376737,0.347939,0.909556,0.909556,-2.690418,0.028926,,,,-2.135392,,0.176346,0.078609,
197311,95.96,3.3433,8.0033,-0.107220,-0.113046,0.0767,0.0842,0.0712,-0.0183,0.0078,0.0783,0.005600,0.034841,0.030874,0.083403,0.417742,0.781879,-0.007100,0.007500,0.026100,0.006579,,0.038736,0.004370,,,-0.0013245342,,,,,,-1.897575,,,0.120356,0.135714,,,-0.803332,0.082589,-0.003233,0.383641,0.344162,0.781829,0.781829,-2.549206,0.038030,,,,-2.685336,,0.254987,-0.105118,
197312,97.55,3.3800,8.1600,0.017971,0.016534,0.0768,0.0848,0.0726,-0.0082,-0.0089,0.0745,0.006400,0.034649,0.035223,0.083649,0.414216,0.755588,-0.001900,0.008000,-0.000700,0.006536,,0.013007,0.005358,,,-0.0006401994,,,,,,-1.840290,,,0.114712,0.190252,,,-0.684017,0.062420,0.031615,0.392331,0.324057,0.809033,0.809033,-2.546347,0.044778,,,,-2.685336,,0.336725,-0.250007,
197401,96.57,3.4000,8.2267,-0.008120,-0.009749,0.0783,0.0848,0.0740,-0.0083,-0.0053,0.0777,0.006300,0.035208,0.034854,0.085189,0.413290,0.751446,-0.003700,0.006500,0.003000,0.008658,,0.011627,0.003409,,,-0.00093675299,,,,,,-1.783011,,,0.105337,0.380449,,,-0.506895,0.096919,0.032793,0.389206,0.319725,0.858331,0.813492,-2.530452,0.053325,,,,-2.685336,,0.355236,-0.041651,
197402,96.22,3.4200,8.2933,0.001992,-0.003695,0.0785,0.0853,0.0748,-0.0024,0.0009,0.0712,0.005800,0.035544,0.035415,0.086191,0.412380,0.747098,0.003600,0.006800,0.003300,0.012876,,0.010919,0.001878,,,-0.00095731388,,,,,,-1.591001,,,0.099405,0.205742,,,-0.497218,0.093132,0.022668,0.405973,0.297779,0.871811,0.818228,-2.518470,0.044686,,,,-2.685336,,0.339408,-0.890266,
197403,93.98,3.4400,8.3600,-0.021818,-0.023154,0.0801,0.0862,0.0783,-0.0292,-0.0307,0.0796,0.005600,0.036604,0.035751,0.088955,0.411483,0.815184,-0.001300,0.006100,-0.001500,0.012712,,0.010400,0.001694,,,-0.0011670985,,,,,,-1.592112,,,0.096689,-0.002381,,,-0.472674,0.074355,-0.018352,0.408542,0.303185,0.857780,0.805058,-2.489243,0.036773,,,,-2.685336,,0.294753,-0.544884,
197404,90.31,3.4600,8.4867,-0.037649,-0.039360,0.0825,0.0887,0.0816,-0.0253,-0.0341,0.0833,0.007500,0.038312,0.036816,0.093973,0.407698,0.824858,-0.001700,0.006200,-0.008800,0.004184,,0.009657,0.001729,,,-0.0010474939,,,,,,-1.523501,,,0.091017,0.007160,,,-0.486734,0.075461,0.016206,0.410835,0.291615,0.847719,0.795617,-2.437165,0.025540,,,,-2.685336,,0.314504,-0.569940,
197405,87.28,3.4800,8.6133,-0.026896,-0.033127,0.0837,0.0905,0.0810,0.0123,0.0105,0.0823,0.007500,0.039872,0.038534,0.098686,0.404025,0.860416,-0.001300,0.006800,-0.001800,0.012500,,0.009247,0.002099,,,-0.001237991,,,,,,-1.548283,,,0.096162,0.003160,,,-0.547088,0.100542,0.028749,0.414171,0.299962,0.812686,0.762737,-2.388875,0.025812,,,,-2.685336,,0.309365,-0.639405,
197406,86.00,3.5000,8.7400,-0.012816,-0.014583,0.0847,0.0927,0.0812,0.0045,-0.0285,0.0790,0.006000,0.040698,0.040101,0.101628,0.400458,0.860159,0.002200,0.008000,-0.033000,0.008230,,0.008028,0.002300,,,-0.0016917665,,,,,,-1.545857,,,0.091653,0.017323,,,-0.533075,0.079261,0.023072,0.407853,0.281370,0.812929,0.762965,-2.359130,0.025315,,,,-2.685336,,0.333689,-0.729737,
197407,79.31,3.5300,8.8633,-0.076698,-0.078500,0.0872,0.0948,0.0823,-0.0029,-0.0211,0.0755,0.007000,0.044509,0.041047,0.111756,0.398270,0.911239,0.006800,0.007600,-0.018200,0.008163,,0.006839,0.004918,,,-0.0019992526,,,,,,-1.583348,,,0.091065,-0.042570,,,-0.395193,0.098106,0.039701,0.411052,0.275360,0.767360,0.720196,-2.266642,0.027716,,,,-2.685336,,0.361741,-1.265837,
197408,72.15,3.5600,8.9867,-0.082177,-0.089737,0.0900,0.0977,0.0855,-0.0232,-0.0268,0.0896,0.006000,0.049342,0.044887,0.124555,0.396142,1.017124,-0.004100,0.007700,-0.003600,0.012146,,0.006555,0.004791,,,-0.00230981,,,,,,-1.550103,,,0.077654,0.002425,,,-0.454245,0.120386,0.057532,0.423996,0.276820,0.687476,0.645222,-2.160336,0.027988,,,,-2.685336,,0.381519,-0.921276,
197409,63.54,3.5900,9.1100,-0.117511,-0.119577,0.0924,0.1018,0.0837,0.0247,0.0174,0.0806,0.008100,0.056500,0.049757,0.143374,0.394072,1.135440,0.003100,0.009400,-0.007300,0.012000,,0.005137,0.007812,,,-0.0017001444,,,,,,-1.639278,,,0.074920,-0.025000,,,-0.307050,0.055407,0.034641,0.412634,0.259768,0.615839,0.577988,-2.019628,0.032109,,,,-2.685336,,0.408307,-0.935137,
197410,73.90,3.5933,9.0367,0.168113,0.164814,0.0927,0.1048,0.0795,0.0489,0.0885,0.0746,0.005100,0.048624,0.056552,0.122282,0.397639,1.037084,0.004900,0.012100,0.039600,0.009881,,0.003638,0.010085,,,-0.0018954501,,,,,,-1.611244,,,0.069464,-0.000827,,,-0.421450,-0.016968,0.061066,0.400511,0.309995,0.711573,0.632804,-2.177457,0.041791,,,,-2.685336,,0.438699,-1.044654,
197411,69.97,3.5967,8.9633,-0.045688,-0.053816,0.0889,0.1060,0.0771,0.0295,0.0117,0.0747,0.005400,0.051403,0.048669,0.128102,0.401265,1.115637,0.002400,0.017100,-0.017800,0.007828,,0.007815,0.003514,,,-0.0018215318,,,,,,-1.501080,,,0.033257,0.007450,,,-0.192432,-0.019357,-0.004844,0.422216,0.322126,0.693829,0.588248,-2.128918,0.042688,,,,-2.685336,,0.424003,-0.992042,
197412,68.56,3.6000,8.8900,-0.018021,-0.020305,0.0889,0.1063,0.0760,0.0171,-0.0075,0.0715,0.007000,0.052509,0.051451,0.129667,0.404949,1.120018,0.004500,0.017400,-0.024600,0.007767,,0.008772,0.003814,,,-0.00083048791,,,,,,-1.433898,,,-0.006220,0.010682,,,-0.139478,-0.054358,0.056136,0.442522,0.372386,0.691115,0.585947,-2.114452,0.042563,,,,-2.685336,,0.394295,-1.250492,
197501,76.98,3.6233,8.7433,0.123610,0.121698,0.0883,0.1081,0.0796,0.0225,0.0596,0.0626,0.005800,0.047068,0.052849,0.113579,0.414411,0.980830,0.017000,0.019800,0.037100,0.003854,,0.008510,0.004017,,,-0.0012299241,,,,,,-1.670865,,,-0.022962,-0.004065,,,-0.107883,-0.053993,0.061867,0.399223,0.348240,0.789191,0.669098,-2.247575,0.047429,,,,-2.416721,,0.324521,-1.218184,
197502,81.59,3.6467,8.5967,0.067460,0.059497,0.0862,0.1065,0.0788,0.0131,0.0137,0.0550,0.004300,0.044695,0.047372,0.105364,0.424196,0.933902,0.023800,0.020300,0.000600,0.007678,,0.011652,0.002179,,,-0.00070812406,,,,,,-1.616224,,,-0.048878,0.009796,,,-0.147569,-0.058178,0.011306,0.397374,0.367347,0.828847,0.702719,-2.321629,0.049735,,,,-0.520350,,0.303910,-1.344413,
197503,83.36,3.6700,8.4500,0.024014,0.022122,0.0867,0.1048,0.0824,-0.0267,-0.0247,0.0549,0.004100,0.044026,0.044981,0.101368,0.434320,0.972466,0.027500,0.018100,0.002000,0.003810,,0.020467,0.002403,,,-0.00070429158,,,,,,-1.645792,,,-0.062822,0.007276,,,-0.144108,-0.078512,0.002950,0.405879,0.385359,0.883012,0.730389,-2.363460,0.050761,,,,0.549493,,0.269813,-1.270883,
197504,87.30,3.6833,8.2867,0.049424,0.047293,0.0895,0.1058,0.0852,-0.0182,-0.0052,0.0561,0.004400,0.042192,0.044186,0.094922,0.444489,0.909489,0.029100,0.016300,0.013000,0.003795,,0.022496,0.002314,,,-0.00067348827,,,,,,-1.530617,,,-0.063196,-0.004815,,,-0.183776,-0.061299,0.065180,0.404933,0.381673,0.948682,0.780964,-2.433791,0.036464,,,,0.816994,,0.272222,-1.202642,
197505,91.15,3.6967,8.1233,0.051193,0.044794,0.0890,0.1069,0.0836,0.0212,0.0106,0.0523,0.004400,0.040556,0.042344,0.089120,0.455068,0.897524,0.031300,0.017900,-0.010600,0.005671,,0.022954,0.001807,,,-0.00040982182,,,,,,-1.584556,,,-0.069190,0.005645,,,-0.301340,-0.057167,0.033647,0.397950,0.403948,0.968151,0.791376,-2.495283,0.038179,,,,1.052260,,0.271045,-1.135176,
197506,95.19,3.7100,7.9600,0.046220,0.044342,0.0877,0.1062,0.0813,0.0292,0.0304,0.0534,0.004100,0.038975,0.040702,0.083622,0.466080,0.849839,0.027900,0.018500,0.001200,0.007519,,0.022962,0.001353,,,-0.00080542378,,,,,,-1.597787,,,-0.065613,0.000802,,,-0.368099,-0.063060,0.061524,0.406996,0.202318,1.000000,0.835780,-2.557110,0.034592,,,,1.052260,,0.247059,-1.174902,
197507,88.75,3.7100,7.8933,-0.065504,-0.067553,0.0884,0.1055,0.0829,-0.0087,-0.0030,0.0613,0.004800,0.041803,0.038975,0.088939,0.470017,0.898366,0.021600,0.017100,0.005700,0.011194,,0.025628,0.001244,,,-0.001182099,,,,,,-1.628612,,,-0.057878,0.000801,,,-0.365298,0.008419,0.042754,0.399117,0.184826,0.942958,0.790634,-2.497322,0.032730,,,,1.052260,,0.244993,-1.105206,
197508,86.88,3.7100,7.8267,-0.015663,-0.021731,0.0895,0.1059,0.0844,-0.0068,-0.0175,0.0644,0.004800,0.042703,0.041803,0.090086,0.474020,0.894247,0.020000,0.016400,-0.010700,0.001845,,0.026365,0.002343,,,-0.0015740132,,,,,,-1.535244,,,-0.050777,0.001601,,,-0.211439,-0.013608,0.049560,0.407152,0.178913,0.947302,0.794276,-2.487649,0.028012,,,,1.052260,,0.290768,-1.301370,
197509,83.87,3.7100,7.7600,-0.032250,-0.034226,0.0895,0.1061,0.0862,-0.0098,-0.0126,0.0642,0.005300,0.044235,0.042703,0.092524,0.478093,0.940948,0.022000,0.016600,-0.002800,0.005525,,0.027918,0.002305,,,-0.0014922567,,,,,,-1.467370,,,-0.040635,0.006395,,,-0.181775,-0.022406,-0.016113,0.430362,0.183121,0.900285,0.754854,-2.461220,0.025236,,,,0.256246,,0.313485,-1.014418,
197510,89.04,3.7000,7.8267,0.064855,0.062135,0.0886,0.1062,0.0819,0.0475,0.0553,0.0596,0.005600,0.041554,0.044116,0.087901,0.472743,0.893498,0.022300,0.017600,0.007800,0.005495,,0.025897,0.002155,,,-0.0015430243,,,,,,-1.459086,,,-0.038928,0.048451,,,-0.400141,-0.033644,0.017458,0.446868,0.193974,0.948095,0.794942,-2.509805,0.026263,,,,0.224763,,0.348585,-1.129621,
197511,91.24,3.6900,7.8933,0.030089,0.023996,0.0878,0.1056,0.0838,-0.0109,-0.0088,0.0548,0.004100,0.040443,0.041442,0.086512,0.467483,0.867928,0.029000,0.017800,0.002100,0.007286,,0.024621,0.000813,,,-0.0016529119,,,,,,-1.492476,,,-0.040262,0.021970,,,-0.531611,-0.013821,0.019434,0.453832,0.183252,0.976027,0.818361,-2.524899,0.025026,,,,0.513726,,0.309806,-1.187925,
197512,90.19,3.6800,7.9600,-0.010485,-0.012296,0.0879,0.1056,0.0805,0.0390,0.0442,0.0544,0.004800,0.040803,0.040333,0.088258,0.462312,0.876339,0.026100,0.017700,0.005200,0.003617,,0.023711,0.001331,,,-0.00046511563,,,,,,-1.449344,,,-0.029374,-0.008895,,,-0.650488,-0.025556,-0.029728,0.465323,0.194294,0.966659,0.810507,-2.504451,0.025685,,,,0.806190,,0.299889,-0.989624,
197601,100.86,3.6833,8.1933,0.120143,0.118545,0.0860,0.1041,0.0802,0.0090,0.0188,0.0487,0.004700,0.036519,0.040840,0.081235,0.449552,0.765934,0.031500,0.018100,0.009800,0.001802,,0.021852,0.001978,,,-0.00011029255,,,,,,-1.701247,,,-0.018940,-0.008227,,,-0.642345,-0.019440,0.084740,0.398970,0.186402,1.000000,0.927337,-2.584964,0.032144,,,,1.052260,,0.283232,-0.953400,
197602,99.71,3.6867,8.4267,-0.005756,-0.011620,0.0855,0.1024,0.0802,0.0062,0.0061,0.0488,0.003400,0.036974,0.036552,0.084512,0.437500,0.768037,0.031400,0.016900,-0.000100,0.003597,,0.022233,0.001221,,,-0.00017078355,,,,,,-1.770042,,,-0.011846,-0.000754,,,-0.582266,0.003269,-0.021955,0.401591,0.168034,0.977920,0.924798,-2.545879,0.041143,,,,0.544265,,0.296237,-0.889828,
197603,102.77,3.6900,8.6600,0.032640,0.030786,0.0852,0.1012,0.0792,0.0166,0.0167,0.0500,0.004000,0.035905,0.037007,0.084266,0.426097,0.784031,0.029200,0.016000,0.000100,0.001792,,0.015072,0.001266,,,-0.00043879841,,,,,,-1.632573,,,-0.012348,0.001509,,,-0.772042,0.024467,0.042411,0.418655,0.170611,0.990329,0.950319,-2.548237,0.043355,,,,1.052260,,0.264634,-0.936893,
197604,101.64,3.7133,8.8567,-0.009610,-0.010699,0.0840,0.0994,0.0797,0.0018,-0.0015,0.0486,0.004200,0.036534,0.036132,0.087138,0.419269,0.786076,0.031100,0.015400,-0.003300,0.003578,,0.014239,0.001007,,,-0.0013534097,,,,,,-1.589378,,,-0.010057,0.001507,,,-0.831991,0.015428,0.021011,0.428971,0.161494,0.985984,0.947846,-2.513145,0.032579,,,,0.790335,,0.258717,-0.914742,
197605,100.18,3.7367,9.0533,-0.008116,-0.015026,0.0858,0.0986,0.0821,-0.0158,-0.0103,0.0520,0.003700,0.037300,0.036764,0.090371,0.412740,0.803503,0.030100,0.012800,0.005500,0.007130,,0.014148,0.000936,,,-0.0010527004,,,,,,-1.537824,,,-0.008469,-0.005267,,,-0.610487,-0.002813,0.026176,0.432024,0.157989,0.964600,0.927289,-2.479871,0.022342,,,,0.001746,,0.256609,-0.841594,
197606,104.28,3.7600,9.2500,0.043959,0.042158,0.0862,0.0989,0.0807,0.0208,0.0150,0.0541,0.004300,0.036057,0.037532,0.088703,0.406486,0.781428,0.026600,0.012700,-0.005800,0.005310,,0.018925,0.000972,,,-0.0012775825,,,,,,-1.497507,,,-0.010093,0.011346,,,-0.629249,0.009430,0.079224,0.453348,0.285812,0.991850,0.953485,-2.498120,0.022030,,,,-0.018939,,0.257172,-0.573168,
197607,103.44,3.7900,9.3500,-0.007202,-0.008454,0.0856,0.0982,0.0805,0.0078,0.0149,0.0523,0.004700,0.036640,0.036344,0.090391,0.405348,0.795824,0.028200,0.012600,0.007100,0.005282,,0.018843,0.000487,,,-0.0014411039,,,,,,-1.463897,,,-0.007060,-0.005984,,,-0.654352,0.029482,0.002561,0.458125,0.273673,0.973725,0.936237,-2.479001,0.023557,,,,-0.526934,,0.224215,-0.752128,
197608,102.91,3.8200,9.4500,0.001599,-0.004982,0.0845,0.0964,0.0790,0.0211,0.0231,0.0514,0.004200,0.037120,0.036930,0.091828,0.404233,0.804732,0.027600,0.011900,0.002000,0.005254,,0.020630,0.000745,,,-0.0012977566,,,,,,-1.423728,,,-0.002848,0.007524,,,-0.630244,-0.009467,0.046216,0.477417,0.275307,0.962945,0.925872,-2.462669,0.024397,,,,-0.526934,,0.218136,-1.008883,
197609,105.24,3.8500,9.5500,0.024421,0.022669,0.0838,0.0940,0.0781,0.0145,0.0167,0.0508,0.004400,0.036583,0.037411,0.090745,0.403141,0.791363,0.027300,0.010200,0.002200,0.003484,,0.023784,0.000891,,,-0.0014566973,,,,,,-1.442536,,,-0.002035,-0.005228,,,-0.477433,0.014342,0.022293,0.474993,0.289330,0.975759,0.941514,-2.472860,0.021916,,,,-0.526934,,0.223340,-1.112684,
197610,102.90,3.9167,9.6700,-0.020211,-0.021995,0.0832,0.0929,0.0779,0.0084,0.0070,0.0492,0.004100,0.038063,0.037217,0.093975,0.405033,0.812080,0.028700,0.009700,-0.001400,0.005208,,0.025570,0.001270,,,-0.0011566296,,,,,,-1.454153,,,-0.004974,0.000000,,,-0.552419,0.035356,0.053148,0.480000,0.285829,0.950867,0.917495,-2.436212,0.019592,,,,-0.526934,,0.281725,-1.360453,
197611,102.10,3.9833,9.7900,-0.001041,-0.008628,0.0825,0.0923,0.0749,0.0339,0.0319,0.0475,0.004000,0.039014,0.038711,0.095886,0.406877,0.827263,0.027400,0.009800,-0.002000,0.001727,,0.027896,0.001118,,,-0.00092241021,,,,,,-1.524451,,,0.007523,0.004505,,,-0.472872,0.019965,-0.047615,0.468453,0.293611,0.933415,0.900656,-2.414957,0.020262,,,,-1.076878,,0.298104,-1.319836,
197612,107.46,4.0500,9.9100,0.053775,0.052170,0.0798,0.0912,0.0721,0.0327,0.0347,0.0435,0.004000,0.037688,0.039667,0.092220,0.408678,0.779973,0.028600,0.011400,0.002000,0.003448,,0.028567,0.000576,,,-0.0011227041,,,,,,-1.523552,,,0.015650,0.005979,,,-0.368345,0.034653,0.045708,0.471424,0.285178,0.990008,0.955263,-2.450017,0.022557,,,,-0.526934,,0.274367,-1.099431,
197701,102.03,4.0967,9.9667,-0.049654,-0.051167,0.0796,0.0908,0.0764,-0.0388,-0.0303,0.0462,0.003600,0.040152,0.038123,0.097684,0.411037,0.821065,0.030200,0.011200,0.008500,0.005155,,0.029600,0.000696,,,-0.0015928437,,,,,,-1.564278,,,0.006005,0.032689,,,-0.351785,0.014591,0.016112,0.451619,0.278034,0.940461,0.907455,-2.395640,0.029485,,,,-1.073462,,0.234164,-1.174883,
197702,99.82,4.1433,10.0233,-0.015638,-0.022400,0.0804,0.0912,0.0775,-0.0049,-0.0020,0.0467,0.003500,0.041508,0.040609,0.100414,0.413370,0.836804,0.030800,0.010800,0.002900,0.010256,,0.027970,0.000335,,,-0.0016537032,,,,,,-1.481696,,,0.019062,0.000000,,,-0.387669,0.002683,0.036534,0.456667,0.271888,0.922772,0.890387,-2.369753,0.027492,,,,-2.179565,,0.178225,-1.098969,
197703,98.42,4.1900,10.0800,-0.012502,-0.014548,0.0810,0.0912,0.0772,0.0091,0.0094,0.0460,0.003800,0.042573,0.041976,0.102418,0.415675,0.868430,0.031200,0.010200,0.000300,0.006768,,0.030338,0.000666,,,-0.0017320885,,,,,,-1.416922,,,0.029146,0.000000,,,-0.387934,0.012498,-0.025070,0.461978,0.259069,0.905734,0.873947,-2.350639,0.026761,,,,-2.685336,,0.176773,-0.958002,
197704,98.44,4.2467,10.1933,0.000641,-0.000503,0.0804,0.0907,0.0771,0.0071,0.0100,0.0454,0.003800,0.043140,0.043148,0.103548,0.416614,0.861150,0.031700,0.010300,0.002900,0.008403,,0.031140,0.000985,,,-0.0016386999,,,,,,-1.481550,,,0.036099,0.000000,,,-0.261364,0.027807,-0.013927,0.459198,0.253063,0.913391,0.881335,-2.338827,0.020584,,,,-2.685336,,0.217361,-0.954770,
197705,96.12,4.3033,10.3067,-0.015064,-0.023541,0.0805,0.0901,0.0765,0.0125,0.0106,0.0496,0.003700,0.044770,0.043715,0.107227,0.417527,0.888211,0.026900,0.009600,-0.001900,0.005000,,0.035315,0.000635,,,-0.0013541819,,,,,,-1.449361,,,0.041346,0.000000,,,-0.503049,0.022823,-0.015449,0.469683,0.268973,0.885563,0.854483,-2.304752,0.020632,,,,-2.685336,,0.247488,-0.849210,
197706,100.48,4.3600,10.4200,0.047776,0.045705,0.0795,0.0891,0.0754,0.0164,0.0175,0.0502,0.004000,0.043392,0.045360,0.103702,0.418426,0.871112,0.025200,0.009600,0.001100,0.006633,,0.031941,0.000563,,,-0.0015935849,,,,,,-1.431245,,,0.046489,0.000000,,,-0.384336,0.044502,0.041872,0.457340,0.178307,0.902945,0.871256,-2.336504,0.019959,,,,-2.685336,,0.248233,-0.961786,
197707,98.85,4.4067,10.5167,-0.015453,-0.016589,0.0794,0.0887,0.0768,-0.0070,-0.0005,0.0519,0.004200,0.044579,0.043856,0.106390,0.419016,0.896783,0.024900,0.009300,0.006500,0.004942,,0.033182,0.000595,,,-0.0016868214,,,,,,-1.479018,,,0.045168,0.000000,,,-0.462809,0.029641,-0.001323,0.463782,0.174223,0.877098,0.846315,-2.311377,0.020089,,,,-2.685336,,0.216159,-0.983207,
197708,96.77,4.4533,10.6133,-0.012310,-0.020221,0.0798,0.0882,0.0754,0.0198,0.0136,0.0549,0.004400,0.046020,0.045051,0.109676,0.419599,0.926534,0.020500,0.008400,-0.006200,0.003279,,0.033750,0.000582,,,-0.001666359,,,,,,-1.399482,,,0.043561,0.023741,,,-0.517009,0.035336,-0.010995,0.471867,0.184173,0.848934,0.819140,-2.281619,0.020149,,,,-2.685336,,0.201836,-1.089390,
197709,96.53,4.5000,10.7100,-0.000825,-0.003084,0.0792,0.0880,0.0764,-0.0029,-0.0022,0.0581,0.004300,0.046618,0.046502,0.110950,0.420168,0.942263,0.018300,0.008800,0.000700,0.003268,,0.032368,0.000463,,,-0.0018026906,,,,,,-1.382219,,,0.045084,0.052003,,,-0.541820,0.044844,0.038054,0.454136,0.188394,0.843189,0.805467,-2.269507,0.018433,,,,-2.685336,,0.192444,-1.113062,
197710,92.34,4.5567,10.7700,-0.041984,-0.043869,0.0804,0.0889,0.0781,-0.0093,-0.0038,0.0616,0.004900,0.049347,0.047205,0.116634,0.423089,0.975377,0.016500,0.008500,0.005500,0.003257,,0.032774,0.000726,,,-0.0012570464,,,,,,-1.438879,,,0.043907,-0.008016,,,-0.479866,0.048127,-0.004308,0.452914,0.186421,0.814562,0.778121,-2.221220,0.018037,,,,-2.685336,,0.200187,-1.114133,
197711,94.83,4.6133,10.8300,0.036752,0.026953,0.0808,0.0895,0.0777,0.0093,0.0061,0.0610,0.005000,0.048648,0.049960,0.114204,0.425977,0.962034,0.016700,0.008700,-0.003200,0.004870,,0.029216,0.001388,,,-0.0012900084,,,,,,-1.569090,,,0.043161,0.000000,,,-0.561033,0.041827,0.001177,0.460530,0.180343,0.825860,0.788913,-2.242830,0.020726,,,,-2.685336,,0.285431,-1.183219,
197712,95.10,4.6700,10.8900,0.005570,0.003637,0.0819,0.0899,0.0803,-0.0168,-0.0105,0.0607,0.004900,0.049106,0.049246,0.114511,0.428834,0.960333,0.019600,0.008000,0.006300,0.003231,,0.030474,0.000627,,,-0.0018338899,,,,,,-1.456428,,,0.042370,0.000000,,,-0.538949,0.057818,0.016993,0.472546,0.174229,0.831378,0.790311,-2.241171,0.021515,,,,-2.439266,,0.296780,-0.754885,
197801,89.25,4.7133,10.9000,-0.060643,-0.062611,0.0841,0.0917,0.0816,-0.0080,-0.0089,0.0644,0.004900,0.052810,0.049562,0.122129,0.432416,1.036731,0.017200,0.007600,-0.000900,0.006441,,0.028813,0.000908,,,-0.0018933608,,,,,,-1.475499,,,0.024966,0.000000,,,-0.539189,0.028002,0.014515,0.455524,0.149019,0.795372,0.732072,-2.179269,0.023880,,,,-2.685336,,0.310891,-0.899396,
197802,87.04,4.7567,10.9100,-0.016260,-0.024938,0.0847,0.0920,0.0822,0.0004,0.0051,0.0645,0.004600,0.054649,0.053296,0.125345,0.435992,1.075567,0.017700,0.007300,0.004700,0.006400,,0.031168,0.000670,,,-0.001551213,,,,,,-1.440319,,,0.027736,0.000000,,,-0.559429,0.041075,-0.022682,0.461968,0.138675,0.766653,0.705638,-2.153927,0.022665,,,,-2.685336,,0.252988,-0.676955,
197803,89.21,4.8000,10.9200,0.026925,0.024356,0.0847,0.0922,0.0831,-0.0021,0.0042,0.0629,0.005300,0.053806,0.055147,0.122408,0.439560,1.111493,0.020200,0.007500,0.006300,0.007949,,0.027569,0.000623,,,-0.0013817078,,,,,,-1.423713,,,0.044155,0.000000,,,-0.612280,0.074678,0.011904,0.446235,0.135271,0.799105,0.720129,-2.177729,0.023869,,,,-2.439266,,0.243979,-0.643087,
197804,96.83,4.8367,11.0233,0.088964,0.087593,0.0856,0.0932,0.0838,-0.0005,-0.0023,0.0629,0.005400,0.049950,0.054217,0.113842,0.438768,1.005350,0.020900,0.007600,-0.001800,0.007886,,0.022945,0.001741,,,-0.0019860558,,,,,,-1.581604,,,0.061665,0.000000,,,-0.857459,0.057036,0.035722,0.423138,0.131012,0.887518,0.796159,-2.251295,0.022790,,,,-0.824066,,0.288068,-0.481086,
197805,97.24,4.8733,11.1267,0.013719,0.004436,0.0869,0.0949,0.0852,-0.0058,-0.0108,0.0641,0.005100,0.050117,0.050329,0.114425,0.437985,1.001416,0.021100,0.008000,-0.005000,0.009390,,0.016558,0.001085,,,-0.0023334338,,,,,,-1.624520,,,0.063760,0.000000,,,-0.859338,0.071889,0.066254,0.413626,0.114141,0.904173,0.799287,-2.248031,0.024023,,,,0.781755,,0.272870,-0.370143,
197806,95.53,4.9100,11.2300,-0.016578,-0.018953,0.0876,0.0960,0.0865,-0.0062,0.0023,0.0673,0.005400,0.051397,0.050494,0.117555,0.437222,1.027902,0.019200,0.008400,0.008500,0.010853,,0.016522,0.001027,,,-0.0018349394,,,,,,-1.616685,,,0.067672,0.000000,,,-0.932740,0.063022,0.045439,0.430946,0.263224,0.886866,0.778692,-2.222063,0.024159,,,,0.549493,,0.291619,-0.526182,
197807,100.68,4.9467,11.3433,0.056974,0.055121,0.0888,0.0960,0.0858,0.0143,0.0101,0.0701,0.005600,0.049133,0.051781,0.112667,0.436087,0.976260,0.015700,0.007200,-0.004200,0.007669,,0.014670,0.000850,,,-0.0015001826,,,,,,-1.591022,,,0.064295,0.000000,,,-0.859725,0.056855,0.090594,0.419445,0.259299,0.970271,0.819882,-2.266189,0.024838,,,,1.052260,,0.243716,-0.604726,
197808,103.29,4.9833,11.4567,0.033641,0.025563,0.0869,0.0948,0.0843,0.0218,0.0257,0.0708,0.005600,0.048246,0.049497,0.110918,0.434971,0.960060,0.013500,0.007900,0.003900,0.004566,,0.012002,0.001002,,,-0.0018316643,,,,,,-1.702044,,,0.065842,0.000000,,,-0.921097,0.066852,0.112570,0.418396,0.269105,0.974115,0.833717,-2.279716,0.027335,,,,1.052260,,0.236048,-0.633915,
197809,102.54,5.0200,11.5700,-0.005163,-0.007483,0.0869,0.0942,0.0860,-0.0106,-0.0048,0.0785,0.006200,0.048957,0.048601,0.112834,0.433881,0.972258,0.007500,0.007300,0.005800,0.007576,,0.012703,0.000948,,,-0.0025993048,,,,,,-1.676222,,,0.065828,0.000000,,,-0.974460,0.080431,0.042212,0.432503,0.263654,0.953819,0.823258,-2.262680,0.026099,,,,1.052260,,0.228139,-0.658471,
197810,93.15,5.0367,11.8233,-0.089570,-0.092269,0.0889,0.0959,0.0889,-0.0200,-0.0205,0.0799,0.006800,0.054071,0.049119,0.126928,0.425995,1.062275,0.009000,0.007000,-0.000500,0.009023,,0.014351,0.002100,,,-0.0018702195,,,,,,-1.790284,,,0.070759,0.000000,,,-0.930942,0.101894,-0.042627,0.413697,0.273554,0.872992,0.753494,-2.147008,0.035881,,,,0.259663,,0.288985,-0.671059,
197811,94.70,5.0533,12.0767,0.026771,0.017400,0.0903,0.0983,0.0877,0.0189,0.0134,0.0864,0.007000,0.053361,0.054249,0.127526,0.418436,1.053527,0.001300,0.008000,-0.005500,0.004471,,0.014089,0.003181,,,-0.0018611309,,,,,,-1.717703,,,0.075908,0.000000,,,-0.770196,0.087376,0.114968,0.402708,0.269758,0.880241,0.759751,-2.143869,0.034017,,,,-0.839997,,0.375523,-1.006012,
197812,96.11,5.0700,12.3300,0.016626,0.014264,0.0916,0.0994,0.0898,-0.0130,-0.0133,0.0908,0.007800,0.052752,0.053537,0.128291,0.411192,1.045701,-0.001000,0.007800,-0.000300,0.004451,,0.014851,0.001666,,,-0.0015481539,,,,,,-1.619367,,,0.078351,0.019529,,,-0.876272,0.046895,0.020913,0.436387,0.281768,0.886829,0.765437,-2.139727,0.035123,,,,-0.325462,,0.399827,-0.812413,
197901,99.93,5.1133,12.6533,0.042697,0.040161,0.0925,0.1013,0.0886,0.0191,0.0184,0.0935,0.007700,0.051169,0.053203,0.126622,0.404110,1.003074,-0.004900,0.008800,-0.000700,0.008863,,0.014388,0.001001,,,-0.0018498194,,,,,,-1.623666,,,0.070390,0.054822,,,-1.030649,0.059849,-0.000199,0.418104,0.285687,0.924516,0.797965,-2.153647,0.028071,,,,0.496625,,0.364192,-1.236576,
197902,96.28,5.1567,12.9767,-0.028649,-0.036958,0.0926,0.1008,0.0908,-0.0135,-0.0128,0.0932,0.007300,0.053559,0.051603,0.134781,0.397379,1.040775,-0.002400,0.008200,0.000700,0.011713,,0.012228,0.000814,,,-0.0013147274,,,,,,-1.544782,,,0.072645,-0.007514,,,-0.873658,0.088008,-0.055457,0.429551,0.266914,0.891026,0.769060,-2.091200,0.023381,,,,-0.036075,,0.300290,-1.197948,
197903,101.59,5.2000,13.3000,0.057361,0.054825,0.0937,0.1026,0.0902,0.0129,0.0106,0.0948,0.008100,0.051186,0.054009,0.130918,0.390977,1.033079,-0.004600,0.008900,-0.002300,0.010130,,0.011670,0.000801,,,-0.001349922,,,,,,-1.539884,,,0.073385,0.045426,,,-0.712276,0.092019,0.048252,0.428358,0.258923,0.949809,0.819797,-2.120459,0.025447,,,,1.052260,,0.254238,-1.146837,
197904,101.76,5.2467,13.5267,0.004183,0.002218,0.0938,0.1033,0.0922,-0.0112,-0.0052,0.0946,0.008000,0.051559,0.051646,0.132927,0.387875,1.041876,-0.002400,0.009500,0.006000,0.011461,,0.011570,0.000647,,,-0.0015582344,,,,,,-1.544570,,,0.058780,0.130960,,,-0.572554,0.064091,0.029981,0.433053,0.273289,0.941789,0.812874,-2.105779,0.022238,,,,1.052260,,0.254732,-1.099631,
197905,99.08,5.2933,13.7533,-0.016818,-0.026303,0.0950,0.1047,0.0903,0.0261,0.0228,0.0961,0.008200,0.053425,0.052018,0.138810,0.384877,1.083142,-0.005800,0.009700,-0.003300,0.012748,,0.014184,0.000924,,,-0.0014325784,,,,,,-1.561029,,,0.065294,0.121665,,,-0.580800,0.030211,0.014555,0.459194,0.272961,0.905909,0.781905,-2.063117,0.023107,,,,0.784759,,0.243949,-1.225322,
197906,102.91,5.3400,13.9800,0.040324,0.037792,0.0929,0.1038,0.0877,0.0311,0.0269,0.0906,0.008100,0.051890,0.053896,0.135847,0.381974,1.057864,-0.002900,0.010900,-0.004200,0.011189,,0.012069,0.000571,,,-0.0013276842,,,,,,-1.567713,,,0.062995,0.219791,,,-0.724686,0.056446,0.042533,0.444576,0.277394,0.927556,0.800590,-2.081579,0.023013,,,,1.052260,,0.222478,-0.990161,
197907,103.81,5.3967,14.1967,0.012051,0.009737,0.0920,0.1029,0.0895,-0.0085,-0.0031,0.0924,0.007700,0.051986,0.052441,0.136757,0.380136,1.052314,-0.002900,0.010900,0.005400,0.011065,,0.009679,0.000708,,,-0.00095407572,,,,,,-1.552220,,,0.058816,0.079173,,,-0.793043,0.022482,0.076233,0.449781,0.265901,0.932448,0.804811,-2.075272,0.022178,,,,1.052260,,0.219736,-1.096338,
197908,109.32,5.4533,14.4133,0.061865,0.053222,0.0923,0.1035,0.0907,-0.0035,0.0006,0.0952,0.007700,0.049884,0.052532,0.131845,0.378354,1.003459,-0.004500,0.011200,0.004100,0.009576,,0.011569,0.000506,,,-0.001171412,,,,,,-1.589924,,,0.049705,0.085291,,,-0.752065,0.014189,0.092194,0.426169,0.276740,0.977846,0.843995,-2.112581,0.023055,,,,1.052260,,0.172848,-0.974696,
197909,109.32,5.5100,14.6300,0.001416,-0.000872,0.0944,0.1054,0.0927,-0.0122,-0.0179,0.1026,0.008300,0.050402,0.050402,0.133827,0.376623,1.013795,-0.009900,0.011000,-0.005700,0.010840,,0.009404,0.001233,,,-0.0014195561,,,,,,-1.639562,,,0.047038,0.054945,,,-0.800879,0.047644,0.048210,0.428755,0.290134,0.974662,0.835390,-2.100406,0.020456,,,,1.052260,,0.213903,-1.163685,
197910,101.82,5.5567,14.7067,-0.065560,-0.068517,0.1013,0.1140,0.1034,-0.0841,-0.0890,0.1170,0.008700,0.054573,0.050829,0.144438,0.377833,1.091946,-0.013600,0.012700,-0.004900,0.008043,,0.010210,0.002589,,,-0.0012554812,,,,,,-1.757451,,,0.051780,0.059975,,,-0.935350,0.025770,-0.007615,0.418073,0.290123,0.908747,0.775601,-2.032937,0.022456,,,,0.783645,,0.304088,-0.916017,
197911,106.16,5.6033,14.7833,0.052777,0.043570,0.1076,0.1199,0.1009,0.0311,0.0222,0.1179,0.009900,0.052782,0.055032,0.139255,0.379031,1.083115,-0.017000,0.012300,-0.008900,0.009309,,0.010779,0.001558,,,-0.00084450892,,,,,,-1.634635,,,0.047740,0.083383,,,-0.819529,0.024342,0.071482,0.438259,0.305130,0.916155,0.781925,-2.072651,0.025267,,,,1.052260,,0.342111,-1.151864,
197912,107.94,5.6500,14.8600,0.018340,0.015892,0.1074,0.1206,0.1012,0.0057,-0.0108,0.1204,0.009500,0.052344,0.053222,0.137669,0.380215,1.061950,-0.019200,0.013200,-0.016500,0.010540,,0.010514,0.000470,,,-0.00037113093,,,,,,-1.581634,,,0.045924,0.044805,,,-0.624809,0.028113,0.048698,0.431446,0.308835,0.934415,0.797509,-2.081752,0.028649,,,,1.052260,,0.315770,-0.909914,
198001,114.16,5.7000,15.0033,0.061308,0.058935,0.1109,0.1242,0.1114,-0.0741,-0.0645,0.1200,0.008000,0.049930,0.052807,0.131423,0.379916,1.016955,-0.008600,0.013300,0.009600,0.014342,,0.011297,0.001906,,,-0.000295125,,,,,,-1.759843,,,0.048836,-0.029992,,,-0.325120,0.050627,0.059232,0.411745,0.288552,0.975758,0.832795,-2.131887,0.032932,,,,1.052260,,0.220139,-0.865638,
198002,113.66,5.7500,15.1467,0.002611,-0.005574,0.1238,0.1357,0.1186,-0.0467,-0.0665,0.1286,0.008900,0.050589,0.050368,0.133263,0.379621,1.031930,-0.010000,0.011900,-0.019800,0.014139,,0.010827,0.001898,,,-0.00082116833,,,,,,-1.714620,,,0.046629,0.027394,,,-0.342716,0.034311,0.092901,0.420280,0.283499,0.954970,0.820709,-2.132412,0.033154,,,,1.052260,,0.193325,-0.693373,
198003,102.09,5.8000,15.2900,-0.097518,-0.100096,0.1296,0.1445,0.1239,-0.0315,-0.0062,0.1520,0.012100,0.056813,0.051029,0.149770,0.379333,1.093732,-0.028100,0.014900,0.025300,0.015209,,0.011877,0.004622,,,-0.00048460839,,,,,,-1.874577,,,0.040076,0.050950,,,-0.305626,0.034523,0.123653,0.416691,0.295860,0.869346,0.747124,-2.018659,0.036531,,,,-0.007839,,0.270943,-0.864262,
198004,106.29,5.8467,15.1733,0.042394,0.039877,0.1204,0.1419,0.1076,0.1523,0.1376,0.1320,0.012600,0.055007,0.057270,0.142754,0.385326,1.051820,-0.024400,0.021500,-0.014700,0.011236,,0.015348,0.002746,,,-0.00026500098,,,,,,-1.712616,,,0.017543,-0.007787,,,-0.226485,0.002946,0.109098,0.418527,0.312134,0.903987,0.776895,-2.055219,0.032596,,,,-0.332870,,0.303915,-1.260324,
198005,111.24,5.8933,15.0567,0.055560,0.046651,0.1099,0.1317,0.1037,0.0419,0.0560,0.0858,0.008100,0.052979,0.055446,0.135353,0.391409,1.010049,0.017900,0.021800,0.014100,0.009877,,0.015052,0.001510,,,-0.0001539688,,,,,,-1.667769,,,-0.009832,0.000000,,,-0.265481,-0.047017,0.017425,0.424011,0.319464,0.941372,0.809023,-2.096812,0.030521,,,,0.507449,,0.323852,-1.276251,
198006,114.24,5.9400,14.9400,0.029722,0.026895,0.1058,0.1271,0.1006,0.0359,0.0341,0.0707,0.006100,0.051996,0.053398,0.130777,0.397590,0.990183,0.029900,0.021300,-0.001800,0.011002,,0.015304,0.001371,,,0.00042031331,,,,,,-1.615298,,,-0.025301,0.000000,,,-0.178542,-0.010112,0.002838,0.431621,0.351205,0.960258,0.825254,-2.127567,0.023426,,,,1.052260,,0.267048,-1.026222,
198007,121.67,5.9833,14.8400,0.068200,0.065630,0.1107,0.1265,0.1074,-0.0476,-0.0429,0.0806,0.005300,0.049177,0.052375,0.121969,0.403189,0.918830,0.026800,0.015800,0.004700,0.000000,,0.020154,0.001363,,,0.00074901051,,,,,,-1.690706,,,-0.034818,-0.013924,,,-0.162329,0.050237,0.048290,0.398459,0.367584,0.999081,0.889341,-2.201567,0.027577,,,,1.052260,,0.217245,-0.985374,
198008,122.38,6.0267,14.7400,0.013454,0.006030,0.1164,0.1315,0.1140,-0.0432,-0.0445,0.0913,0.006400,0.049246,0.049533,0.120445,0.408865,0.921520,0.022700,0.015100,-0.001300,0.007255,,0.019951,0.001708,,,0.00081825021,,,,,,-1.749996,,,-0.034142,-0.044416,,,-0.199239,0.024475,0.048715,0.387153,0.364673,0.964695,0.886745,-2.221827,0.030771,,,,1.052260,,0.241866,-0.809219,
198009,125.46,6.0700,14.6400,0.027935,0.025155,0.1202,0.1370,0.1185,-0.0262,-0.0237,0.1027,0.007500,0.048382,0.049600,0.116691,0.414617,0.921688,0.015800,0.016800,0.002500,0.008403,,0.023797,0.002657,,,0.00076540271,,,,,,-1.847600,,,-0.020227,-0.039495,,,-0.143455,0.048738,0.015642,0.402705,0.393106,0.956750,0.886584,-2.257174,0.032791,,,,1.052260,,0.288265,-0.746612,
198010,127.47,6.1000,14.7000,0.017809,0.014742,0.1231,0.1423,0.1231,-0.0263,-0.0159,0.1162,0.009500,0.047854,0.048621,0.115321,0.414966,0.929594,0.006900,0.019200,0.010400,0.009524,,0.022770,0.002191,,,0.0014456625,,,,,,-1.723168,,,-0.010042,0.006993,,,-0.198949,0.043817,0.042984,0.413382,0.409348,0.948613,0.879043,-2.271128,0.029513,,,,1.052260,,0.308271,-0.630556,
198011,140.52,6.1300,14.7600,0.109910,0.103015,0.1297,0.1464,0.1230,0.0100,0.0017,0.1373,0.009600,0.043624,0.048090,0.105038,0.415312,0.865162,-0.014300,0.016700,-0.008300,0.008255,,0.021950,0.002419,,,0.0013118477,,,,,,-1.814513,,,0.004118,0.008056,,,-0.205607,0.011396,0.055076,0.405599,0.437868,0.993171,0.944509,-2.372811,0.036398,,,,1.052260,,0.304188,-0.678160,
198012,135.76,6.1600,14.8200,-0.030634,-0.033006,0.1321,0.1514,0.1199,0.0352,0.0248,0.1549,0.013100,0.045374,0.043837,0.109163,0.415655,0.891503,-0.035000,0.019300,-0.010400,0.009357,,0.026817,0.002952,,,0.0010201575,,,,,,-1.805088,,,0.008314,0.032791,,,-0.309518,0.046180,0.060887,0.407031,0.394852,0.963826,0.916602,-2.335712,0.037251,,,,1.052260,,0.283717,-0.384431,
198101,129.55,6.2000,14.7400,-0.043370,-0.045036,0.1281,0.1503,0.1211,-0.0115,-0.0130,0.1502,0.010400,0.047858,0.045669,0.113778,0.420624,0.907239,-0.029100,0.022200,-0.001500,0.008111,,0.028696,0.001597,,,0.00071058594,,,,,,-1.769461,,,-0.000552,0.017076,,,-0.422647,0.010140,0.034609,0.394429,0.388595,0.942848,0.900704,-2.291907,0.040167,,,,1.052260,,0.270723,-0.908751,
198102,131.27,6.2400,14.6600,0.021267,0.013492,0.1335,0.1537,0.1283,-0.0435,-0.0269,0.1479,0.010700,0.047536,0.048167,0.111678,0.425648,0.881816,-0.019600,0.020200,0.016600,0.010345,,0.030010,0.001531,,,0.0007315691,,,,,,-1.693743,,,-0.007253,-0.003148,,,-0.637974,0.004525,0.091355,0.411635,0.384117,0.970031,0.926671,-2.316031,0.031376,,,,1.052260,,0.265957,-0.965172,
198103,136.00,6.2800,14.5800,0.038285,0.035426,0.1333,0.1534,0.1248,0.0384,0.0311,0.1336,0.012100,0.046176,0.047840,0.107206,0.430727,0.924921,-0.008800,0.020100,-0.007300,0.006826,,0.027940,0.002076,,,0.0004488745,,,,,,-1.757784,,,-0.004605,0.000000,,,-0.740184,0.011287,0.095547,0.395305,0.378476,0.988820,0.954521,-2.356283,0.032551,,,,1.052260,,0.245594,-0.864870,
198104,132.81,6.3167,14.7233,-0.020211,-0.021967,0.1388,0.1556,0.1332,-0.0518,-0.0769,0.1369,0.010800,0.047562,0.046446,0.110860,0.429025,0.930594,-0.003700,0.016800,-0.025100,0.006780,,0.027352,0.000832,,,0.00041584798,,,,,,-1.802443,,,-0.011435,-0.019211,,,-0.741508,0.021079,0.043958,0.399487,0.370857,0.974318,0.948702,-2.327706,0.030249,,,,1.052260,,0.211484,-0.831269,
198105,132.59,6.3533,14.8667,0.006539,-0.001124,0.1432,0.1595,0.1265,0.0622,0.0595,0.1630,0.011500,0.047917,0.047838,0.112125,0.427353,0.936224,-0.036500,0.016300,-0.002700,0.007856,,0.028845,0.000922,,,-0.00000031830472,,,,,,-1.743306,,,-0.008139,-0.040783,,,-0.738248,0.013978,0.024358,0.408525,0.362295,0.968459,0.942997,-2.320043,0.029122,,,,0.272404,,0.183657,-0.757562,
198106,131.21,6.3900,15.0100,-0.008255,-0.011180,0.1375,0.1580,0.1304,-0.0179,0.0023,0.1473,0.013500,0.048701,0.048194,0.114397,0.425716,0.950475,-0.016900,0.020500,0.020200,0.008909,,0.027893,0.000996,,,-0.000057027074,,,,,,-1.790162,,,-0.005473,-0.003077,,,-0.699570,0.004356,0.027972,0.414646,0.300535,0.953938,0.928858,-2.294451,0.030729,,,,-1.351183,,0.149944,-0.921608,
198107,130.92,6.4333,15.0967,0.000714,-0.000946,0.1438,0.1617,0.1370,-0.0353,-0.0372,0.1495,0.012400,0.049139,0.049031,0.115312,0.426141,0.974967,-0.012500,0.017900,-0.001900,0.011038,,0.025590,0.001103,,,-0.000324294,,,,,,-1.665647,,,-0.001351,-0.021605,,,-0.357737,0.015980,0.056229,0.420901,0.295109,0.929974,0.905524,-2.293592,0.028118,,,,-1.912064,,0.169720,-1.003681,
198108,122.79,6.4767,15.1833,-0.055540,-0.063659,0.1489,0.1634,0.1445,-0.0386,-0.0345,0.1551,0.012800,0.052746,0.049470,0.123653,0.426565,1.053354,-0.010600,0.014500,0.004100,0.007642,,0.026992,0.001825,,,-0.00080864017,,,,,,-1.668843,,,-0.005006,0.003728,,,-0.551254,-0.003930,-0.007166,0.444280,0.289999,0.860769,0.838138,-2.229520,0.029191,,,,-2.450070,,0.212385,-1.072629,
198109,116.18,6.5200,15.2700,-0.050466,-0.053500,0.1549,0.1692,0.1482,-0.0145,-0.0199,0.1470,0.012400,0.056120,0.053099,0.131434,0.426981,1.092379,0.001200,0.014300,-0.005400,0.009751,,0.021483,0.002761,,,-0.0005421827,,,,,,-1.748761,,,-0.012237,0.000000,,,-0.592743,0.004220,0.063146,0.437054,0.288974,0.830018,0.808196,-2.171791,0.027279,,,,-2.685336,,0.285382,-1.282131,
198110,121.89,6.5567,15.3000,0.052115,0.048694,0.1540,0.1711,0.1384,0.0829,0.0521,0.1354,0.012100,0.053792,0.056435,0.125523,0.428541,1.089086,0.003000,0.017100,-0.030800,0.002146,,0.014897,0.002078,,,-0.0008184993,,,,,,-1.686832,,,-0.022554,0.000000,,,-0.692233,-0.024435,0.121542,0.423685,0.299843,0.832528,0.810640,-2.216332,0.029754,,,,-2.685336,,0.310901,-1.124596,
198111,126.35,6.5933,15.3300,0.043827,0.035918,0.1422,0.1639,0.1220,0.1410,0.1267,0.1086,0.010700,0.052183,0.054092,0.121330,0.430093,1.044455,0.013400,0.021700,-0.014300,0.003212,,0.015673,0.001504,,,-0.0010171618,,,,,,-1.670716,,,-0.036641,0.000000,,,-0.747276,-0.027573,0.082148,0.422658,0.306920,0.868102,0.845279,-2.234907,0.029070,,,,-2.685336,,0.281318,-0.996251,
198112,122.55,6.6300,15.3600,-0.027059,-0.029745,0.1423,0.1655,0.1334,-0.0713,-0.0580,0.1085,0.008700,0.054100,0.052473,0.125337,0.431641,1.061143,0.024900,0.023200,0.013300,0.003202,,0.011910,0.000906,,,-0.0012794664,,,,,,-1.560065,,,-0.049724,0.000000,,,-0.786343,-0.042076,0.038292,0.458609,0.327682,0.854450,0.831986,-2.205321,0.025380,,,,-2.685336,,0.226509,-0.821849,3.866435
198201,120.40,6.6600,15.1767,-0.015367,-0.016874,0.1518,0.1710,0.1415,0.0046,-0.0129,0.1228,0.008000,0.055316,0.054345,0.126052,0.438831,1.065894,0.018700,0.019200,-0.017500,0.003191,,0.010700,0.002522,,,-0.001882769,,,,,,-1.639322,,,-0.072974,-0.008571,,,-0.685072,0.007686,0.125494,0.441853,0.307593,0.850642,0.828278,-2.207249,0.024205,,,,-2.685336,,0.253688,-0.937489,2.870484
198202,113.11,6.6900,14.9933,-0.050441,-0.059588,0.1527,0.1718,0.1402,0.0182,0.0312,0.1348,0.009200,0.059146,0.055565,0.132555,0.446199,1.126287,0.005400,0.019100,0.013000,0.003181,,0.010506,0.001918,,,-0.0020617645,,,,,,-1.569499,,,-0.055200,-0.032277,,,-0.640865,-0.017133,0.004293,0.459539,0.296530,0.805029,0.783864,-2.155550,0.026519,,,,-2.685336,,0.265821,-0.902698,2.672621
198203,111.96,6.7200,14.8100,-0.006805,-0.010463,0.1458,0.1682,0.1387,0.0231,0.0306,0.1268,0.009800,0.060021,0.059411,0.132279,0.453747,1.185751,0.011900,0.022400,0.007500,-0.001057,,0.005548,0.001795,,,-0.0018891454,,,,,,-1.582304,,,-0.064246,-0.031864,,,-0.526379,0.013740,0.006979,0.461035,0.276433,0.803447,0.782324,-2.152638,0.028065,,,,-2.685336,,0.248799,-0.946576,2.865414
198204,116.44,6.7500,14.5967,0.041550,0.040063,0.1446,0.1678,0.1348,0.0373,0.0338,0.1270,0.011300,0.057970,0.060289,0.125358,0.462433,1.149983,0.007800,0.023200,-0.003500,0.004233,,0.002924,0.001247,,,-0.0019337418,,,,,,-1.529964,,,-0.075898,-0.019686,,,-0.423134,-0.005696,0.024006,0.453257,0.271755,0.838309,0.806656,-2.206468,0.025871,,,,-2.685336,,0.221889,-0.695182,2.902167
198205,111.88,6.7800,14.3833,-0.029505,-0.039834,0.1426,0.1664,0.1358,0.0034,0.0245,0.1209,0.010600,0.060601,0.058227,0.128560,0.471380,1.190424,0.014900,0.023800,0.021100,0.009484,,-0.000958,0.000855,,,-0.0021173595,,,,,,-1.503390,,,-0.084950,0.004079,,,-0.317071,-0.053239,0.009411,0.478804,0.247786,0.809830,0.779253,-2.179048,0.021759,,,,-2.685336,,0.208328,-0.450857,3.122222
198206,109.61,6.8100,14.1700,-0.015779,-0.018934,0.1481,0.1692,0.1412,-0.0223,-0.0468,0.1247,0.009600,0.062129,0.060869,0.129277,0.480593,1.201581,0.016500,0.021100,-0.024500,0.012526,,0.001213,0.001490,,,-0.0021779315,,,,,,-1.522959,,,-0.089925,0.000000,,,-0.277654,-0.044384,0.030093,0.476735,0.320837,0.846475,0.772017,-2.179458,0.021106,,,,-2.685336,,0.234307,-0.549505,3.666176
198207,107.09,6.8233,13.9667,-0.020199,-0.022058,0.1461,0.1680,0.1352,0.0501,0.0540,0.1135,0.010500,0.063716,0.062251,0.130420,0.488543,1.206530,0.021700,0.021900,0.003900,0.005155,,-0.011552,0.000959,,,-0.0020625268,,,,,,-1.530351,,,-0.095582,0.000000,,,-0.332064,-0.030880,0.049984,0.471515,0.309620,0.847962,0.768850,-2.167583,0.021286,,,,-2.685336,,0.206919,-0.710070,3.691904
198208,119.51,6.8367,13.7633,0.127402,0.116647,0.1371,0.1632,0.1254,0.0781,0.0837,0.0868,0.007600,0.057206,0.063840,0.115164,0.496732,1.082424,0.038600,0.026100,0.005600,0.002051,,-0.002858,0.006416,,,-0.002222557,,,,,,-1.706773,,,-0.107113,0.000000,,,-0.271201,-0.054490,0.126258,0.452479,0.332298,1.000000,0.857003,-2.284143,0.025108,,,,-2.138808,,0.349626,-0.891510,3.848767
198209,120.42,6.8500,13.5600,0.010496,0.007717,0.1294,0.1563,0.1183,0.0618,0.0623,0.0792,0.005100,0.056884,0.057317,0.112606,0.505162,1.088536,0.039100,0.026900,0.000500,0.002047,,0.000551,0.002131,,,-0.0018631355,,,,,,-1.678611,,,-0.111939,0.010938,,,-0.283488,-0.019400,0.017409,0.452165,0.321761,0.958771,0.852192,-2.300221,0.026097,,,,-0.285084,,0.349549,-0.588173,3.516157
198210,133.71,6.8567,13.2533,0.113863,0.111235,0.1212,0.1473,0.1112,0.0634,0.0759,0.0771,0.005900,0.051280,0.056940,0.099120,0.517356,0.983745,0.034100,0.026100,0.012500,0.003064,,0.006558,0.006126,,,-0.0018347028,,,,,,-1.932144,,,-0.124019,0.023802,,,-0.149628,0.003570,-0.001053,0.423141,0.326645,0.956354,0.942969,-2.414976,0.028531,,,,1.052260,,0.403434,-0.463723,3.558254
198211,138.54,6.8633,12.9467,0.045754,0.037554,0.1168,0.1430,0.1125,-0.0002,0.0201,0.0807,0.006300,0.049540,0.051330,0.093451,0.530122,0.938727,0.031800,0.026200,0.020300,-0.002037,,0.000958,0.005492,,,-0.0018583802,,,,,,-1.968521,,,-0.129622,-0.014493,,,-0.166511,-0.023411,0.100471,0.433804,0.336332,0.975401,0.975401,-2.470616,0.029977,,,,1.052260,,0.401011,-0.519144,3.721334
198212,140.64,6.8700,12.6400,0.016835,0.014676,0.1183,0.1414,0.1095,0.0312,0.0108,0.0794,0.006700,0.048848,0.049589,0.089875,0.543513,0.932215,0.030100,0.023100,-0.020400,-0.004082,,0.002990,0.002490,,,-0.0013463488,,,,,,-1.785011,,,-0.139067,-0.023591,,,-0.195008,0.046162,0.043448,0.448483,0.322618,0.977572,0.977572,-2.509544,0.029360,,,,1.052260,,0.377596,-0.240599,3.818491
198301,145.30,6.8833,12.5667,0.035293,0.033317,0.1179,0.1394,0.1113,-0.0309,-0.0094,0.0786,0.006900,0.047373,0.048943,0.086488,0.547744,0.906944,0.032700,0.021500,0.021500,0.002049,,0.002195,0.003281,,,-0.0013635098,,,,,,-1.901416,,,-0.122944,-0.018826,,,-0.231590,0.046472,0.042241,0.430061,0.309214,0.984758,0.984758,-2.547233,0.031978,,,,1.052260,,0.339391,-0.679748,4.032380
198302,148.06,6.8967,12.4933,0.025733,0.018539,0.1201,0.1395,0.1060,0.0492,0.0428,0.0811,0.006200,0.046580,0.047465,0.084380,0.552029,0.876849,0.024900,0.019400,-0.006400,0.001022,,0.000356,0.001912,,,-0.0013809871,,,,,,-1.816883,,,-0.131577,-0.048609,,,-0.164368,-0.016163,0.006155,0.448099,0.293619,0.991808,0.991808,-2.574259,0.028734,,,,1.052260,,0.268247,-0.706361,4.726349
198303,152.96,6.9100,12.4200,0.035470,0.032459,0.1173,0.1361,0.1083,-0.0094,0.0072,0.0835,0.006300,0.045175,0.046670,0.081198,0.556361,0.780068,0.024800,0.018800,0.016600,0.000000,,0.005994,0.001572,,,-0.0012148534,,,,,,-1.761516,,,-0.125505,-0.005042,,,-0.184436,0.008557,0.063458,0.451265,0.295498,0.986151,0.986151,-2.610804,0.029325,,,,1.052260,,0.262067,-0.481531,4.881791
198304,164.42,6.9200,12.4767,0.075719,0.074655,0.1151,0.1329,0.1051,0.0350,0.0548,0.0821,0.007100,0.042087,0.045241,0.075883,0.554634,0.718888,0.023000,0.017800,0.019800,0.007150,,0.006627,0.001424,,,-0.00087060688,,,,,,-1.803886,,,-0.115255,0.040541,,,-0.135680,0.025782,0.084651,0.435149,0.304319,1.000000,1.000000,-2.677501,0.025449,,,,1.052260,,0.221813,-0.439022,4.497605
198305,162.39,6.9300,12.5333,-0.005687,-0.012100,0.1146,0.1309,0.1112,-0.0386,-0.0324,0.0819,0.006900,0.042675,0.042148,0.077180,0.552927,0.734596,0.029300,0.016300,0.006200,0.006085,,0.010429,0.001085,,,-0.0006398717,,,,,,-1.877916,,,-0.111565,-0.016234,,,-0.041368,0.007131,0.032528,0.417934,0.312174,0.973544,0.973544,-2.660371,0.029759,,,,1.052260,,0.206789,-0.385172,4.454034
198306,168.11,6.9400,12.5900,0.036970,0.033719,0.1174,0.1337,0.1119,0.0039,-0.0046,0.0879,0.006700,0.041282,0.042737,0.074891,0.551231,0.721382,0.024000,0.016300,-0.008500,0.003024,,0.015827,0.001399,,,-0.00082781209,,,,,,-1.855997,,,-0.107780,0.034653,,,-0.136291,0.041272,0.063501,0.422955,0.348352,0.978899,0.978899,-2.694723,0.031638,,,,1.052260,,0.202723,-0.379490,4.530949
198307,162.56,6.9600,12.8267,-0.031238,-0.032321,0.1215,0.1339,0.1198,-0.0486,-0.0455,0.0908,0.007400,0.042815,0.041401,0.078904,0.542618,0.735061,0.029000,0.012400,0.003100,0.004020,,0.025380,0.002293,,,-0.0012450162,,,,,,-1.917819,,,-0.095314,0.019139,,,0.066049,0.028462,0.002048,0.416409,0.346739,0.960683,0.960683,-2.647296,0.034427,,,,1.052260,,0.246975,-0.344972,4.302296
198308,164.40,6.9800,13.0633,0.015864,0.009484,0.1251,0.1364,0.1210,0.0020,0.0051,0.0934,0.007600,0.042457,0.042938,0.079460,0.534321,0.724822,0.027600,0.011300,0.003100,0.003003,,0.019475,0.001369,,,-0.0013006754,,,,,,-1.754408,,,-0.085869,-0.009390,,,0.016425,0.023479,0.052969,0.435721,0.324050,0.974253,0.974253,-2.644484,0.032663,,,,1.052260,,0.243345,-0.481376,4.403140
198309,166.07,7.0000,13.3000,0.014105,0.010838,0.1237,0.1355,0.1157,0.0505,0.0392,0.0900,0.007600,0.042151,0.042579,0.080087,0.526316,0.714848,0.025700,0.011800,-0.011300,0.004990,,0.023178,0.001057,,,-0.0018284324,,,,,,-1.745035,,,-0.073739,-0.037915,,,0.111409,0.039947,0.030128,0.456091,0.344929,0.978077,0.978077,-2.634844,0.032297,,,,1.052260,,0.250040,-0.523429,4.360992
198310,163.55,7.0300,13.5433,-0.013108,-0.014695,0.1225,0.1346,0.1188,-0.0132,-0.0025,0.0864,0.007600,0.042984,0.042332,0.082808,0.519076,0.719474,0.032400,0.012100,0.010700,0.002979,,0.024744,0.001115,,,-0.0017022483,,,,,,-1.784137,,,-0.068428,-0.006568,,,0.207537,0.079941,0.017577,0.450357,0.344102,0.953723,0.953723,-2.600440,0.032957,,,,1.052260,,0.192930,-0.485008,4.345328
198311,166.40,7.0600,13.7867,0.023846,0.017363,0.1241,0.1361,0.1176,0.0183,0.0142,0.0876,0.007000,0.042428,0.043167,0.082853,0.512088,0.690820,0.030000,0.012000,-0.004100,0.001980,,0.026637,0.000836,,,-0.0015962358,,,,,,-1.746527,,,-0.066280,-0.020826,,,0.217395,0.053339,0.036786,0.459660,0.354516,0.991314,0.991314,-2.601247,0.029470,,,,1.052260,,0.180466,-0.547351,4.218099
198312,164.93,7.0900,14.0300,-0.005749,-0.008699,0.1257,0.1375,0.1197,-0.0059,-0.0033,0.0900,0.007300,0.042988,0.042608,0.085066,0.505346,0.700359,0.029700,0.011800,0.002600,0.000988,,0.027057,0.000528,,,-0.0016937271,,,,,,-1.687541,,,-0.063570,0.001013,,,0.124327,0.022040,0.036006,0.474543,0.354681,0.977812,0.977812,-2.576133,0.026178,,,,0.806190,,0.155246,-0.391743,3.516796
198401,163.41,7.1200,14.4400,-0.003898,-0.005657,0.1220,0.1365,0.1180,0.0244,0.0270,0.0890,0.007600,0.043571,0.043170,0.088367,0.493075,0.722198,0.029000,0.014500,0.002600,0.005923,,0.030736,0.000795,,,-0.0020953326,,,,,,-1.763505,,,-0.046101,0.020911,,,0.151158,0.047119,0.046379,0.435090,0.318097,0.948244,0.948244,-2.536638,0.026308,,,,-0.815700,,0.144048,-0.504700,3.585132
198402,157.06,7.1500,14.8500,-0.034034,-0.039505,0.1208,0.1359,0.1217,-0.0178,-0.0172,0.0909,0.007100,0.045524,0.043755,0.094550,0.481481,0.763448,0.030800,0.015100,0.000600,0.004907,,0.026702,0.002019,,,-0.0019284684,,,,,,-1.815782,,,-0.044007,0.011563,,,0.183353,0.053281,0.017403,0.422721,0.313123,0.897009,0.897009,-2.470527,0.026789,,,,-2.450070,,0.196903,-0.569995,3.089792
198403,159.18,7.1800,15.2600,0.017295,0.013714,0.1257,0.1399,0.1253,-0.0156,-0.0235,0.0952,0.007300,0.045106,0.045715,0.095866,0.470511,0.762475,0.030100,0.014200,-0.007900,0.001953,,0.024105,0.001355,,,-0.0020079516,,,,,,-1.647717,,,-0.041410,0.005879,,,0.238353,0.096053,0.019229,0.463345,0.330143,0.904980,0.904980,-2.460982,0.027320,,,,-2.450070,,0.230255,-0.754436,3.196863
198404,160.05,7.2233,15.5733,0.006781,0.005229,0.1281,0.1431,0.1284,-0.0105,-0.0073,0.0969,0.008100,0.045132,0.045378,0.097303,0.463828,0.758659,0.031500,0.015000,0.003200,0.004873,,0.022682,0.001036,,,-0.0019147215,,,,,,-1.615622,,,-0.037793,-0.017857,,,0.117218,0.019098,0.027041,0.475604,0.332992,0.909532,0.909532,-2.448866,0.022733,,,,-2.177341,,0.246610,-0.570702,3.157549
198405,150.55,7.2667,15.8867,-0.053131,-0.059544,0.1328,0.1474,0.1381,-0.0516,-0.0483,0.0983,0.007800,0.048267,0.045402,0.105524,0.457406,0.803910,0.039800,0.014600,0.003300,0.002910,,0.021514,0.000933,,,-0.0017415154,,,,,,-1.659006,,,-0.034659,0.019835,,,0.121652,0.038404,0.037619,0.477993,0.352385,0.858336,0.858336,-2.374652,0.020929,,,,-2.685336,,0.217543,-0.678353,3.189767
198406,153.18,7.3100,16.2000,0.022937,0.018709,0.1355,0.1505,0.1374,0.0150,0.0199,0.0987,0.007500,0.047722,0.048555,0.105758,0.451235,0.784352,0.038700,0.015000,0.004900,0.002901,,0.001304,0.001676,,,-0.0018792426,,,,,,-1.606385,,,-0.033272,-0.035656,,,0.235417,-0.003708,0.076865,0.477190,0.335592,0.879739,0.879739,-2.373764,0.022804,,,,-2.177341,,0.228598,-0.753097,3.117252
198407,150.66,7.3333,16.3200,-0.013765,-0.015641,0.1344,0.1515,0.1293,0.0693,0.0586,0.1012,0.008200,0.048675,0.047874,0.108323,0.449346,0.796392,0.028100,0.017100,-0.010700,0.003857,,-0.001862,0.000866,,,-0.0013404002,,,,,,-1.534605,,,-0.032777,-0.070588,,,0.198337,0.028983,0.003728,0.495538,0.332921,0.866439,0.866439,-2.348033,0.023728,,,,-2.685336,,0.208567,-0.864629,3.096008
198408,166.68,7.3567,16.4400,0.112438,0.105753,0.1287,0.1463,0.1270,0.0266,0.0307,0.1047,0.008300,0.044136,0.048830,0.098632,0.447486,0.725428,0.022300,0.017600,0.004100,0.003842,,-0.003101,0.003127,,,-0.0014445113,,,,,,-1.702441,,,-0.034014,0.059675,,,0.218536,0.006598,0.087897,0.468017,0.365213,0.951196,0.951196,-2.436095,0.025679,,,,-0.310628,,0.269691,-0.790922,3.056875
198409,166.10,7.3800,16.5600,-0.000064,-0.003292,0.1266,0.1435,0.1235,0.0342,0.0314,0.1037,0.008600,0.044431,0.044276,0.099699,0.445652,0.736051,0.019800,0.016900,-0.002800,0.004785,,-0.009493,0.000943,,,-0.0014075399,,,,,,-1.583777,,,-0.039243,0.011945,,,0.256891,-0.000350,0.020438,0.476759,0.350152,0.937469,0.937469,-2.423561,0.025787,,,,0.525883,,0.258026,-0.587449,3.076653
198410,166.09,7.4300,16.5867,0.003331,0.000216,0.1263,0.1394,0.1173,0.0561,0.0572,0.0974,0.010000,0.044735,0.044732,0.099866,0.447949,0.735642,0.019900,0.013100,0.001100,0.002857,,-0.013528,0.001292,,,-0.0018743573,,,,,,-1.553277,,,-0.041612,-0.038786,,,0.285893,-0.020826,0.064393,0.498374,0.341247,0.937989,0.937989,-2.418685,0.025439,,,,-0.262706,,0.273219,-0.590472,3.071137
198411,163.58,7.4800,16.6133,-0.009841,-0.014950,0.1229,0.1348,0.1169,0.0118,0.0212,0.0861,0.007300,0.045727,0.045036,0.101561,0.450242,0.747052,0.030800,0.011900,0.009400,0.000000,,-0.021877,0.001020,,,-0.001626786,,,,,,-1.521813,,,-0.040504,-0.042105,,,0.397255,0.016582,0.011953,0.508065,0.323964,0.924066,0.923664,-2.396581,0.025864,,,,-0.762200,,0.231690,-0.497250,3.086598
198412,167.24,7.5300,16.6400,0.025556,0.021843,0.1213,0.1340,0.1170,0.0091,0.0128,0.0806,0.006400,0.045025,0.046033,0.099498,0.452524,0.733098,0.036400,0.012700,0.003700,0.000000,,-0.027197,0.001190,,,-0.0011276635,,,,,,-1.507392,,,-0.042433,-0.032967,,,0.435806,-0.014369,0.098398,0.504549,0.326286,0.941654,0.941245,-2.416475,0.022401,,,,-0.526934,,0.254675,-0.105385,3.025577
198501,179.63,7.5733,16.5567,0.076868,0.074737,0.1208,0.1326,0.1127,0.0364,0.0325,0.0776,0.006500,0.042161,0.045284,0.092171,0.457418,0.690255,0.035100,0.011800,-0.003900,0.001899,,-0.029905,0.001636,,,-0.0015489468,,,,,,-1.661582,,,-0.044853,-0.001894,,,0.526407,0.041227,0.054027,0.467750,0.348849,0.995474,0.995474,-2.491886,0.025734,,,,-0.018939,,0.271037,-0.737914,3.059755
198502,181.19,7.6167,16.4733,0.014166,0.008886,0.1213,0.1323,0.1209,-0.0493,-0.0373,0.0827,0.005800,0.042037,0.042402,0.090917,0.462365,0.691739,0.038200,0.011000,0.012000,0.004739,,-0.024519,0.000745,,,-0.0015429552,,,,,,-1.674759,,,-0.044349,0.007590,,,0.450119,0.008862,0.053319,0.472245,0.357038,0.989283,0.989283,-2.506749,0.023269,,,,1.052260,,0.242299,-0.307649,3.015281
198503,180.66,7.6600,16.3900,-0.000636,-0.003980,0.1256,0.1369,0.1181,0.0307,0.0179,0.0852,0.006200,0.042400,0.042276,0.090723,0.467358,0.723646,0.032900,0.011300,-0.012800,0.003774,,-0.024816,0.000802,,,-0.0018750597,,,,,,-1.577841,,,-0.045078,0.065913,,,0.413659,-0.014701,0.051616,0.478580,0.340100,0.974926,0.974926,-2.512023,0.028489,,,,1.052260,,0.213205,-0.256464,2.914586
198504,179.83,7.6867,16.1300,-0.003704,-0.005413,0.1223,0.1351,0.1162,0.0242,0.0296,0.0795,0.007200,0.042744,0.042548,0.089696,0.476545,0.728662,0.036700,0.012800,0.005400,0.004699,,-0.022412,0.000460,,,-0.0020781902,,,,,,-1.515284,,,-0.049492,-0.024735,,,0.515717,-0.012589,-0.019613,0.476815,0.319134,0.968215,0.968215,-2.519557,0.024773,,,,0.544265,,0.170389,-0.477954,2.988434
198505,189.55,7.7133,15.8700,0.062740,0.056847,0.1172,0.1315,0.1062,0.0896,0.0820,0.0748,0.006600,0.040693,0.042892,0.083725,0.486032,0.696893,0.031400,0.014300,-0.007600,0.003742,,-0.025481,0.000834,,,-0.0021886417,,,,,,-1.555603,,,-0.050271,0.009058,,,0.523525,0.001015,0.057323,0.478039,0.343769,1.000000,1.000000,-2.583230,0.026164,,,,1.052260,,0.172932,-0.549679,2.928975
198506,191.85,7.7400,15.6100,0.016065,0.012925,0.1094,0.1240,0.1055,0.0142,0.0083,0.0695,0.005500,0.040344,0.040834,0.081366,0.495836,0.686430,0.036000,0.014600,-0.005900,0.002796,,-0.026608,0.000742,,,-0.0021959653,,,,,,-1.568889,,,-0.052984,-0.041293,,,0.672260,0.041362,0.050175,0.477402,0.300572,1.000000,1.000000,-2.605566,0.020548,,,,1.052260,,0.161043,-0.408251,2.991910
198507,190.92,7.7733,15.4833,-0.003321,-0.005235,0.1097,0.1243,0.1091,-0.0180,-0.0121,0.0708,0.006200,0.040715,0.040518,0.081098,0.502046,0.680322,0.038300,0.014600,0.005900,0.001859,,-0.024639,0.000719,,,-0.0021281896,,,,,,-1.674694,,,-0.059951,0.016105,,,0.561397,0.009472,0.016545,0.468439,0.300418,0.991107,0.991107,-2.610217,0.020945,,,,1.052260,,0.173204,-0.319834,2.937230
198508,188.63,7.8067,15.3567,-0.006473,-0.011871,0.1105,0.1250,0.1068,0.0259,0.0260,0.0714,0.005500,0.041386,0.040890,0.081412,0.508356,0.687176,0.035400,0.014500,0.000100,0.001855,,-0.024227,0.000630,,,-0.0022594762,,,,,,-1.523827,,,-0.059134,0.028382,,,0.567548,0.017263,0.031489,0.483825,0.289549,0.981222,0.981222,-2.606541,0.017871,,,,0.001746,,0.175045,-0.291477,3.002153
198509,182.08,7.8400,15.2300,-0.033248,-0.036197,0.1107,0.1248,0.1082,-0.0021,0.0071,0.0710,0.006000,0.043058,0.041563,0.083645,0.514773,0.689959,0.037200,0.014100,0.009200,0.002778,,-0.031294,0.000866,,,-0.0021212744,,,,,,-1.530697,,,-0.057973,0.041219,,,0.604086,0.028813,0.046746,0.489219,0.282114,0.977264,0.977264,-2.579847,0.019533,,,,-0.795548,,0.196123,-0.268270,3.008146
198510,189.82,7.8600,15.0233,0.045079,0.042653,0.1102,0.1236,0.1051,0.0338,0.0329,0.0716,0.006500,0.041408,0.043168,0.079145,0.523187,0.667026,0.033500,0.013400,-0.000900,0.003693,,-0.027069,0.000912,,,-0.001917188,,,,,,-1.511137,,,-0.063299,0.044750,,,0.569811,0.005511,0.063073,0.480460,0.285292,0.999084,0.999084,-2.633964,0.019135,,,,-0.808263,,0.216566,-0.442602,3.035235
198511,202.17,7.8800,14.8167,0.071887,0.066630,0.1055,0.1199,0.1011,0.0401,0.0370,0.0724,0.006100,0.038977,0.041513,0.073288,0.531832,0.622703,0.028700,0.014400,-0.003100,0.002760,,-0.027716,0.000943,,,-0.0018144765,,,,,,-1.657664,,,-0.061996,-0.018781,,,0.558236,-0.039353,0.071224,0.489104,0.299459,0.997588,0.997588,-2.706662,0.021214,,,,0.523580,,0.224096,-0.357444,3.063647
198512,211.28,7.9000,14.6100,0.048156,0.045156,0.1016,0.1158,0.0956,0.0541,0.0469,0.0710,0.006500,0.037391,0.039076,0.069150,0.540726,0.592693,0.024600,0.014200,-0.007200,0.002752,,-0.019465,0.001230,,,-0.001721356,,,,,,-1.760772,,,-0.054617,-0.109134,,,0.468575,0.033365,0.038769,0.478750,0.305075,0.995860,0.995860,-2.760038,0.020882,,,,1.052260,,0.209546,-0.267418,3.014993
198601,211.78,7.9400,14.5800,0.004706,0.002962,0.1005,0.1144,0.0958,-0.0025,0.0045,0.0707,0.005600,0.037492,0.037580,0.068845,0.544582,0.583517,0.025100,0.013900,0.007000,0.002745,,-0.019172,0.001920,,,-0.0018472645,,,,,,-1.772057,,,-0.051297,-0.289484,,,0.483013,0.030805,0.002471,0.467928,0.281776,1.000000,1.000000,-2.763817,0.019977,,,,1.052260,,0.254521,-0.531618,3.030626
198602,226.92,7.9800,14.5500,0.076525,0.071556,0.0967,0.1111,0.0841,0.1145,0.0752,0.0706,0.005300,0.035167,0.037681,0.064120,0.548454,0.536377,0.013500,0.014400,-0.039300,-0.002737,,-0.017914,0.001089,,,-0.0019917179,,,,,,-1.778812,,,-0.060537,-0.297082,,,0.584046,0.022809,0.061322,0.461770,0.286775,0.997124,0.997124,-2.830428,0.021276,,,,1.052260,,0.237789,-0.300242,3.057932
198603,238.90,8.0200,14.5200,0.055832,0.053320,0.0900,0.1050,0.0766,0.0770,0.0256,0.0656,0.006000,0.033571,0.035343,0.060779,0.552342,0.519628,0.011000,0.015000,-0.051400,-0.004575,,-0.016420,0.001374,,,-0.0019183155,,,,,,-1.898886,,,-0.069878,-0.212830,,,0.555145,0.032959,0.066802,0.446137,0.299357,0.998293,0.998293,-2.875440,0.021863,,,,1.052260,,0.223056,-0.054836,3.079625
198604,235.52,8.0467,14.5833,-0.013348,-0.015054,0.0879,0.1019,0.0782,-0.0080,0.0016,0.0606,0.005200,0.034166,0.033682,0.061920,0.551773,0.529714,0.017600,0.014000,0.009600,-0.001838,,-0.024585,0.002459,,,-0.0022293278,,,,,,-1.853717,,,-0.070634,0.279962,,,0.556209,-0.023638,0.003055,0.467935,0.304536,0.961248,0.961248,-2.852377,0.023891,,,,1.052260,,0.241173,-0.098505,3.079057
198605,247.35,8.0733,14.6467,0.055326,0.050804,0.0909,0.1029,0.0848,-0.0505,-0.0164,0.0615,0.004900,0.032639,0.034279,0.059214,0.551205,0.503541,0.023300,0.012000,0.034100,0.002762,,-0.021872,0.001370,,,-0.0022166983,,,,,,-1.723033,,,-0.071343,0.074906,,,0.507701,-0.013738,0.072432,0.450707,0.300808,0.997004,0.997004,-2.900862,0.023007,,,,1.052260,,0.265841,-0.056319,3.100497
198606,250.84,8.1000,14.7100,0.015744,0.013310,0.0913,0.1034,0.0790,0.0613,0.0218,0.0621,0.005200,0.032292,0.032747,0.058643,0.550646,0.499281,0.016900,0.012100,-0.039500,0.005510,,-0.012293,0.001597,,,-0.002562187,,,,,,-1.713558,,,-0.077561,-0.108014,,,0.435059,-0.016688,0.040500,0.463533,0.349512,1.000000,1.000000,-2.911395,0.023407,,,,1.052260,,0.295727,0.067519,3.054632
198607,236.12,8.1433,14.7567,-0.057541,-0.059378,0.0888,0.1016,0.0809,-0.0108,0.0031,0.0583,0.005200,0.034488,0.032464,0.062497,0.551840,0.532301,0.022600,0.012800,0.013900,0.000000,,-0.011286,0.002416,,,-0.0023567229,,,,,,-1.810229,,,-0.073226,-0.110938,,,0.639763,-0.002818,-0.001460,0.452828,0.327405,0.929954,0.929954,-2.843101,0.025369,,,,1.052260,,0.292836,0.226339,3.034942
198608,252.93,8.1867,14.8033,0.074417,0.070076,0.0872,0.1018,0.0763,0.0499,0.0275,0.0553,0.004600,0.032367,0.034672,0.058527,0.553030,0.497803,0.021000,0.014600,-0.022400,0.001826,,-0.009677,0.001261,,,-0.0026330017,,,,,,-1.729356,,,-0.077256,0.395431,,,0.741621,-0.018386,0.064870,0.455465,0.318982,0.994400,0.994400,-2.907509,0.029723,,,,1.052260,,0.284927,0.184567,3.051187
198609,231.32,8.2300,14.8500,-0.083243,-0.085664,0.0889,0.1020,0.0827,-0.0500,-0.0114,0.0521,0.004500,0.035578,0.032539,0.064197,0.554209,0.534629,0.030600,0.013100,0.038600,0.004558,,-0.005139,0.004207,,,-0.00237943,,,,,,-1.828809,,,-0.076876,-0.049118,,,0.723891,0.022557,-0.051671,0.446421,0.325102,0.920754,0.920754,-2.817658,0.031118,,,,0.537576,,0.352106,0.102236,3.043665
198610,243.98,8.2467,14.7267,0.056538,0.053813,0.0886,0.1024,0.0803,0.0289,0.0189,0.0518,0.004600,0.033801,0.035650,0.060360,0.559981,0.503246,0.028500,0.013800,-0.010000,0.000907,,-0.008025,0.000991,,,-0.0022567755,,,,,,-1.626801,,,-0.074788,0.018543,,,0.743615,-0.009549,0.069033,0.454588,0.342039,0.978174,0.978174,-2.879093,0.029470,,,,0.770930,,0.327915,0.244385,3.120779
198611,249.22,8.2633,14.6033,0.024876,0.019717,0.0868,0.1007,0.0779,0.0267,0.0233,0.0535,0.003900,0.033157,0.033869,0.058596,0.565854,0.493671,0.024400,0.013900,-0.003400,0.000907,,-0.002125,0.001731,,,-0.0024090172,,,,,,-1.692764,,,-0.072950,-0.016255,,,0.861815,0.007565,0.007151,0.463500,0.346324,0.997145,0.997145,-2.907081,0.024216,,,,0.777954,,0.356394,0.400071,3.341761
198612,242.17,8.2800,14.4800,-0.027513,-0.030174,0.0849,0.0997,0.0789,-0.0018,0.0117,0.0553,0.004900,0.034191,0.033224,0.059793,0.571823,0.498431,0.023600,0.014800,0.013500,0.000906,,-0.011377,0.001262,,,-0.0022403247,,,,,,-1.657089,,,-0.065668,0.166557,,,0.926807,0.011092,0.071185,0.472110,0.358315,0.969513,0.969513,-2.885558,0.021385,,,,0.783645,,0.269872,0.362300,3.222043
198701,274.08,8.3000,14.6867,0.135183,0.133724,0.0836,0.0972,0.0778,0.0161,0.0216,0.0543,0.004200,0.030283,0.034273,0.053585,0.565137,0.437897,0.023500,0.013600,0.005500,0.006335,,-0.005842,0.002478,,,-0.0020474996,,,,,,-1.864360,,,-0.071316,0.056657,,,1.095013,-0.014454,0.012528,0.417514,0.369168,0.997527,0.997527,-2.994884,0.022036,,,,1.052260,,0.323074,0.177784,3.257637
198702,284.20,8.3200,14.8933,0.041778,0.037845,0.0838,0.0965,0.0763,0.0202,0.0058,0.0559,0.004300,0.029275,0.030356,0.052404,0.558640,0.424912,0.020400,0.012700,-0.014400,0.003597,,-0.004507,0.001412,,,-0.0020419471,,,,,,-1.798755,,,-0.060370,-0.099196,,,0.954388,-0.008584,0.065689,0.432293,0.373908,0.991043,0.991043,-3.018759,0.026527,,,,1.052260,,0.287921,0.294786,3.420787
198703,291.70,8.3400,15.1000,0.026336,0.023832,0.0836,0.0961,0.0795,-0.0223,-0.0087,0.0559,0.004700,0.028591,0.029346,0.051766,0.552318,0.428040,0.023600,0.012500,0.013600,0.004480,,-0.002218,0.001971,,,-0.0020372883,,,,,,-1.796729,,,-0.061069,0.122024,,,0.949254,0.013529,-0.001800,0.437353,0.367160,0.971381,0.971381,-3.031024,0.028202,,,,1.052260,,0.282669,0.342514,3.505849
198704,288.36,8.4000,14.8733,-0.009045,-0.011093,0.0885,0.1004,0.0859,-0.0473,-0.0502,0.0564,0.004400,0.029130,0.028797,0.051579,0.564770,0.431472,0.029500,0.011900,-0.002900,0.005352,,0.004492,0.004194,,,-0.0017254676,,,,,,-1.894874,,,-0.056900,-0.006897,,,0.858657,0.036190,0.054744,0.430616,0.364655,0.950456,0.950456,-3.041788,0.025860,,,,1.052260,,0.335735,0.492062,3.541445
198705,290.10,8.4600,14.6467,0.009128,0.005199,0.0933,0.1051,0.0880,-0.0105,-0.0052,0.0566,0.003800,0.029162,0.029338,0.050488,0.577605,0.430491,0.031400,0.011800,0.005300,0.003549,,0.006940,0.002489,,,-0.001669804,,,,,,-1.768013,,,-0.052735,0.035256,,,0.896846,0.049350,0.053187,0.423675,0.357987,0.952622,0.952622,-3.068604,0.021623,,,,1.052260,,0.361306,0.221070,3.492854
198706,304.00,8.5200,14.4200,0.050140,0.047654,0.0932,0.1052,0.0877,0.0098,0.0155,0.0567,0.004800,0.028026,0.029369,0.047434,0.590846,0.407892,0.031000,0.012000,0.005700,0.003537,,0.005202,0.001070,,,-0.0017502493,,,,,,-1.683215,,,-0.049703,0.046956,,,0.869697,0.047815,0.028656,0.439811,0.392373,0.986732,0.986732,-3.129069,0.021599,,,,1.052260,,0.347016,0.301715,3.463100
198707,318.66,8.5667,14.9000,0.049843,0.047883,0.0942,0.1061,0.0907,-0.0178,-0.0119,0.0569,0.004600,0.026883,0.028180,0.046758,0.574944,0.383543,0.033800,0.011900,0.005900,0.002643,,0.001881,0.000818,,,-0.0016543335,,,,,,-1.672909,,,-0.045036,0.052242,,,0.793491,0.050958,0.074909,0.428997,0.386099,1.000000,1.000000,-3.143883,0.022811,,,,1.052260,,0.251569,0.403303,3.156355
198708,329.80,8.6133,15.3800,0.039108,0.035441,0.0967,0.1080,0.0936,-0.0165,-0.0075,0.0604,0.004700,0.026117,0.027030,0.046634,0.560034,0.370454,0.033200,0.011300,0.009000,0.005272,,0.001997,0.001776,,,-0.001639377,,,,,,-1.798104,,,-0.039684,-0.075878,,,0.749421,0.030169,0.041020,0.429649,0.402356,0.978155,0.978155,-3.149392,0.022559,,,,1.052260,,0.223252,0.640028,3.256213
198709,321.83,8.6600,15.8600,-0.021940,-0.024079,0.1018,0.1131,0.0992,-0.0369,-0.0422,0.0640,0.004500,0.026909,0.026258,0.049281,0.546028,0.379967,0.035200,0.011300,-0.005300,0.005245,,0.006350,0.002535,,,-0.002827205,,,,,,-1.764691,,,-0.037875,-0.007096,,,0.808627,0.010239,0.084576,0.445930,0.388558,0.953666,0.953666,-3.100247,0.021299,,,,1.052260,,0.282687,0.535480,3.314233
198710,251.79,8.7100,16.4067,-0.215795,-0.217944,0.1052,0.1162,0.0926,0.0623,0.0507,0.0613,0.006000,0.034592,0.027064,0.065160,0.530881,0.494851,0.031300,0.011000,-0.011600,0.002609,,0.010478,0.070945,,,-0.0029006428,,,,,,-2.183897,,,-0.026759,0.018887,,,0.767466,0.027530,-0.082208,0.406069,0.379538,0.732264,0.732264,-2.821843,0.029537,,,,-0.572135,,0.668625,0.447534,3.250890
198711,230.30,8.7600,16.9533,-0.081874,-0.086541,0.1001,0.1123,0.0931,0.0037,0.0125,0.0569,0.003500,0.038037,0.034791,0.073614,0.516714,0.538027,0.036200,0.012200,0.008800,0.000867,,0.009898,0.006785,,,-0.0027874932,,,,,,-1.878454,,,-0.024008,-0.072645,,,0.620586,0.022441,-0.037106,0.422109,0.364993,0.673500,0.673500,-2.693813,0.032676,,,,-2.420884,,0.658320,0.088928,3.315551
198712,247.08,8.8100,17.5000,0.073922,0.071025,0.1011,0.1129,0.0920,0.0165,0.0212,0.0577,0.003900,0.035656,0.038254,0.070827,0.503429,0.508812,0.034300,0.011800,0.004700,0.000000,,0.013275,0.006852,,,-0.0027006902,,,,,,-1.797741,,,-0.020526,-0.097785,,,0.669976,0.024056,0.028128,0.431780,0.402799,0.712172,0.712172,-2.733597,0.038665,,,,-2.188145,,0.652842,0.154769,3.348736
198801,257.07,8.8567,17.8633,0.042712,0.041086,0.0988,0.1107,0.0852,0.0666,0.0517,0.0581,0.002900,0.034452,0.035845,0.069488,0.495803,0.503774,0.027100,0.011900,-0.014900,0.002600,,0.008423,0.009158,,,-0.0024314059,,,,,,-1.738159,,,-0.022830,0.014371,,,0.491893,0.046816,-0.048970,0.433652,0.393441,0.719294,0.719294,-2.749746,0.032130,,,,-1.906683,,0.497072,-0.103062,3.274702
198802,267.82,8.9033,18.2267,0.047445,0.040574,0.0940,0.1062,0.0854,0.0052,0.0138,0.0566,0.004600,0.033244,0.034634,0.068056,0.488477,0.476197,0.028800,0.012200,0.008600,0.002593,,0.008792,0.001967,,,-0.0024640666,,,,,,-1.594348,,,-0.019933,-0.050767,,,0.746274,0.044154,0.076575,0.442842,0.398638,0.760948,0.760948,-2.766331,0.031748,,,,-1.106142,,0.462992,-0.152338,3.259414
198803,258.89,8.9500,18.5900,-0.030847,-0.033368,0.0939,0.1057,0.0901,-0.0307,-0.0188,0.0570,0.004400,0.034571,0.033418,0.071807,0.481442,0.507530,0.033100,0.011800,0.011900,0.004310,,0.006080,0.001659,,,-0.0025722006,,,,,,-1.617001,,,-0.019567,0.062189,,,0.642032,0.013459,0.042630,0.436892,0.392069,0.730255,0.730255,-2.714161,0.031591,,,,-1.352212,,0.428733,-0.046257,3.281440
198804,261.33,9.0433,19.6167,0.010516,0.008773,0.0967,0.1090,0.0929,-0.0160,-0.0149,0.0591,0.004600,0.034605,0.034931,0.075065,0.461003,0.496474,0.033800,0.012300,0.001100,0.005150,,0.005064,0.003460,,,-0.0028162559,,,,,,-1.615478,,,-0.015878,0.053279,,,0.676199,0.014943,-0.064206,0.453494,0.390783,0.746516,0.746516,-2.673010,0.028239,,,,-1.106142,,0.347987,0.048076,3.240616
198805,262.16,9.1367,20.6433,0.008012,0.002882,0.0990,0.1104,0.0952,-0.0102,-0.0057,0.0626,0.005100,0.034851,0.034962,0.078743,0.442596,0.496770,0.032600,0.011400,0.004500,0.003416,,0.001347,0.002556,,,-0.002696618,,,,,,-1.518619,,,-0.019987,-0.025014,,,0.638168,0.017632,0.146453,0.464190,0.388062,0.746072,0.746072,-2.628566,0.026211,,,,-0.837528,,0.390120,0.188884,3.116390
198806,273.50,9.2300,21.6700,0.047676,0.045068,0.0986,0.1100,0.0917,0.0368,0.0379,0.0646,0.004900,0.033748,0.035208,0.079232,0.425934,0.471119,0.027100,0.011400,0.001100,0.004255,,-0.005398,0.002361,,,-0.002646697,,,,,,-1.591514,,,-0.019177,-0.135690,,,0.589743,0.027232,0.047718,0.448450,0.358515,0.786693,0.786693,-2.620816,0.022157,,,,-0.003979,,0.432596,0.275740,3.156529
198807,272.02,9.3067,22.0233,-0.004458,-0.007393,0.0996,0.1111,0.0947,-0.0170,-0.0111,0.0673,0.005100,0.034213,0.034028,0.080962,0.422582,0.473992,0.027400,0.011500,0.005900,0.004237,,-0.002823,0.001911,,,-0.0028339008,,,,,,-1.487029,,,-0.021113,0.075858,,,0.505420,0.025286,0.136190,0.470127,0.345435,0.781926,0.781926,-2.600501,0.021892,,,,0.546489,,0.405833,0.212767,3.009527
198808,261.52,9.3833,22.3767,-0.032488,-0.037290,0.1011,0.1121,0.0950,0.0058,0.0054,0.0706,0.005900,0.035880,0.034495,0.085564,0.419336,0.496641,0.024400,0.011000,-0.000400,0.004219,,-0.006240,0.001390,,,-0.0028375883,,,,,,-1.462931,,,-0.018191,-0.063765,,,0.505656,0.036801,0.026842,0.467290,0.335045,0.769276,0.746266,-2.547052,0.021767,,,,0.270466,,0.376214,0.152983,3.212456
198809,271.91,9.4600,22.7300,0.042739,0.040086,0.0982,0.1090,0.0917,0.0345,0.0326,0.0724,0.006200,0.034791,0.036173,0.083594,0.416190,0.477540,0.019300,0.010800,-0.001900,0.006723,,-0.010002,0.001193,,,-0.0026083753,,,,,,-1.443819,,,-0.023396,-0.088409,,,0.390321,0.015522,0.097467,0.481084,0.345990,0.800290,0.776115,-2.567780,0.020792,,,,0.816994,,0.349083,0.124394,3.082072
198810,278.97,9.5567,23.0700,0.026891,0.023328,0.0951,0.1041,0.0889,0.0308,0.0273,0.0735,0.006100,0.034257,0.035146,0.082697,0.414246,0.469597,0.015400,0.009000,-0.003500,0.003339,,-0.010462,0.001632,,,-0.0023128648,,,,,,-1.475971,,,-0.021166,-0.024425,,,0.220500,0.029185,0.085072,0.493693,0.335730,0.984039,0.789243,-2.576912,0.022788,,,,1.052260,,0.321254,0.270733,3.125316
198811,273.70,9.6533,23.4100,-0.014355,-0.019770,0.0945,0.1048,0.0923,-0.0196,-0.0169,0.0776,0.005700,0.035270,0.034603,0.085532,0.412359,0.477179,0.014700,0.010300,0.002700,0.000832,,-0.007765,0.001348,,,-0.002435042,,,,,,-1.468423,,,-0.020818,0.128130,,,0.265641,0.013041,0.040995,0.511492,0.323999,0.968404,0.776702,-2.544680,0.022256,,,,1.052260,,0.324830,0.309812,3.063665
198812,277.72,9.7500,23.7500,0.018553,0.015184,0.0957,0.1065,0.0918,0.0110,0.0039,0.0807,0.006300,0.035107,0.035623,0.085518,0.410526,0.465284,0.011100,0.010800,-0.007100,0.001663,,-0.021406,0.000628,,,-0.0022913172,,,,,,-1.406586,,,-0.018362,0.125326,,,0.246817,0.074573,0.054672,0.507162,0.319537,0.993162,0.796560,-2.546217,0.021370,,,,1.052260,,0.301459,0.257401,3.049052
198901,297.47,9.8370,24.1533,0.072303,0.069633,0.0962,0.1065,0.0903,0.0203,0.0202,0.0827,0.005500,0.033069,0.035421,0.081196,0.407273,0.430769,0.007600,0.010300,-0.000100,0.004979,,-0.022361,0.000965,,,-0.0025423857,,,,,,-1.454050,,,-0.017477,-0.012181,,,0.261062,0.040360,0.056609,0.470171,0.338332,1.000000,0.860382,-2.597894,0.019232,,,,1.052260,,0.285154,0.274240,3.080348
198902,288.86,9.9240,24.5567,-0.025031,-0.029187,0.0964,0.1061,0.0935,-0.0179,-0.0129,0.0853,0.006100,0.034356,0.033361,0.085012,0.404127,0.446778,0.008200,0.009700,0.005000,0.004129,,-0.024823,0.001176,,,-0.0022795386,,,,,,-1.494708,,,-0.023967,0.065766,,,0.158485,0.025630,0.050388,0.473170,0.335546,0.962188,0.829552,-2.552695,0.020167,,,,1.052260,,0.280161,0.279099,2.971127
198903,294.87,10.0110,24.9600,0.023038,0.020440,0.0980,0.1067,0.0929,0.0122,0.0064,0.0882,0.006700,0.033951,0.034657,0.084647,0.401082,0.468691,0.004700,0.008700,-0.005800,0.005757,,-0.023102,0.001286,,,-0.0023804474,,,,,,-1.468949,,,-0.023522,0.122865,,,0.352442,0.037151,0.008858,0.467150,0.327566,0.977198,0.842493,-2.558735,0.020580,,,,1.052260,,0.317427,0.637972,2.915962
198904,309.64,10.1300,25.0467,0.051707,0.049899,0.0979,0.1061,0.0918,0.0159,0.0213,0.0865,0.006700,0.032715,0.034354,0.080890,0.404445,0.444435,0.005300,0.008200,0.005400,0.006541,,-0.022802,0.000956,,,-0.0026446865,,,,,,-1.462599,,,-0.025720,0.001963,,,0.256976,0.031446,0.087060,0.487916,0.341072,0.999921,0.888474,-2.602497,0.019848,,,,1.052260,,0.318885,0.718231,2.953735
198905,320.52,10.2490,25.1333,0.041022,0.035451,0.0957,0.1046,0.0878,0.0401,0.0379,0.0843,0.007900,0.031976,0.033100,0.078414,0.407785,0.433442,0.003500,0.008900,-0.002200,0.005686,,-0.027714,0.001073,,,-0.0027039558,,,,,,-1.462031,,,-0.033465,-0.025465,,,0.258194,-0.009852,0.058951,0.481314,0.343023,0.991259,0.911009,-2.630642,0.018611,,,,1.052260,,0.288665,0.733960,2.953018
198906,317.98,10.3680,25.2200,-0.005611,-0.007940,0.0910,0.1003,0.0821,0.0550,0.0395,0.0815,0.007100,0.032606,0.032347,0.079313,0.411102,0.440563,0.000600,0.009300,-0.015500,0.002423,,-0.023948,0.001430,,,-0.0026943259,,,,,,-1.526176,,,-0.035581,0.018593,,,0.259919,0.026349,0.003335,0.476374,0.345700,0.963738,0.896283,-2.613901,0.019896,,,,1.052260,,0.274771,0.545098,2.913563
198907,346.08,10.4900,24.7100,0.090053,0.088194,0.0893,0.0987,0.0801,0.0238,0.0178,0.0788,0.007000,0.030311,0.032989,0.071400,0.424524,0.404035,0.001300,0.009400,-0.006000,0.002417,,-0.028536,0.001019,,,-0.0025756293,,,,,,-1.490925,,,-0.047311,-0.096695,,,0.220753,0.033786,0.087131,0.476683,0.357766,1.000000,0.977314,-2.716608,0.023335,,,,1.052260,,0.266454,0.453353,3.590899
198908,351.45,10.6120,24.2000,0.019853,0.015516,0.0896,0.0988,0.0841,-0.0259,-0.0163,0.0790,0.007400,0.030195,0.030663,0.068858,0.438512,0.392727,0.005100,0.009200,0.009600,0.001608,,-0.024822,0.001380,,,-0.0026672979,,,,,,-1.535203,,,-0.039593,0.028400,,,0.200667,-0.024463,0.065872,0.469535,0.346273,0.997780,0.997780,-2.753694,0.023526,,,,1.052260,,0.268836,0.608827,2.898685
198909,349.15,10.7340,23.6900,-0.004004,-0.006616,0.0901,0.0991,0.0847,0.0019,0.0040,0.0775,0.006500,0.030743,0.030542,0.067850,0.453103,0.399210,0.007200,0.009000,0.002100,0.003210,,-0.025747,0.000550,,,-0.0027566186,,,,,,-1.459040,,,-0.044761,0.069039,,,0.229259,0.008824,0.072149,0.483305,0.351312,0.978464,0.978464,-2.769167,0.021742,,,,1.052260,,0.233048,0.618874,2.904986
198910,340.36,10.8410,23.4167,-0.023639,-0.025668,0.0892,0.0981,0.0810,0.0379,0.0276,0.0764,0.006800,0.031852,0.031050,0.068800,0.462961,0.406415,0.004600,0.008900,-0.010300,0.004800,,-0.024351,0.005636,,,-0.0025489149,,,,,,-1.641662,,,-0.048134,-0.009439,,,0.239682,-0.002184,-0.108374,0.478976,0.354963,0.947578,0.947578,-2.753609,0.021307,,,,0.806190,,0.400222,0.546330,2.892084
198911,345.99,10.9480,23.1433,0.020479,0.016641,0.0889,0.0981,0.0808,0.0078,0.0070,0.0769,0.006900,0.031643,0.032166,0.066890,0.473052,0.397226,0.003900,0.009200,-0.000800,0.002389,,-0.027033,0.000845,,,-0.0026664039,,,,,,-1.525606,,,-0.046781,-0.004012,,,0.282191,0.045313,0.012372,0.503069,0.368010,0.969499,0.969499,-2.780460,0.020590,,,,0.780398,,0.394198,0.423049,2.943131
198912,353.40,11.0550,22.8700,0.022657,0.019988,0.0886,0.0982,0.0816,-0.0006,0.0006,0.0763,0.006100,0.031282,0.031952,0.064714,0.483384,0.390455,0.005300,0.009600,0.001200,0.001589,,-0.012334,0.000923,,,-0.0029288342,,,,,,-1.544805,,,-0.043329,0.098691,,,0.291877,0.065133,0.030263,0.500022,0.377468,0.986312,0.986312,-2.813253,0.021833,,,,1.052260,,0.389983,0.593354,2.940478
199001,329.08,11.1427,22.4700,-0.067661,-0.069407,0.0899,0.0994,0.0865,-0.0343,-0.0191,0.0764,0.005700,0.033860,0.031530,0.068281,0.495891,0.414971,0.010100,0.009500,0.015200,0.010309,,-0.013897,0.002892,,,-0.0028601947,,30.354702,,35.905400,,-1.672983,,,-0.050412,0.040330,,,0.370262,0.027459,0.049831,0.465180,0.359831,0.921851,0.921851,-2.763023,0.020565,,,,0.537576,,0.307570,0.361780,2.928330
199002,331.89,11.2303,22.0700,0.013381,0.008986,0.0922,0.1014,0.0876,-0.0025,-0.0012,0.0774,0.005700,0.033838,0.034126,0.066498,0.508851,0.409173,0.010200,0.009200,0.001300,0.004710,,-0.011729,0.001009,,,-0.0026738677,,25.172621,,32.917700,,-1.558446,,,-0.043381,-0.051101,,,0.354308,-0.003898,0.058325,0.476978,0.349897,0.934915,0.934915,-2.791888,0.021179,,,,-0.332870,,0.316860,0.573629,3.040989
199003,339.94,11.3180,21.6700,0.026588,0.024360,0.0937,0.1021,0.0889,-0.0044,-0.0011,0.0790,0.006400,0.033294,0.034102,0.063747,0.522289,0.471334,0.009900,0.008400,0.003300,0.005469,,-0.010291,0.001032,,,-0.0023641623,,19.300848,,26.597800,,-1.523794,,,-0.040416,-0.058496,,,0.272982,0.048815,0.009316,0.490472,0.361528,0.963369,0.963369,-2.835249,0.021195,,,,-0.325462,,0.335480,0.637324,3.068285
199004,330.80,11.4330,21.5333,-0.024504,-0.026508,0.0946,0.1030,0.0924,-0.0202,-0.0191,0.0777,0.006900,0.034562,0.033632,0.065095,0.530944,0.480284,0.014700,0.008400,0.001100,0.001554,,-0.010149,0.000967,,,-0.0023237108,,19.026192,,26.275300,,-1.525570,,,-0.045041,-0.085306,,,0.493723,0.016941,0.007114,0.487902,0.365949,0.945416,0.945416,-2.816161,0.021380,,,,-0.870876,,0.275801,0.621631,2.912287
199005,361.23,11.5480,21.3967,0.097419,0.092408,0.0947,0.1041,0.0883,0.0415,0.0385,0.0774,0.006800,0.031969,0.034909,0.059233,0.539710,0.443570,0.010900,0.009400,-0.003000,0.002327,,-0.002262,0.001361,,,-0.002431405,,14.584359,,19.220100,,-1.530473,,,-0.044001,-0.061995,,,0.502778,0.019180,0.045464,0.501363,0.374082,0.999340,0.999340,-2.910253,0.024879,,,,1.052260,,0.292450,0.670720,2.868093
199006,358.02,11.6630,21.2600,-0.006754,-0.008921,0.0926,0.1022,0.0864,0.0230,0.0216,0.0773,0.006300,0.032576,0.032287,0.059382,0.548589,0.442949,0.009100,0.009600,-0.001400,0.005418,,-0.000507,0.001351,,,-0.0025342714,,8.915706,,13.079600,,-1.539968,,,-0.042609,-0.018966,,,0.524455,-0.002396,0.050347,0.493821,0.356027,0.981198,0.981198,-2.905157,0.024797,,,,1.052260,,0.307747,0.726945,2.742931
199007,356.15,11.7200,21.4200,-0.004454,-0.006508,0.0924,0.1020,0.0860,0.0107,0.0102,0.0762,0.006800,0.032907,0.032736,0.060143,0.547152,0.439212,0.009800,0.009600,-0.000500,0.003849,,0.004885,0.001298,,,-0.0034740157,,21.444115,,26.987000,,-1.553583,,,-0.046347,0.208553,,,0.685191,0.023395,0.029633,0.485070,0.361541,0.968481,0.968481,-2.892330,0.024960,,,,0.001746,,0.279052,0.673352,2.712176
199008,322.56,11.7770,21.5800,-0.090801,-0.094897,0.0941,0.1041,0.0920,-0.0419,-0.0292,0.0745,0.006600,0.036511,0.033068,0.066902,0.545737,0.488074,0.017500,0.010000,0.012700,0.009202,,0.001439,0.005828,,,-0.0038832506,,49.352261,,51.020300,,-1.758784,,,-0.044846,0.323316,,,0.714541,-0.009687,0.029113,0.460940,0.356514,0.871526,0.871526,-2.788404,0.024210,,,,-2.140525,,0.373057,0.712925,2.694507
199009,306.05,11.8340,21.7400,-0.048959,-0.051213,0.0956,0.1064,0.0914,0.0117,0.0091,0.0736,0.006000,0.038667,0.036688,0.071034,0.544342,0.520290,0.017800,0.010800,-0.002600,0.008359,,0.001373,0.001985,,,-0.0032591891,,41.440685,,57.698200,,-1.566668,,,-0.046751,0.449817,,,0.715544,0.023612,0.039381,0.482023,0.358425,0.817561,0.817561,-2.729763,0.026666,,,,-2.685336,,0.358001,0.740672,2.711511
199010,304.00,11.9180,21.6067,-0.003597,-0.006110,0.0953,0.1074,0.0898,0.0215,0.0132,0.0717,0.006800,0.039204,0.038941,0.071075,0.551589,0.522452,0.018100,0.012100,-0.008300,0.006029,,-0.000471,0.004493,,,-0.0026211334,,50.759300,,52.160200,,-1.618937,,,-0.054588,-0.109399,,,0.606065,0.027729,0.059186,0.483691,0.348611,0.814178,0.814178,-2.727631,0.030152,,,,-2.685336,,0.384500,0.768266,2.660177
199011,322.22,12.0020,21.4733,0.064561,0.059897,0.0930,0.1062,0.0858,0.0402,0.0285,0.0706,0.005700,0.037248,0.039480,0.066642,0.558926,0.498506,0.015200,0.013200,-0.011700,0.002247,,0.000910,0.002440,,,-0.0026320853,,22.680643,,30.421600,,-1.545209,,,-0.069359,-0.174468,,,0.557055,-0.028054,0.038978,0.514585,0.382033,0.853288,0.853288,-2.788988,0.033518,,,,-2.685336,,0.356437,0.916048,2.808372
199012,330.22,12.0860,21.3400,0.027987,0.024954,0.0905,0.1043,0.0844,0.0187,0.0167,0.0674,0.006000,0.036600,0.037509,0.064624,0.566354,0.484497,0.017000,0.013800,-0.002000,0.000000,,-0.001846,0.000795,,,-0.0023382328,,42.314358,,50.243900,,-1.549172,,,-0.078695,-0.022680,,,0.596754,0.031747,0.042652,0.534835,0.408930,0.877960,0.877960,-2.816877,0.032311,,,,-2.685336,,0.331419,0.911674,2.762140
199101,343.93,12.0940,21.2067,0.045001,0.043063,0.0904,0.1045,0.0837,0.0130,0.0150,0.0622,0.005200,0.035164,0.036624,0.061660,0.570292,0.466308,0.021500,0.014100,0.002000,0.005979,,0.000722,0.003194,,,-0.0022499869,,22.897247,,19.873400,,-1.605180,,,-0.083923,-0.232068,,,0.616536,-0.000872,0.108935,0.497308,0.422658,0.912206,0.912206,-2.863917,0.030898,,,,-0.291888,,0.311684,0.729012,2.781401
199102,367.07,12.1020,21.0733,0.071565,0.067371,0.0883,0.1007,0.0841,0.0030,0.0121,0.0594,0.004800,0.032969,0.035187,0.057410,0.574280,0.442720,0.024700,0.012400,0.009100,0.001486,,0.001247,0.002431,,,-0.0022466856,,20.102148,,24.725700,,-1.748574,,,-0.093301,-0.124542,,,0.664434,0.010722,0.059304,0.468049,0.409519,0.960807,0.960807,-2.933115,0.029502,,,,1.052260,,0.293192,0.858186,2.828201
199103,375.22,12.1100,20.9400,0.024354,0.022312,0.0893,0.1009,0.0844,0.0038,0.0108,0.0591,0.004400,0.032274,0.032991,0.055807,0.578319,0.457126,0.025300,0.011600,0.007000,0.001484,,0.003251,0.001375,,,-0.0024701057,,12.195093,,14.970100,,-1.639037,,,-0.101030,0.027197,,,0.665255,-0.011132,0.013972,0.470200,0.413068,0.971368,0.971368,-2.963830,0.031661,,,,1.052260,,0.290643,0.636862,2.883888
199104,375.35,12.1223,20.4300,0.002268,0.000214,0.0886,0.0994,0.0837,0.0140,0.0138,0.0565,0.005300,0.032296,0.032307,0.054429,0.593359,0.461240,0.027200,0.010800,-0.000200,0.001481,,0.005730,0.002073,,,-0.0023251798,,12.263262,,18.089500,,-1.654519,,,-0.100349,0.070265,,,0.382379,-0.032433,0.043718,0.468821,0.398337,0.961194,0.961194,-2.988186,0.030484,,,,1.052260,,0.265404,0.648293,2.815823
199105,389.83,12.1347,19.9200,0.042930,0.038759,0.0886,0.0986,0.0845,0.0000,0.0039,0.0546,0.004700,0.031128,0.032329,0.051099,0.609170,0.439967,0.029900,0.010000,0.003900,0.002959,,0.006982,0.001585,,,-0.0026470033,,10.573370,,14.612900,,-1.585943,,,-0.092929,0.002854,,,0.333764,-0.018557,0.045406,0.489605,0.396293,1.000000,1.000000,-3.051595,0.028869,,,,1.052260,,0.258001,0.666651,3.021098
199106,371.16,12.1470,19.4100,-0.045357,-0.047498,0.0901,0.0996,0.0860,-0.0063,-0.0018,0.0557,0.004200,0.032727,0.031160,0.052296,0.625811,0.458244,0.030300,0.009500,0.004500,0.002950,,0.014247,0.001180,,,-0.0023828567,,17.673496,,26.406100,,-1.568306,,,-0.086805,-0.023719,,,0.350365,-0.040426,0.036255,0.502389,0.337624,0.957639,0.957639,-3.030395,0.024574,,,,1.052260,,0.285339,0.561085,2.987926
199107,387.81,12.1897,18.8800,0.046526,0.044799,0.0900,0.0989,0.0850,0.0157,0.0167,0.0558,0.004900,0.031432,0.032842,0.048684,0.645639,0.440357,0.029200,0.008900,0.001000,0.001471,,0.014836,0.001105,,,-0.0021621899,,10.142152,,12.701000,,-1.539448,,,-0.085951,0.053450,,,0.331096,0.058391,0.059423,0.501997,0.349731,0.996537,0.996537,-3.101870,0.024919,,,,1.052260,,0.262642,0.558734,2.995763
199108,395.43,12.2323,18.3500,0.023885,0.019912,0.0875,0.0965,0.0818,0.0340,0.0275,0.0533,0.004600,0.030934,0.031542,0.046405,0.666612,0.437640,0.028500,0.009000,-0.006500,0.002937,,0.017331,0.002038,,,-0.0020694528,,8.495653,,9.573300,,-1.581416,,,-0.087900,0.028598,,,0.289856,0.005459,0.055768,0.494526,0.363293,0.996193,0.996193,-3.146379,0.025543,,,,1.052260,,0.297859,0.629954,3.020930
199109,387.86,12.2750,17.8200,-0.016861,-0.019061,0.0861,0.0951,0.0790,0.0303,0.0271,0.0522,0.004600,0.031648,0.031042,0.045944,0.688833,0.441532,0.026800,0.009000,-0.003200,0.004392,,0.023289,0.000475,,,-0.0017709068,,10.482274,,16.412700,,-1.501529,,,-0.081933,-0.000673,,,0.287444,-0.028238,0.052453,0.496762,0.377591,0.987412,0.987412,-3.154038,0.028009,,,,1.052260,,0.268540,0.562691,3.020625
199110,392.46,12.2510,17.2033,0.013458,0.011899,0.0855,0.0949,0.0791,0.0054,0.0043,0.0499,0.004200,0.031216,0.031586,0.043835,0.712129,0.434003,0.029200,0.009400,-0.001100,0.001458,,0.025509,0.001126,,,-0.0021871421,,10.218021,,15.054400,,-1.582516,,,-0.084411,0.043976,,,0.270877,-0.029516,0.051341,0.497529,0.395643,0.997384,0.997384,-3.199931,0.029899,,,,1.052260,,0.255759,0.546291,2.994327
199111,375.22,12.2270,16.5867,-0.040214,-0.043973,0.0848,0.0945,0.0789,0.0082,0.0106,0.0456,0.003900,0.032586,0.031155,0.044205,0.737158,0.460154,0.033300,0.009700,0.002400,0.002911,,0.030690,0.002049,,,-0.001427475,,19.861048,,24.836400,,-1.638537,,,-0.087921,-0.072211,,,0.345239,-0.008832,-0.072185,0.497911,0.387779,0.940702,0.940702,-3.190490,0.029215,,,,0.783645,,0.250477,0.485550,3.077772
199112,417.09,12.2030,15.9700,0.114089,0.111476,0.0831,0.0926,0.0730,0.0581,0.0436,0.0407,0.003800,0.029257,0.032522,0.038289,0.764120,0.420344,0.032300,0.009500,-0.014500,0.000726,,0.031812,0.002050,,,-0.0012532164,,16.044359,,22.977100,,-1.698807,,,-0.094719,-0.113041,,,0.254742,-0.019540,0.111235,0.505250,0.414016,1.000000,1.000000,-3.331089,0.033385,,,,1.052260,,0.282456,0.454379,3.050683
199201,408.79,12.2433,16.0433,-0.018348,-0.019654,0.0820,0.0913,0.0776,-0.0324,-0.0173,0.0380,0.003400,0.029950,0.029354,0.039246,0.763141,0.413230,0.039600,0.009300,0.015100,0.001450,,0.031941,0.000872,,,-0.0012723765,,12.869839,,17.072200,,-1.780945,,,-0.101889,-0.011491,,,0.184626,-0.013690,0.059095,0.456125,0.372426,0.985101,0.985101,-3.305847,0.044076,,,,0.806190,,0.242548,0.389531,3.049429
199202,412.70,12.2837,16.1167,0.012865,0.009442,0.0829,0.0923,0.0777,0.0051,0.0096,0.0384,0.002800,0.029764,0.030049,0.039052,0.762172,0.407631,0.039300,0.009400,0.004500,0.003621,,0.033556,0.000913,,,-0.0013307521,,12.433875,,18.221000,,-1.708855,,,-0.096769,-0.012417,,,0.204327,-0.045736,0.039377,0.443508,0.335452,0.995233,0.995233,-3.313698,0.047909,,,,1.052260,,0.188365,0.380048,3.340842
199203,403.69,12.3240,16.1900,-0.019470,-0.021873,0.0835,0.0925,0.0797,-0.0094,-0.0073,0.0404,0.003400,0.030528,0.029862,0.040105,0.761211,0.402106,0.039300,0.009000,0.002100,0.005051,,0.041901,0.000470,,,-0.0012508721,,11.855687,,17.327000,,-1.619692,,,-0.090191,0.041466,,,0.360414,-0.039789,0.041273,0.450176,0.302659,0.983351,0.983351,-3.288946,0.043582,,,,0.008176,,0.134305,0.231789,2.882777
199204,414.95,12.3227,16.4767,0.028614,0.027157,0.0833,0.0921,0.0803,0.0016,0.0016,0.0375,0.003200,0.029697,0.030525,0.039708,0.747886,0.387303,0.042800,0.008800,0.000000,0.001436,,0.038662,0.001661,,,-0.0015031952,,10.204578,,13.375900,,-1.704789,,,-0.084537,0.071153,,,0.219070,-0.013597,0.057893,0.440366,0.300994,0.997808,0.997808,-3.298347,0.037337,,,,0.780398,,0.193610,0.325308,2.860819
199205,415.35,12.3213,16.7633,0.004850,0.001087,0.0828,0.0913,0.0781,0.0243,0.0254,0.0363,0.002800,0.029665,0.029694,0.040360,0.735017,0.382999,0.041800,0.008500,0.001100,0.001434,,0.037175,0.000690,,,-0.0015877929,,7.407621,,12.274200,,-1.572535,,,-0.083154,0.060432,,,0.309008,-0.014330,0.076102,0.454074,0.305736,0.999544,0.999544,-3.281224,0.031664,,,,1.052260,,0.196049,0.416426,2.824603
199206,408.14,12.3200,17.0500,-0.015030,-0.017545,0.0822,0.0905,0.0765,0.0200,0.0156,0.0366,0.003200,0.030186,0.029662,0.041775,0.722581,0.392042,0.039900,0.008300,-0.004400,0.003579,,0.043077,0.000753,,,-0.0012735065,,6.288462,,10.325900,,-1.577634,,,-0.084542,-0.015604,,,0.266221,-0.040157,0.031706,0.487076,0.306147,0.972258,0.972258,-3.245546,0.033787,,,,1.052260,,0.194067,0.601256,2.818405
199207,424.21,12.3450,17.3800,0.040924,0.039465,0.0807,0.0884,0.0726,0.0398,0.0308,0.0321,0.003100,0.029101,0.030247,0.040970,0.710299,0.383349,0.040500,0.007700,-0.009000,0.002140,,0.041495,0.000897,,,-0.0013636615,,6.019328,,9.627200,,-1.583282,,,-0.077273,0.000919,,,0.314898,-0.055522,0.033669,0.496259,0.328657,0.994307,0.994307,-3.261071,0.026237,,,,1.052260,,0.161526,0.594876,2.779823
199208,414.03,12.3700,17.7100,-0.020615,-0.024214,0.0795,0.0865,0.0725,0.0067,0.0090,0.0313,0.002600,0.029877,0.029160,0.042775,0.698475,0.399405,0.041200,0.007000,0.002300,0.002847,,0.043050,0.000370,,,-0.0014314693,,7.111563,,11.763100,,-1.494415,,,-0.084772,-0.014000,,,0.324503,-0.058397,0.006510,0.491913,0.345674,0.954336,0.954336,-3.215628,0.026336,,,,1.052260,,0.150801,0.625464,2.738393
199209,417.80,12.3950,18.0400,0.011340,0.008916,0.0792,0.0862,0.0710,0.0185,0.0099,0.0291,0.002600,0.029667,0.029937,0.043179,0.687084,0.397657,0.041900,0.007000,-0.008600,0.002839,,0.041138,0.000872,,,-0.0010761546,,8.677095,,13.934300,,-1.524308,,,-0.083366,0.011406,,,0.278758,-0.047262,0.024823,0.492026,0.351465,0.958529,0.958529,-3.204635,0.021658,,,,1.052260,,0.170522,0.592736,2.715356
199210,418.68,12.3917,18.3900,0.004796,0.003455,0.0799,0.0884,0.0741,-0.0198,-0.0156,0.0286,0.002300,0.029597,0.029659,0.043924,0.673826,0.403251,0.045500,0.008500,0.004200,0.003539,,0.041096,0.000944,,,-0.00090211186,,12.137796,,14.402200,,-1.575205,,,-0.078521,-0.048101,,,0.262577,-0.003033,0.018135,0.490802,0.381953,0.945233,0.945233,-3.189119,0.022242,,,,1.052260,,0.172360,0.693693,2.739222
199211,431.35,12.3883,18.7400,0.033794,0.030069,0.0810,0.0896,0.0748,0.0010,0.0069,0.0313,0.002300,0.028720,0.029589,0.043445,0.661064,0.393626,0.043500,0.008600,0.005900,0.001410,,0.037987,0.000508,,,-0.00083605819,,6.124342,,11.219600,,-1.604951,,,-0.076616,-0.037476,,,0.233550,-0.052645,0.043250,0.503952,0.395472,0.968344,0.968344,-3.202703,0.024361,,,,1.052260,,0.167472,0.626128,2.790910
199212,435.71,12.3850,19.0900,0.013380,0.011197,0.0798,0.0881,0.0726,0.0246,0.0228,0.0322,0.002800,0.028425,0.028712,0.043814,0.648769,0.394110,0.040400,0.008300,-0.001800,-0.000704,,0.038829,0.000472,,,-0.0011115236,,4.956529,,10.253400,,-1.601256,,,-0.076805,-0.021100,,,0.290150,-0.031433,0.027189,0.500583,0.384512,0.967157,0.967157,-3.193319,0.024982,,,,1.052260,,0.142271,0.665807,3.106253
199301,438.78,12.4163,19.3400,0.007282,0.005964,0.0791,0.0867,0.0725,0.0280,0.0250,0.0300,0.002300,0.028297,0.028497,0.044077,0.642003,0.393048,0.042500,0.007600,-0.003000,0.004933,,0.041754,0.000349,,,-0.0015522385,,4.868820,,9.487600,,-1.649322,,,-0.074844,0.040031,,,0.484872,-0.062833,0.056227,0.458342,0.372219,0.969770,0.969770,-3.185736,0.026892,,,,1.052260,,0.094060,0.524822,2.858279
199302,443.38,12.4477,19.5900,0.013526,0.010361,0.0771,0.0839,0.0698,0.0354,0.0256,0.0293,0.002200,0.028074,0.028369,0.044183,0.635409,0.385960,0.040500,0.006800,-0.009800,0.003506,,0.040728,0.001147,,,-0.0014793405,,5.330382,,9.383100,,-1.771939,,,-0.071908,0.012830,,,0.489519,-0.018005,0.039277,0.444681,0.354809,0.979277,0.979277,-3.180127,0.030778,,,,1.052260,,0.131949,0.506956,2.758929
199303,451.67,12.4790,19.8400,0.021202,0.018578,0.0758,0.0815,0.0702,0.0021,0.0025,0.0295,0.002500,0.027629,0.028145,0.043926,0.628982,0.333614,0.040700,0.005700,0.000400,0.003494,,0.037106,0.001005,,,-0.0016690258,,4.052229,,7.917500,,-1.643228,,,-0.074646,-0.004141,,,0.325110,-0.037471,0.035076,0.451555,0.354665,0.987572,0.987572,-3.183332,0.031059,,,,1.052260,,0.155849,0.520363,2.741425
199304,440.19,12.4937,19.6700,-0.024519,-0.025780,0.0746,0.0814,0.0701,0.0072,0.0052,0.0287,0.002400,0.028382,0.027661,0.044685,0.635164,0.334350,0.041400,0.006800,-0.002000,0.002786,,0.039813,0.001005,,,-0.0014462842,,3.824445,,8.093600,,-1.688929,,,-0.073767,0.004648,,,0.212294,-0.030748,0.016384,0.455275,0.340384,0.985322,0.985322,-3.166098,0.028600,,,,1.052260,,0.168076,0.152911,2.759163
199305,450.19,12.5083,19.5000,0.026259,0.022549,0.0743,0.0821,0.0701,0.0047,0.0020,0.0296,0.002200,0.027785,0.028416,0.043315,0.641453,0.324882,0.040500,0.007800,-0.002700,0.001389,,0.040255,0.000817,,,-0.0016500074,,5.833135,,10.793800,,-1.653915,,,-0.079415,-0.024349,,,0.208126,-0.050877,0.029840,0.453789,0.372970,0.992292,0.992292,-3.197901,0.023696,,,,1.052260,,0.164978,0.203054,2.793063
199306,450.53,12.5230,19.3300,0.003466,0.001095,0.0733,0.0807,0.0668,0.0449,0.0293,0.0307,0.002500,0.027796,0.027817,0.042905,0.647853,0.325931,0.036100,0.007400,-0.015600,0.001387,,0.041154,0.000574,,,-0.0017479702,,3.224260,,7.393800,,-1.627701,,,-0.079015,-0.060644,,,0.262439,-0.029265,-0.007436,0.461746,0.348154,0.989099,0.989099,-3.206658,0.023936,,,,1.052260,,0.148310,0.162387,2.792495
199307,448.13,12.5217,19.6900,-0.004593,-0.005909,0.0717,0.0793,0.0656,0.0191,0.0100,0.0304,0.002400,0.027942,0.027793,0.043938,0.635940,0.323777,0.035200,0.007600,-0.009100,0.000000,,0.041008,0.000609,,,-0.001390471,,3.867546,,8.747700,,-1.609877,,,-0.078171,-0.048618,,,0.259912,-0.023101,0.052425,0.457209,0.329013,0.992087,0.992087,-3.181447,0.023227,,,,1.052260,,0.152316,0.197524,2.869751
199308,463.56,12.5203,20.0500,0.037431,0.033957,0.0685,0.0760,0.0623,0.0434,0.0287,0.0302,0.002500,0.027009,0.027939,0.043252,0.624456,0.313865,0.032100,0.007500,-0.014700,0.002770,,0.040193,0.000282,,,-0.0012521643,,4.331841,,9.447100,,-1.582994,,,-0.081222,0.021502,,,0.326100,-0.020813,0.073656,0.468324,0.340066,0.999770,0.999770,-3.195952,0.020608,,,,1.052260,,0.108849,0.225847,2.911515
199309,458.93,12.5190,20.4100,-0.007582,-0.009842,0.0666,0.0734,0.0627,0.0005,0.0043,0.0295,0.002600,0.027279,0.027006,0.044473,0.613376,0.322352,0.033200,0.006800,0.003800,0.002072,,0.041841,0.000471,,,-0.0011537305,,6.071806,,10.401700,,-1.647283,,,-0.077771,0.023237,,,0.390451,-0.053170,0.037773,0.464677,0.341908,0.973448,0.973448,-3.165086,0.020460,,,,1.052260,,0.101731,0.297867,2.977968
199310,467.83,12.5383,20.9033,0.019884,0.018590,0.0667,0.0731,0.0623,0.0096,0.0051,0.0302,0.002200,0.026801,0.027321,0.044681,0.599825,0.311363,0.032100,0.006400,-0.004500,0.004135,,0.040367,0.000314,,,-0.0010548299,,3.884828,,8.506900,,-1.668292,,,-0.072305,-0.093508,,,0.515216,-0.035360,0.080397,0.458179,0.351666,0.998029,0.998029,-3.160124,0.022319,,,,1.052260,,0.072546,0.337168,2.995776
199311,461.79,12.5577,21.3967,-0.008655,-0.012084,0.0693,0.0766,0.0651,-0.0259,-0.0188,0.0310,0.002500,0.027193,0.026842,0.046334,0.586898,0.311079,0.034100,0.007300,0.007100,0.000686,,0.043838,0.000576,,,-0.0010516947,,7.481064,,12.187700,,-1.692623,,,-0.069579,-0.084291,,,0.557791,-0.053675,0.007857,0.465498,0.358489,0.992772,0.992772,-3.127499,0.023528,,,,0.806190,,0.092973,0.421507,3.002586
199312,466.45,12.5770,21.8900,0.012646,0.010617,0.0693,0.0769,0.0654,0.0020,0.0067,0.0306,0.002300,0.026963,0.027235,0.046929,0.574555,0.305267,0.034800,0.007600,0.004700,0.000000,,0.045727,0.000270,,,-0.001012497,,4.103057,,9.600900,,-1.655262,,,-0.065502,-0.086901,,,0.670805,-0.044157,0.017875,0.476861,0.387756,0.989395,0.989395,-3.115218,0.024243,,,,1.052260,,0.084069,0.443109,3.002743
199401,481.61,12.6203,22.1633,0.033429,0.031954,0.0692,0.0765,0.0637,0.0257,0.0202,0.0298,0.002500,0.026204,0.027056,0.046019,0.569424,0.288059,0.033900,0.007300,-0.005500,0.002743,,0.043671,0.000423,,,-0.00097607727,,2.509125,,7.358000,,-1.720218,,,-0.064454,0.073317,,,0.635629,-0.019371,0.058970,0.450722,0.403332,1.000000,1.000000,-3.134603,0.023194,,,,1.052260,,0.099275,0.343043,2.961586
199402,467.14,12.6637,22.4367,-0.027161,-0.030121,0.0708,0.0776,0.0682,-0.0450,-0.0286,0.0325,0.002100,0.027109,0.026294,0.048030,0.564418,0.299059,0.035700,0.006800,0.016400,0.003420,,0.045041,0.001026,,,-0.0011355039,,8.693692,,14.429200,,-1.750376,,,-0.065692,-0.047947,,,0.570036,-0.032484,0.021802,0.437727,0.398856,0.963216,0.963216,-3.093918,0.023699,,,,1.052260,,0.139836,0.364095,2.945209
199403,445.77,12.7070,22.7100,-0.043456,-0.045728,0.0748,0.0813,0.0725,-0.0395,-0.0383,0.0350,0.002700,0.028506,0.027202,0.050946,0.559533,0.307484,0.037500,0.006500,0.001200,0.003408,,0.041905,0.000892,,,-0.001099839,,14.013697,,27.034300,,-1.729822,,,-0.057360,0.019317,,,0.612984,-0.033643,-0.014652,0.443359,0.407608,0.913934,0.913934,-3.039785,0.022764,,,,-1.341188,,0.164908,0.421239,2.933402
199404,450.91,12.7497,23.5400,0.012817,0.011477,0.0788,0.0852,0.0745,-0.0150,-0.0097,0.0368,0.002700,0.028275,0.028601,0.052206,0.541617,0.303665,0.037700,0.006400,0.005300,0.001359,,0.039847,0.001374,,,-0.00095162781,,6.135170,,8.045200,,-1.765927,,,-0.053277,0.144839,,,0.516547,-0.024586,0.061472,0.437382,0.410909,0.925429,0.925429,-3.019945,0.021751,,,,-1.674574,,0.204091,0.446924,2.899953
199405,456.51,12.7923,24.3700,0.016309,0.012559,0.0799,0.0862,0.0759,-0.0082,-0.0062,0.0414,0.003200,0.028022,0.028370,0.053383,0.524921,0.297469,0.034500,0.006300,0.002000,0.000678,,0.039642,0.000751,,,-0.0010085097,,5.545915,,9.680300,,-1.664461,,,-0.050496,0.081584,,,0.615662,-0.022277,0.061294,0.459311,0.416133,0.944703,0.944703,-2.999597,0.022123,,,,-1.135104,,0.184090,0.520939,2.906645
199406,444.27,12.8350,25.2000,-0.024762,-0.027113,0.0797,0.0865,0.0774,-0.0100,-0.0081,0.0414,0.003100,0.028890,0.028115,0.056722,0.509325,0.308417,0.036000,0.006800,0.001900,0.003390,,0.033997,0.000797,,,-0.00096572186,,8.374313,,14.663000,,-1.609810,,,-0.045573,0.058486,,,0.527969,-0.007479,0.018853,0.456206,0.353587,0.911169,0.911169,-2.938181,0.022233,,,,-1.352212,,0.183597,0.375279,2.861662
199407,458.25,12.8643,25.9100,0.032714,0.031381,0.0811,0.0880,0.0746,0.0363,0.0309,0.0433,0.002800,0.028073,0.028956,0.056541,0.496501,0.296985,0.031300,0.006900,-0.005400,0.002703,,0.031212,0.000327,,,-0.00064309391,,3.093780,,7.801500,,-1.555096,,,-0.046046,0.048541,,,0.571359,-0.024199,0.070633,0.459337,0.348180,0.946244,0.946244,-2.943244,0.022215,,,,-0.870876,,0.146976,0.360611,2.881773
199408,475.50,12.8937,26.6200,0.041341,0.037990,0.0807,0.0874,0.0761,-0.0086,-0.0031,0.0448,0.003700,0.027116,0.028137,0.055983,0.484360,0.285684,0.031300,0.006700,0.005500,0.004043,,0.028707,0.000560,,,-0.00097495811,,4.045022,,9.017600,,-1.559451,,,-0.041162,-0.133465,,,0.501571,-0.025608,0.065942,0.460633,0.350555,0.983677,0.983677,-2.952603,0.022667,,,,0.507449,,0.132312,0.413627,2.846423
199409,462.71,12.9230,27.3300,-0.023940,-0.026238,0.0834,0.0898,0.0800,-0.0331,-0.0265,0.0462,0.003700,0.027929,0.027178,0.059065,0.472850,0.290905,0.033800,0.006400,0.006600,0.002685,,0.029004,0.000802,,,-0.00083929779,,8.117614,,13.373200,,-1.585261,,,-0.039815,0.043194,,,0.551091,-0.017180,0.055475,0.465224,0.369470,0.966021,0.966021,-2.901064,0.023488,,,,0.784759,,0.141829,0.465754,2.812610
199410,472.35,13.0053,28.4200,0.022622,0.021043,0.0857,0.0920,0.0809,-0.0025,-0.0050,0.0495,0.003800,0.027533,0.028107,0.060167,0.457612,0.286071,0.031400,0.006300,-0.002500,0.000669,,0.026001,0.001158,,,-0.00077172889,,8.299767,,12.800800,,-1.609624,,,-0.033592,-0.010351,,,0.510271,-0.007309,0.073745,0.469730,0.379266,0.982344,0.982344,-2.885178,0.025090,,,,0.784759,,0.193924,0.513919,2.967520
199411,453.69,13.0877,29.5100,-0.036248,-0.039423,0.0868,0.0932,0.0808,0.0066,0.0018,0.0529,0.003700,0.028847,0.027708,0.065044,0.443499,0.298993,0.027900,0.006400,-0.004800,0.001338,,0.022919,0.000836,,,-0.0005588157,,9.854045,,14.526200,,-1.588984,,,-0.028566,-0.007707,,,0.558453,-0.020261,0.010658,0.474652,0.376494,0.939890,0.939890,-2.809276,0.023166,,,,0.002965,,0.211069,0.486012,2.963264
199412,459.27,13.1700,30.6000,0.014955,0.012419,0.0846,0.0910,0.0799,0.0161,0.0157,0.0560,0.004400,0.028676,0.029029,0.066627,0.430392,0.291568,0.023900,0.006400,-0.000400,0.000000,,0.016596,0.000705,,,-0.00057600688,,6.438903,,10.436600,,-1.624653,,,-0.020181,-0.014424,,,0.539063,-0.025849,0.023806,0.477548,0.390114,0.963824,0.963824,-2.783838,0.023111,,,,-0.293830,,0.199563,0.487906,2.995600
199501,470.42,13.1700,31.2500,0.025999,0.024348,0.0846,0.0908,0.0780,0.0273,0.0256,0.0571,0.004200,0.027996,0.028676,0.066430,0.421440,0.290854,0.020900,0.006200,-0.001700,0.004008,,0.015095,0.000289,,,-0.00077978728,,4.143941,,9.165800,,-1.578288,,,-0.020259,0.036026,,,0.543469,-0.044127,0.024294,0.460851,0.384331,0.966877,0.966192,-2.786528,0.023528,,,,0.542688,,0.142759,0.427833,2.959171
199502,487.39,13.1700,31.9000,0.039228,0.036328,0.0826,0.0885,0.0758,0.0287,0.0289,0.0577,0.004000,0.027021,0.027996,0.065451,0.412853,0.278730,0.018100,0.005900,0.000200,0.003992,,0.014534,0.000472,,,-0.00071551559,,3.941270,,9.424800,,-1.572743,,,-0.023162,0.005977,,,0.622550,-0.022748,0.025680,0.472345,0.389195,0.999828,0.999828,-2.798500,0.023915,,,,1.052260,,0.120037,0.471036,2.962791
199503,500.71,13.1700,32.5500,0.029334,0.027179,0.0812,0.0870,0.0755,0.0091,0.0095,0.0573,0.004600,0.026303,0.027021,0.065008,0.404608,0.313877,0.018200,0.005800,0.000400,0.003313,,0.014390,0.000484,,,-0.00056677049,,4.315191,,11.016800,,-1.515361,,,-0.023272,0.035647,,,0.618791,-0.017557,0.036977,0.472400,0.413601,0.996436,0.996436,-2.802776,0.022319,,,,1.052260,,0.104977,0.469328,2.936016
199504,514.71,13.2337,33.1767,0.029395,0.027914,0.0803,0.0860,0.0745,0.0169,0.0175,0.0565,0.004400,0.025711,0.026430,0.064457,0.398885,0.301995,0.018000,0.005700,0.000600,0.003303,,0.013013,0.000257,,,-0.00062688226,,3.485928,,8.989100,,-1.547801,,,-0.026766,0.061538,,,0.531335,-0.040579,0.044111,0.488782,0.411832,1.000000,1.000000,-2.809976,0.022036,,,,1.052260,,0.102633,0.512992,2.859058
199505,533.40,13.2973,33.8033,0.039809,0.036453,0.0765,0.0820,0.0677,0.0790,0.0631,0.0567,0.005400,0.024929,0.025835,0.063373,0.393373,0.292264,0.011000,0.005500,-0.015900,0.001975,,0.010745,0.001011,,,-0.00039768418,,4.312896,,9.250600,,-1.584974,,,-0.023630,-0.072709,,,0.349894,-0.017422,0.059595,0.467422,0.398567,1.000000,1.000000,-2.822907,0.022230,,,,1.052260,,0.130765,0.599040,2.812835
199506,544.75,13.3610,34.4300,0.024155,0.022198,0.0730,0.0790,0.0670,0.0139,0.0079,0.0547,0.004700,0.024527,0.025049,0.063203,0.388063,0.286430,0.012300,0.006000,-0.006000,0.001971,,0.008276,0.000697,,,-0.00026772572,,1.968968,,6.225800,,-1.590593,,,-0.022080,-0.079470,,,0.444579,-0.043409,0.035168,0.468785,0.400124,0.992690,0.992690,-2.821270,0.025864,,,,1.052260,,0.142966,0.630790,2.809829
199507,562.06,13.4323,34.6800,0.033405,0.032023,0.0741,0.0804,0.0691,-0.0168,-0.0101,0.0542,0.004500,0.023898,0.024658,0.061702,0.387322,0.277160,0.014900,0.006300,0.006700,0.000000,,0.007062,0.000773,,,-0.00029109184,,6.596565,,10.258900,,-1.673290,,,-0.028025,0.010360,,,0.426835,-0.043322,0.009098,0.457514,0.410405,0.994126,0.994126,-2.846352,0.024493,,,,1.052260,,0.158588,0.573140,2.724455
199508,561.88,13.5037,34.9300,0.003502,0.000642,0.0757,0.0819,0.0674,0.0236,0.0214,0.0540,0.004700,0.024033,0.024025,0.062166,0.386592,0.283046,0.013400,0.006200,-0.002200,0.002623,,0.009122,0.000207,,,-0.00013797336,,3.709486,,7.428700,,-1.554338,,,-0.016606,0.019368,,,0.592988,-0.024052,0.058982,0.466382,0.400699,0.973454,0.973454,-2.840823,0.024737,,,,1.052260,,0.120867,0.510986,2.743909
199509,584.41,13.5750,35.1800,0.042102,0.040182,0.0732,0.0793,0.0663,0.0175,0.0153,0.0528,0.004300,0.023229,0.024160,0.060197,0.385873,0.272495,0.013500,0.006100,-0.002200,0.001962,,0.006380,0.000381,,,-0.0001402155,,5.145399,,10.657000,,-1.605515,,,-0.014328,-0.019838,,,0.582656,-0.012162,0.068537,0.456323,0.410565,0.997351,0.997351,-2.870279,0.021402,,,,1.052260,,0.089785,0.548476,2.734594
199510,581.50,13.6460,34.7733,-0.003442,-0.004864,0.0712,0.0775,0.0641,0.0294,0.0185,0.0528,0.004700,0.023467,0.023350,0.059799,0.392427,0.274420,0.011300,0.006300,-0.010900,0.003264,,0.012222,0.000488,,,0.000020794291,,6.354011,,11.548200,,-1.663342,,,-0.017830,0.005416,,,0.632292,-0.032196,0.047911,0.455818,0.417041,0.990220,0.990220,-2.875406,0.022913,,,,1.052260,,0.076795,0.440242,2.838216
199511,605.37,13.7170,34.3667,0.044179,0.041338,0.0702,0.0768,0.0623,0.0249,0.0242,0.0536,0.004200,0.022659,0.023589,0.056770,0.399137,0.257169,0.008700,0.006600,-0.000700,-0.000651,,0.016871,0.000546,,,-0.000077981273,,3.791472,,8.536300,,-1.605148,,,-0.016938,0.035157,,,0.627590,-0.024401,0.059550,0.468268,0.417160,0.993914,0.993914,-2.926361,0.022932,,,,1.052260,,0.085116,0.446602,2.875601
199512,615.93,13.7880,33.9600,0.017643,0.015809,0.0682,0.0749,0.0603,0.0272,0.0228,0.0514,0.004900,0.022386,0.022776,0.055136,0.406007,0.255026,0.008900,0.006700,-0.004400,-0.000651,,0.015527,0.000821,,,-0.00014660419,,5.271044,,9.231800,,-1.709142,,,-0.015208,0.070392,,,0.672474,-0.017756,0.021903,0.470748,0.419731,0.980955,0.980955,-2.953479,0.023649,,,,1.052260,,0.111913,0.447668,2.838658
199601,636.02,13.8933,33.9867,0.034861,0.033415,0.0681,0.0747,0.0609,-0.0011,0.0014,0.0500,0.004300,0.021844,0.022557,0.053436,0.408788,0.241877,0.010900,0.006600,0.002500,0.005863,,0.016128,0.001384,,,-0.000053141833,,3.609275,0.005112,6.280700,,-1.693778,,,-0.022679,-0.091351,,,0.678420,-0.006876,0.045179,0.446780,0.412249,1.000000,1.000000,-2.984223,0.022849,0.013360,,,1.052260,,0.149843,0.366511,2.872808
199602,640.43,13.9987,34.0133,0.010088,0.007689,0.0699,0.0763,0.0659,-0.0483,-0.0373,0.0483,0.003900,0.021858,0.022010,0.053110,0.411564,0.237895,0.017600,0.006400,0.011000,0.003238,,0.016801,0.001268,,,-0.00022785486,,8.057655,0.007465,15.467100,,-1.718369,,,-0.009878,0.099127,,,0.563163,-0.027314,0.036741,0.444488,0.418063,0.974270,0.974270,-2.991862,0.023132,0.026520,,,1.052260,,0.186718,0.407875,2.829539
199603,645.50,14.1040,34.0400,0.009585,0.007860,0.0735,0.0803,0.0684,-0.0210,-0.0130,0.0496,0.003900,0.021850,0.022023,0.052734,0.414336,0.239300,0.018800,0.006800,0.008000,0.005165,,0.016892,0.001742,,,0.000030555841,,16.592991,0.005754,18.953600,,-1.721424,,,-0.012826,0.097873,,,0.596880,0.026410,-0.016436,0.455561,0.397337,0.983028,0.983028,-3.003302,0.022167,0.029856,,,1.052260,,0.218482,0.456860,2.908080
199604,654.17,14.1603,34.3300,0.015133,0.013857,0.0750,0.0819,0.0706,-0.0165,-0.0160,0.0495,0.004600,0.021646,0.021937,0.052479,0.412477,0.240076,0.021100,0.006900,0.000500,0.003854,,0.021122,0.000982,,,0.000068224883,,10.918662,0.007574,14.161900,,-1.723987,,,-0.004645,-0.012135,,,0.400391,-0.031662,0.033040,0.436114,0.444589,0.978792,0.978792,-3.010416,0.027618,0.021702,,,1.052260,,0.220184,0.487298,2.899698
199605,669.12,14.2167,34.6200,0.025257,0.022530,0.0762,0.0830,0.0717,-0.0054,0.0005,0.0502,0.004200,0.021247,0.021732,0.051740,0.410649,0.236924,0.021500,0.006800,0.005900,0.001919,,0.026419,0.001125,,,-0.0002545209,,9.828647,0.006155,14.256000,,-1.708500,,,0.001085,-0.066147,,,0.446710,-0.006514,0.040772,0.440291,0.414015,0.976665,0.976665,-3.026758,0.031092,0.022777,,,1.052260,,0.222311,0.478146,2.931135
199606,670.63,14.2730,34.9100,0.004128,0.002562,0.0771,0.0840,0.0703,0.0203,0.0172,0.0509,0.004000,0.021283,0.021331,0.052056,0.408851,0.236444,0.019400,0.006900,-0.003100,0.000639,,0.027216,0.000395,,,-0.00084789044,,6.327707,0.005565,10.479400,,-1.684786,,,0.006967,0.054136,,,0.506443,-0.022081,0.066582,0.431169,0.405779,0.978647,0.978647,-3.022261,0.035902,0.016442,,,1.052260,,0.188869,0.470798,2.937471
199607,639.95,14.4033,35.2733,-0.044443,-0.046048,0.0765,0.0835,0.0707,0.0018,0.0010,0.0515,0.004500,0.022507,0.021477,0.055119,0.408335,0.241820,0.019200,0.007000,-0.000800,0.001914,,0.031137,0.002355,,,-0.00047047488,,17.579403,0.008409,13.323400,,-1.808062,,,0.005413,-0.017759,,,0.495574,-0.008067,0.047158,0.413849,0.388083,0.956890,0.956890,-2.964706,0.034448,0.032417,,,0.783645,,0.249946,0.374758,2.876663
199608,651.99,14.5337,35.6367,0.021928,0.019589,0.0746,0.0818,0.0726,-0.0139,-0.0070,0.0505,0.004100,0.022291,0.022711,0.054658,0.407829,0.238061,0.022100,0.007200,0.006900,0.001911,,0.030886,0.001122,,,-0.00035223578,,13.028933,0.006511,19.561300,,-1.603617,,,0.008814,0.087222,,,0.392306,-0.051478,0.025305,0.428918,0.406281,0.971997,0.971997,-2.970943,0.030196,0.025112,,,0.770930,,0.254523,0.419681,2.896914
199609,687.31,14.6640,36.0000,0.056035,0.054112,0.0766,0.0835,0.0704,0.0290,0.0259,0.0509,0.004400,0.021335,0.022491,0.052378,0.407333,0.227297,0.019500,0.006900,-0.003100,0.003179,,0.029581,0.000686,,,-0.00053869363,,12.335167,0.006237,18.208900,,-1.620520,,,0.013353,0.087640,,,0.469079,-0.018802,0.045945,0.433394,0.410706,0.997866,0.997866,-3.015335,0.026438,0.024579,,,1.052260,,0.269781,0.460336,2.947108
199610,705.27,14.7423,36.9100,0.026798,0.025348,0.0739,0.0807,0.0671,0.0404,0.0361,0.0499,0.004200,0.020903,0.021449,0.052335,0.399413,0.221748,0.017200,0.006800,-0.004300,0.003169,,0.025656,0.000607,,,-0.00053145026,,16.226620,0.007976,22.455700,,-1.627714,,,0.011953,-0.039256,,,0.357404,0.001823,0.045464,0.459325,0.420276,0.989360,0.989360,-3.013355,0.026746,0.028207,,,1.052260,,0.185517,0.439683,2.926528
199611,757.02,14.8207,37.8200,0.076441,0.074218,0.0710,0.0779,0.0643,0.0351,0.0263,0.0503,0.004100,0.019578,0.021014,0.049959,0.391874,0.205008,0.014000,0.006900,-0.008800,0.001895,,0.022067,0.000704,,,-0.00061392521,,13.623623,0.006673,19.660800,,-1.653563,,,0.019406,0.019355,,,0.320099,0.005649,0.067746,0.472816,0.433358,0.996015,0.996015,-3.056706,0.029572,0.025522,,,1.052260,,0.135453,0.533452,3.000517
199612,740.74,14.8990,38.7300,-0.019798,-0.021518,0.0720,0.0789,0.0673,-0.0256,-0.0186,0.0491,0.004600,0.020114,0.019681,0.052286,0.384689,0.207343,0.018200,0.006900,0.007000,0.000000,,0.024126,0.001709,,,-0.00039675518,,22.492321,0.009383,25.119800,,-1.714821,,,0.024104,0.092827,,,0.305246,-0.042407,0.038673,0.464089,0.438484,0.982832,0.982832,-3.012130,0.030338,0.038675,,,1.052260,,0.190740,0.557696,3.050141
199701,786.16,14.9523,39.2333,0.062827,0.061689,0.0742,0.0809,0.0689,-0.0079,-0.0028,0.0503,0.004500,0.019019,0.020186,0.049905,0.381113,0.196240,0.018600,0.006700,0.005100,0.003153,,0.024407,0.001360,,,-0.00079412929,,18.836975,0.007024,18.561900,,-1.734912,,,0.024003,-0.067568,,,0.203368,-0.039262,0.060183,0.455937,0.420924,0.989714,0.989714,-3.061359,0.027252,0.031019,,,1.052260,,0.211028,0.469541,3.009431
199702,790.82,15.0057,39.7367,0.007752,0.005800,0.0731,0.0794,0.0694,0.0005,0.0028,0.0501,0.003900,0.018975,0.019087,0.050247,0.377628,0.194395,0.019300,0.006300,0.002300,0.003143,,0.022911,0.001475,,,-0.0013029057,,20.314266,0.006809,27.394100,,-1.733092,,,0.034191,-0.159420,,,0.373250,-0.022446,0.013770,0.439689,0.392596,0.973154,0.973154,-3.053019,0.029322,0.039424,,,1.052260,,0.240238,0.509034,2.946497
199703,757.12,15.0590,40.2400,-0.041688,-0.043310,0.0755,0.0818,0.0723,-0.0252,-0.0221,0.0514,0.004300,0.019890,0.019042,0.053149,0.374230,0.214780,0.020900,0.006300,0.003100,0.002506,,0.021149,0.002001,,,-0.0013083062,,17.347956,0.007186,28.227700,,-1.743534,,,0.038840,0.002463,,,0.381811,-0.046848,-0.060718,0.452126,0.400291,0.929191,0.929191,-2.999417,0.030454,0.043560,,,1.052260,,0.241041,0.646310,2.928049
199704,801.34,15.0930,40.3433,0.060274,0.059016,0.0773,0.0834,0.0705,0.0255,0.0184,0.0516,0.004300,0.018835,0.019935,0.050345,0.374114,0.201741,0.018900,0.006100,-0.007100,0.001250,,0.016945,0.003005,,,-0.00087192203,,16.149612,0.008804,18.043000,,-1.759495,,,0.038339,-0.007371,,,0.536021,-0.024803,0.080246,0.457256,0.402814,0.989249,0.989249,-3.055489,0.032509,0.034247,,,1.052260,,0.289901,0.693393,2.894223
199705,848.28,15.1270,40.4467,0.061401,0.059272,0.0758,0.0820,0.0701,0.0097,0.0128,0.0505,0.004900,0.017833,0.018877,0.047681,0.373999,0.192879,0.019600,0.006200,0.003100,-0.000624,,0.013264,0.002007,,,-0.00087840744,,10.846611,0.006446,16.775700,,-1.738673,,,0.042195,0.039604,,,0.472294,-0.036974,0.045709,0.446432,0.431572,0.992908,0.992908,-3.108171,0.033144,0.033086,,,1.052260,,0.297954,0.726676,2.943914
199706,885.14,15.1610,40.5500,0.044103,0.042762,0.0741,0.0802,0.0688,0.0195,0.0187,0.0493,0.003700,0.017128,0.017873,0.045812,0.373884,0.184288,0.019500,0.006100,-0.000800,0.001249,,0.010847,0.001974,,,-0.00066209767,,17.579063,0.006017,27.556700,,-1.834166,,,0.045115,-0.057857,,,0.408543,-0.028749,0.015985,0.456667,0.442286,0.984131,0.984131,-3.146091,0.031035,0.040979,,,1.052260,,0.295878,0.763465,2.940072
199707,954.29,15.2183,40.5800,0.080388,0.078977,0.0714,0.0775,0.0637,0.0626,0.0528,0.0505,0.004300,0.015947,0.017193,0.042524,0.375021,0.171965,0.013200,0.006100,-0.009800,0.001248,,0.011593,0.002010,,,-0.00062725705,,23.083157,0.009983,24.843100,,-1.835639,,,0.051960,0.020217,,,0.353906,-0.023822,0.066040,0.448586,0.466995,0.996090,0.996090,-3.218035,0.027664,0.040497,,,1.052260,,0.260165,0.761881,3.023076
199708,899.47,15.2757,40.6100,-0.054975,-0.056458,0.0722,0.0782,0.0672,-0.0317,-0.0240,0.0514,0.004100,0.016983,0.016007,0.045149,0.376155,0.185505,0.015800,0.006000,0.007700,0.001869,,0.012877,0.002465,,,-0.0004309205,,26.476896,0.009474,28.425000,,-1.787901,,,0.060258,-0.026009,,,0.468354,-0.021907,0.032843,0.457413,0.474646,0.922889,0.922889,-3.158886,0.027358,0.054241,,,1.052260,,0.280497,0.728746,3.068165
199709,947.28,15.3330,40.6400,0.053886,0.052408,0.0715,0.0770,0.0649,0.0316,0.0226,0.0495,0.004400,0.016186,0.017047,0.042902,0.377288,0.177968,0.015400,0.005500,-0.009000,0.002488,,0.014634,0.002626,,,-0.00074286008,,25.530624,0.009879,30.375100,,-1.782067,,,0.067722,0.074771,,,0.453271,-0.024430,0.069737,0.449506,0.467414,0.961976,0.961976,-3.209090,0.027783,0.045059,,,1.052260,,0.301084,0.775908,3.071527
199710,914.62,15.3877,40.3333,-0.032605,-0.033730,0.0700,0.0757,0.0623,0.0341,0.0191,0.0497,0.004200,0.016824,0.016244,0.044098,0.381512,0.190001,0.012600,0.005700,-0.015000,0.002481,,0.016263,0.009364,,,-0.00059923875,,42.284027,0.012392,64.170800,,-1.883110,,,0.074901,-0.001420,,,0.483517,-0.016063,-0.051584,0.432950,0.471346,0.901055,0.901055,-3.179882,0.027908,0.099404,,,1.052260,,0.451343,0.850807,3.054681
199711,955.40,15.4423,40.0267,0.046321,0.044625,0.0687,0.0742,0.0614,0.0148,0.0101,0.0514,0.003900,0.016163,0.016884,0.041895,0.385801,0.180746,0.010000,0.005500,-0.004700,-0.000619,,0.015667,0.002662,,,-0.00079184273,,42.119808,0.010499,46.377000,,-1.731840,,,0.081100,-0.093365,,,0.477117,0.032161,0.042888,0.451323,0.487107,0.947189,0.947189,-3.229720,0.025859,0.062482,,,1.052260,,0.454443,0.790621,2.986343
199712,970.43,15.4970,39.7200,0.017147,0.015700,0.0676,0.0732,0.0602,0.0184,0.0163,0.0516,0.004800,0.015969,0.016220,0.040930,0.390156,0.178801,0.008600,0.005600,-0.002100,-0.001238,,0.015559,0.002249,,,-0.00088877898,,30.669827,0.010750,34.097400,,-1.732800,,,0.083708,-0.077365,,,0.482697,-0.057203,0.072552,0.477897,0.509688,0.957495,0.957495,-3.252359,0.029630,0.047774,,,1.052260,,0.429222,0.879834,2.960494
199801,980.28,15.5450,39.6600,0.011994,0.011080,0.0661,0.0719,0.0589,0.0200,0.0137,0.0504,0.004300,0.015858,0.016019,0.040458,0.391957,0.178840,0.008500,0.005800,-0.006300,0.001860,,0.013740,0.002469,,,-0.00070045538,,22.100449,0.008523,22.618000,,-1.785390,,,0.086444,-0.024929,,,0.533004,-0.030352,0.026955,0.451261,0.505133,0.957285,0.957285,-3.261415,0.029249,0.038875,,,1.052260,,0.294210,0.785994,2.928917
199802,1049.34,15.5930,39.6000,0.071956,0.070303,0.0667,0.0725,0.0599,-0.0072,-0.0007,0.0509,0.003900,0.014860,0.015907,0.037738,0.393763,0.165463,0.009000,0.005800,0.006500,0.001856,,0.012056,0.001053,,,-0.00080484597,,15.915259,0.007708,21.243400,,-1.662144,,,0.086428,-0.102847,,,0.455816,-0.037369,0.065018,0.449174,0.522748,1.000000,1.000000,-3.331292,0.025945,0.029810,,,1.052260,,0.256859,0.822326,2.880820
199803,1101.75,15.6410,39.5400,0.051336,0.050104,0.0672,0.0732,0.0602,0.0025,0.0038,0.0503,0.003900,0.014197,0.014906,0.035888,0.395574,0.181140,0.009900,0.006000,0.001300,0.001853,,0.016489,0.001137,,,-0.00073979006,,30.475952,0.007898,41.008800,,-1.685843,,,0.085150,0.020078,,,0.420008,-0.060468,0.046782,0.456269,0.505233,0.988029,0.988029,-3.382304,0.021915,0.049250,,,1.052260,,0.221782,0.851339,2.941352
199804,1111.75,15.7440,39.3500,0.011275,0.010232,0.0669,0.0733,0.0604,0.0026,0.0053,0.0495,0.004300,0.014161,0.014290,0.035395,0.400102,0.175873,0.010900,0.006400,0.002700,0.001850,,0.016405,0.001615,,,-0.00095596436,,19.131130,0.009668,27.329300,,-1.784779,,,0.086949,-0.012063,,,0.204126,-0.020456,0.116550,0.474159,0.490680,0.986764,0.986764,-3.396062,0.021315,0.037602,,,1.052260,,0.182699,0.841438,2.968251
199805,1090.82,15.8470,39.1600,-0.017674,-0.019206,0.0669,0.0730,0.0592,0.0182,0.0167,0.0500,0.004000,0.014528,0.014254,0.035900,0.404673,0.179102,0.009200,0.006100,-0.001500,0.001846,,0.019075,0.000959,,,-0.00089151945,,20.786074,0.007956,28.032800,,-1.677527,,,0.091897,-0.022494,,,0.301184,-0.028887,0.068018,0.462183,0.480683,0.966144,0.966144,-3.381991,0.023299,0.039811,,,1.052260,,0.181568,0.858020,2.965343
199806,1133.84,15.9500,38.9700,0.040970,0.039800,0.0653,0.0713,0.0576,0.0228,0.0115,0.0498,0.004100,0.014067,0.014622,0.034370,0.409289,0.178061,0.007800,0.006000,-0.011300,0.001229,,0.024011,0.002097,,,-0.0011688478,,17.407640,0.008771,18.878900,,-1.681842,,,0.084263,-0.059829,,,0.294868,-0.044142,0.021656,0.451743,0.471190,0.971795,0.971795,-3.424114,0.026465,0.032439,,,1.052260,,0.209971,0.799308,3.302146
199807,1120.67,16.0143,38.6767,-0.010109,-0.011112,0.0655,0.0715,0.0584,-0.0040,-0.0056,0.0496,0.004000,0.014290,0.014124,0.034512,0.414057,0.179438,0.008800,0.006000,-0.001600,0.001227,,0.025354,0.002228,,,-0.0023045245,,26.738482,0.009038,37.668400,,-1.683780,,,0.078796,-0.002098,,,0.361079,-0.043839,-0.001115,0.458349,0.479252,0.951308,0.951308,-3.419607,0.029352,0.052918,,,1.052260,,0.221798,0.757428,3.252707
199808,957.28,16.0787,38.3833,-0.143124,-0.144504,0.0652,0.0714,0.0547,0.0465,0.0089,0.0490,0.004300,0.016796,0.014347,0.040096,0.418897,0.211432,0.005700,0.006200,-0.037600,0.001225,,0.028519,0.009334,,,-0.0018568563,,84.517769,0.023720,115.853100,,-1.874513,,,0.097677,-0.068676,,,0.437649,-0.030296,-0.175520,0.431971,0.452429,0.807355,0.807355,-3.268496,0.035666,0.191196,,,-0.021667,,0.363582,0.621563,3.604907
199809,1017.01,16.1430,38.0900,0.063176,0.061612,0.0640,0.0709,0.0517,0.0395,0.0413,0.0461,0.004600,0.015873,0.016863,0.037453,0.423812,0.203248,0.005600,0.006900,0.001800,0.001224,,0.024083,0.009971,,,-0.0016339078,,85.523941,0.017725,71.298300,,-1.801976,,,0.095539,0.218209,,,0.404315,-0.033230,0.029306,0.418454,0.470880,0.839863,0.839863,-3.331649,0.037192,0.131472,,,-1.139465,,0.416552,0.669563,3.883447
199810,1098.67,16.1603,37.9633,0.080111,0.079144,0.0637,0.0718,0.0540,-0.0218,-0.0190,0.0396,0.003200,0.014709,0.015890,0.034554,0.425683,0.185519,0.014400,0.008100,0.002800,0.002445,,0.020740,0.005172,,,-0.0013748512,,36.418625,0.011360,12.046200,,-1.824537,,,0.100749,-0.105621,,,0.234444,-0.061989,0.016611,0.419013,0.511250,0.920126,0.920126,-3.409539,0.037878,0.059544,,,0.226120,,0.385267,0.569833,3.948623
199811,1163.63,16.1777,37.8367,0.062164,0.060685,0.0641,0.0734,0.0535,0.0097,0.0270,0.0441,0.003100,0.013903,0.014725,0.032516,0.427566,0.174847,0.009400,0.009300,0.017300,0.000000,,0.022004,0.001937,,,-0.0012152598,,36.402729,0.009295,43.692500,,-1.596138,,,0.098392,-0.214779,,,0.184713,-0.048017,-0.009860,0.459511,0.526553,0.972508,0.972508,-3.473191,0.033072,0.056090,,,1.052260,,0.310520,0.538837,3.764878
199812,1229.23,16.1950,37.7100,0.059673,0.058454,0.0622,0.0723,0.0542,-0.0032,0.0010,0.0439,0.003800,0.013175,0.013918,0.030678,0.429462,0.173611,0.010300,0.010100,0.004200,-0.000610,,0.020057,0.003287,,,-0.0010338728,,31.861181,0.011976,32.298600,,-1.615602,,,0.101318,0.067722,,,0.069384,-0.065899,0.040869,0.457486,0.562088,0.979429,0.979429,-3.529669,0.033461,0.047271,,,1.052260,,0.228716,0.496374,3.934711
199901,1279.64,16.2797,37.9333,0.042800,0.042000,0.0624,0.0729,0.0536,0.0121,0.0123,0.0434,0.003500,0.012722,0.013244,0.029644,0.429165,0.170321,0.010200,0.010500,0.000200,0.002441,,0.015588,0.003336,,,-0.0012959934,,32.699356,0.010425,33.806700,,-1.681208,,,0.104039,0.055189,,,0.084632,-0.029060,0.071248,0.423700,0.531126,0.970498,0.970498,-3.564624,0.039368,0.056474,,,1.052260,,0.231092,0.385215,4.171684
199902,1238.33,16.3643,38.1567,-0.031935,-0.033156,0.0640,0.0739,0.0587,-0.0520,-0.0401,0.0444,0.003500,0.013215,0.012788,0.030813,0.428872,0.171277,0.014300,0.009900,0.011900,0.001217,,0.018447,0.003482,,,-0.0011728518,,34.007755,0.009258,39.544000,,-1.587580,,,0.108515,-0.039032,,,0.057752,-0.041344,0.053654,0.438113,0.507388,0.965079,0.965079,-3.528609,0.041003,0.065680,,,1.052260,,0.250341,0.303960,3.895068
199903,1286.37,16.4490,38.3800,0.038979,0.037774,0.0662,0.0753,0.0592,-0.0008,0.0002,0.0444,0.004300,0.012787,0.013283,0.029836,0.428583,0.172897,0.014800,0.009100,0.001000,0.003040,,0.020668,0.003214,,,-0.0010753509,,22.812906,0.009469,24.951800,,-1.551110,,,0.109198,0.362307,,,0.014634,-0.030533,0.011904,0.419672,0.519763,0.977953,0.977953,-3.563021,0.042017,0.045335,,,1.052260,,0.256337,0.263770,3.791532
199904,1335.18,16.4487,39.2600,0.037559,0.036771,0.0664,0.0748,0.0594,0.0021,-0.0024,0.0429,0.003700,0.012319,0.012787,0.029404,0.418968,0.156826,0.016500,0.008400,-0.004500,0.007273,,0.025181,0.002727,,,-0.0012580821,,27.485735,0.009069,29.531100,,-1.678781,,,0.109915,0.114490,,,0.024428,-0.049172,0.026863,0.409593,0.527380,0.991787,0.991787,-3.577118,0.040906,0.052831,,,1.052260,,0.208994,0.218351,3.846455
199905,1301.84,16.4483,40.1400,-0.023159,-0.024833,0.0693,0.0772,0.0615,-0.0185,-0.0176,0.0450,0.003400,0.012635,0.012319,0.030833,0.409774,0.160231,0.016500,0.007900,0.000900,0.000000,,0.025897,0.003086,,,-0.0011522804,,26.078491,0.008972,28.638600,,-1.624081,,,0.114643,-0.098448,,,0.017481,-0.048062,0.061610,0.394027,0.519507,0.950713,0.950713,-3.533080,0.040375,0.055416,,,1.052260,,0.201942,0.168805,3.754069
199906,1372.71,16.4480,41.0200,0.054431,0.053398,0.0723,0.0802,0.0627,-0.0078,-0.0160,0.0457,0.004000,0.011982,0.012634,0.029882,0.400975,0.154227,0.017000,0.007900,-0.008200,0.000000,,0.018869,0.002409,,,-0.0011446288,,12.747275,0.010039,20.719400,,-1.502738,,,0.112287,0.147181,,,0.077307,-0.052468,0.076445,0.397336,0.399961,0.987721,0.987721,-3.567807,0.039729,0.037442,,,1.052260,,0.189697,0.135904,3.845734
199907,1328.72,16.5123,42.0000,-0.030220,-0.031084,0.0719,0.0795,0.0639,-0.0077,-0.0113,0.0455,0.003800,0.012427,0.012029,0.031609,0.393151,0.158796,0.018400,0.007600,-0.003600,0.003008,,0.019370,0.001611,,,-0.0011695952,,29.080606,0.009626,38.375500,,-1.493310,,,0.116490,0.061562,,,0.065444,-0.020079,-0.006435,0.405832,0.383186,0.950517,0.950517,-3.510588,0.033751,0.051127,,,1.052260,,0.211731,0.123479,3.839881
199908,1320.41,16.5767,42.9800,-0.005004,-0.006251,0.0740,0.0815,0.0649,-0.0053,-0.0026,0.0472,0.003900,0.012554,0.012476,0.032550,0.385683,0.156243,0.017700,0.007500,0.002700,0.002400,,0.018881,0.002730,,,-0.0010558461,,26.207581,0.007983,31.014500,,-1.477816,,,0.118934,0.079435,,,-0.096049,-0.038141,0.026048,0.402801,0.403838,0.956140,0.956140,-3.482665,0.031350,0.050946,,,0.534329,,0.215669,0.127518,3.966101
199909,1282.71,16.6410,43.9600,-0.028079,-0.029257,0.0739,0.0820,0.0646,0.0084,0.0093,0.0468,0.003900,0.012973,0.012603,0.034271,0.378549,0.163684,0.017800,0.008100,0.000900,0.004788,,0.020380,0.002705,,,-0.00098570256,,27.344597,0.010957,32.059700,,-1.509386,,,0.113329,0.107901,,,-0.009085,-0.025045,0.051534,0.409938,0.408586,0.912672,0.912672,-3.430964,0.035172,0.051858,,,-1.076878,,0.233341,0.182244,4.010238
199910,1362.93,16.6580,45.3633,0.064238,0.063512,0.0755,0.0838,0.0651,-0.0012,0.0047,0.0486,0.003900,0.012222,0.012987,0.033284,0.367213,0.157691,0.016500,0.008300,0.005900,0.001787,,0.020445,0.004876,,,-0.00051504032,,18.274904,0.008097,15.911200,,-1.590732,,,0.123922,-0.112062,,,0.076655,-0.013205,0.092490,0.409936,0.427139,0.947363,0.947363,-3.461994,0.042099,0.040774,,,-0.526934,,0.273512,0.194928,3.958557
199911,1388.91,16.6750,46.7667,0.020822,0.019547,0.0736,0.0815,0.0662,-0.0061,-0.0024,0.0507,0.003600,0.012006,0.012235,0.033671,0.356557,0.155546,0.015500,0.007900,0.003700,0.000595,,0.018280,0.001354,,,0.00011071065,,28.999371,0.010342,33.966200,,-1.575857,,,0.127207,0.141349,,,-0.045806,-0.045089,0.054114,0.424375,0.418372,0.960425,0.960425,-3.449656,0.056052,0.046804,,,0.251719,,0.223071,0.148457,4.154051
199912,1469.25,16.6920,48.1700,0.062579,0.061549,0.0755,0.0819,0.0682,-0.0155,-0.0102,0.0520,0.004400,0.011361,0.012018,0.032785,0.346523,0.147167,0.016200,0.006400,0.005300,0.000000,,0.017889,0.001149,,,0.000064278,,34.154530,0.008405,35.708800,,-1.583153,,,0.133343,0.035786,,,-0.014527,-0.000138,0.069671,0.394956,0.506440,1.000000,1.000000,-3.478678,0.067231,0.051786,,,1.052260,,0.155129,0.097589,4.332770
200001,1394.46,16.7153,49.0967,-0.049630,-0.050296,0.0778,0.0833,0.0666,0.0228,-0.0021,0.0532,0.004100,0.011987,0.011377,0.035208,0.340458,0.154654,0.013400,0.005500,-0.024900,0.002971,,0.025359,0.005206,,,0.00062237216,,20.520697,0.008923,23.892100,,-1.689294,,,0.130430,0.073370,,,-0.032534,-0.009352,0.067987,0.369307,0.482271,0.933256,0.933256,-3.410947,0.072187,0.052163,,,1.052260,,0.140476,0.087345,4.333588
200002,1366.42,16.7387,50.0233,-0.017458,-0.018666,0.0768,0.0829,0.0646,0.0264,0.0092,0.0555,0.004300,0.012250,0.012004,0.036609,0.334617,0.167056,0.009100,0.006100,-0.017200,0.005924,,0.027419,0.003000,,,0.00040469089,,15.153074,0.009979,18.887700,,-1.643726,,,0.132009,0.105606,,,-0.177270,-0.042580,0.120012,0.378817,0.456950,0.863971,0.863971,-3.370622,0.102719,0.046538,,,0.001746,,0.152234,-0.040622,4.619126
200003,1498.58,16.7620,50.9500,0.098488,0.097431,0.0768,0.0837,0.0618,0.0367,0.0169,0.0569,0.004700,0.011185,0.012267,0.033999,0.328989,0.149974,0.004900,0.006900,-0.019800,0.008245,,0.018291,0.006678,,,0.00018488374,,14.968554,0.008492,10.400400,,-1.676950,,,0.134022,-0.121361,,,-0.212933,-0.026725,0.092106,0.347219,0.425863,0.931668,0.931668,-3.442147,0.114999,0.050487,,,0.245289,,0.183209,0.092987,4.666883
200004,1452.43,16.7427,51.2733,-0.031583,-0.032308,0.0764,0.0840,0.0630,-0.0076,-0.0115,0.0566,0.004600,0.011527,0.011172,0.035302,0.326538,0.152600,0.006400,0.007600,-0.003900,0.000584,,0.011945,0.007942,,,-0.00038694213,,17.383680,0.009532,-9.724000,,-1.720359,,,0.138425,-0.042815,,,-0.659409,-0.037846,0.028717,0.342881,0.452623,0.915631,0.915631,-3.401997,0.121553,0.058297,,,0.015586,,0.199117,-0.015692,4.631898
200005,1420.60,16.7233,51.5967,-0.022304,-0.023617,0.0799,0.0890,0.0640,-0.0054,-0.0161,0.0579,0.005000,0.011772,0.011514,0.036320,0.324117,0.155669,0.006100,0.009100,-0.010700,0.001168,,0.009179,0.005185,,,0.0000089130356,,14.676626,0.011079,10.862400,,-1.623312,,,0.139601,0.129133,,,-0.783146,-0.047202,0.081554,0.365408,0.437149,0.897582,0.897582,-3.377789,0.088496,0.048449,,,-0.526934,,0.217034,0.014133,4.496980
200006,1454.60,16.7040,51.9200,0.026219,0.025497,0.0767,0.0848,0.0622,0.0244,0.0326,0.0569,0.004000,0.011484,0.011758,0.035694,0.321726,0.156778,0.005300,0.008100,0.008200,0.005248,,0.007124,0.002360,,,-0.00024674334,,13.785230,0.006815,13.129700,,-1.596611,,,0.138467,0.117465,,,-0.911940,0.095046,0.048022,0.364122,0.477647,0.891232,0.891232,-3.391994,0.084789,0.031861,,,-0.526934,,0.190908,0.094894,4.654402
200007,1430.83,16.5850,52.5133,-0.012795,-0.013559,0.0765,0.0835,0.0611,0.0173,0.0179,0.0596,0.004800,0.011591,0.011402,0.036701,0.315825,0.155674,0.001500,0.007000,0.000600,0.002320,,0.004712,0.002065,,,0.0000071589538,,13.451914,0.008208,22.240000,,-1.525654,,,0.134994,-0.152281,,,-1.075431,-0.041354,0.025078,0.372029,0.476720,0.897552,0.897552,-3.363683,0.074944,0.038298,,,-0.526934,,0.144671,0.070862,4.644372
200008,1517.68,16.4660,53.1067,0.062594,0.061275,0.0755,0.0826,0.0594,0.0240,0.0135,0.0609,0.005000,0.010849,0.011508,0.034992,0.310055,0.146053,-0.001500,0.007100,-0.010500,0.000000,,0.004675,0.001039,,,-0.00027761545,,11.559639,0.008753,12.908500,,-1.453829,,,0.130751,0.203273,,,-1.010150,-0.030022,0.046687,0.395112,0.476443,0.956677,0.956677,-3.409300,0.066825,0.024843,,,-0.265009,,0.100923,0.052352,4.713365
200009,1436.51,16.3470,53.7000,-0.052088,-0.052795,0.0762,0.0835,0.0612,-0.0157,0.0046,0.0600,0.005100,0.011380,0.010771,0.037382,0.304413,0.153789,0.001200,0.007300,0.020300,0.005208,,0.004469,0.001600,,,-0.00050848747,,13.609885,0.009002,16.056300,,-1.554597,,,0.133843,-0.067090,,,-0.903699,-0.007692,0.053437,0.391447,0.454022,0.908551,0.908551,-3.342939,0.047860,0.026894,,,-1.063050,,0.081549,0.027025,4.601572
200010,1429.40,16.3217,52.4667,-0.004120,-0.004829,0.0755,0.0834,0.0600,0.0187,0.0045,0.0611,0.005600,0.011419,0.011362,0.036705,0.311086,0.149301,-0.001100,0.007900,-0.014200,0.001727,,0.003744,0.005568,,,-0.0013389528,,16.362108,0.009221,0.756700,,-1.643739,,,0.128441,0.059281,,,-1.010199,-0.047900,0.072404,0.401754,0.448153,0.935866,0.935866,-3.360645,0.048412,0.048694,,,-1.637758,,0.102895,0.125190,4.445719
200011,1314.95,16.2963,51.2333,-0.078268,-0.079557,0.0745,0.0828,0.0576,0.0319,0.0263,0.0617,0.005100,0.012393,0.011401,0.038962,0.318081,0.157281,-0.004100,0.008300,-0.005600,0.000575,,0.001157,0.003272,,,-0.0018525551,,31.227629,0.012287,37.426700,,-1.543828,,,0.127216,0.027829,,,-0.920512,-0.017082,-0.017978,0.422434,0.460107,0.888382,0.888382,-3.300787,0.060234,0.074695,,,-2.685336,,0.104797,0.136208,4.033047
200012,1320.28,16.2710,50.0000,0.005720,0.004861,0.0721,0.0802,0.0558,0.0243,0.0270,0.0577,0.005000,0.012324,0.012374,0.037871,0.325420,0.151852,-0.001900,0.008100,0.002700,-0.000574,,-0.002262,0.005299,,,-0.00052485301,,33.667107,0.009501,24.790400,,-1.702023,,,0.122447,-0.204999,,,-0.638705,-0.039611,0.009320,0.429719,0.497582,0.920146,0.920146,-3.324649,0.065435,0.061012,,,-2.685336,,0.129072,0.344857,4.031515
200101,1366.01,16.1717,48.4800,0.032372,0.031555,0.0715,0.0793,0.0562,0.0005,0.0359,0.0515,0.005400,0.011839,0.012249,0.035490,0.333574,0.150450,0.004700,0.007800,0.035400,0.006322,,-0.003193,0.004941,,,-0.0015650504,,18.106512,0.007262,5.230600,,-1.829005,,,0.116179,0.071108,,,-0.719297,-0.059508,0.068005,0.401715,0.466570,0.962577,0.928719,-3.388811,0.076532,0.042126,,,-2.177341,,0.133858,0.373610,4.194768
200102,1239.94,16.0723,46.9600,-0.090952,-0.092131,0.0710,0.0787,0.0549,0.0191,0.0127,0.0488,0.003800,0.012962,0.011766,0.037873,0.342256,0.156070,0.006100,0.007700,-0.006400,0.003998,,-0.006856,0.002528,,,-0.0022728464,,29.880232,0.009639,42.291900,,-1.957918,,,0.108151,-0.044375,,,-0.462234,-0.059934,-0.002149,0.408468,0.321457,0.927912,0.895274,-3.323264,0.073337,0.069228,,,-2.413474,,0.125164,0.187226,3.979858
200103,1160.33,15.9730,45.4400,-0.063706,-0.064587,0.0698,0.0784,0.0559,-0.0074,-0.0029,0.0442,0.004200,0.013766,0.012882,0.039161,0.351518,0.133114,0.011700,0.008600,0.004500,0.002275,,-0.005213,0.007140,,,-0.0018640665,,26.800940,0.008229,13.278700,,-1.894474,,,0.104610,-0.035832,,,-0.239496,-0.034331,0.026588,0.421151,0.306967,0.873406,0.842685,-3.287809,0.066447,0.069828,,,-2.685336,,0.178039,0.353540,3.794164
200104,1249.46,15.8773,42.5567,0.077824,0.076981,0.0720,0.0807,0.0593,-0.0313,-0.0128,0.0387,0.003900,0.012707,0.013683,0.034060,0.373087,0.122497,0.020600,0.008700,0.018500,0.003973,,-0.002543,0.007426,,,-0.0010245789,,27.489777,0.007388,13.973300,,-1.768214,,,0.099528,0.080015,,,-0.478492,-0.050327,0.043707,0.434296,0.363111,0.949104,0.915720,-3.429753,0.050340,0.055168,,,-2.685336,,0.276028,0.480674,4.036676
200105,1255.82,15.7817,39.6733,0.006859,0.005330,0.0729,0.0807,0.0594,0.0037,0.0132,0.0362,0.003200,0.012567,0.012631,0.031592,0.397790,0.120510,0.023200,0.007800,0.009500,0.004522,,-0.000248,0.002536,,,-0.0011840987,,23.787024,0.007847,23.624000,,-1.776986,,,0.093260,-0.003160,,,-0.652038,-0.045234,0.051096,0.430425,0.384651,0.962429,0.930816,-3.507362,0.044244,0.043235,,,-1.634822,,0.302468,0.553302,3.973310
200106,1224.42,15.6860,36.7900,-0.024505,-0.025183,0.0718,0.0797,0.0590,0.0085,0.0055,0.0349,0.002800,0.012811,0.012491,0.030047,0.426366,0.125209,0.024100,0.007900,-0.003000,0.001688,,0.005041,0.001508,,,-0.0015922058,,11.538561,0.005198,12.712300,,-1.796169,,,0.086488,-0.071152,,,-0.509166,-0.040120,0.039929,0.423027,0.509753,0.926307,0.895881,-3.556450,0.042828,0.033664,,,-1.368067,,0.265809,0.599302,3.882931
200107,1211.23,15.7027,33.9633,-0.009317,-0.010248,0.0713,0.0797,0.0561,0.0376,0.0361,0.0351,0.003000,0.012964,0.012825,0.028040,0.462342,0.124967,0.021000,0.008400,-0.001500,-0.002809,,0.007914,0.002900,,,-0.0020270501,,21.265865,0.007917,23.057600,,-1.786418,,,0.078590,0.012514,,,-0.622379,-0.053067,0.045097,0.447809,0.510083,0.928108,0.897622,-3.625183,0.044148,0.039393,,,-2.421108,,0.211925,0.666422,3.967291
200108,1133.58,15.7193,31.1367,-0.063435,-0.064933,0.0702,0.0785,0.0546,0.0206,0.0156,0.0336,0.003100,0.013867,0.012978,0.027468,0.504850,0.132164,0.021000,0.008300,-0.005000,0.000000,,0.009918,0.002222,,,-0.0026412673,,28.230288,0.006418,34.039100,,-1.605968,,,0.075972,-0.001873,,,-0.481247,-0.050045,0.002290,0.445517,0.532803,0.877564,0.848739,-3.643254,0.041767,0.052665,,,-2.685336,,0.207179,0.665924,3.807610
200109,1040.94,15.7360,28.3100,-0.080361,-0.081352,0.0717,0.0803,0.0542,0.0081,-0.0152,0.0264,0.002800,0.015117,0.013882,0.027197,0.555846,0.148629,0.027800,0.008600,-0.023300,0.004507,,0.008653,0.007168,,,-0.001822915,,40.542580,0.007333,35.721000,,-1.854936,,,0.069429,-0.120450,,,-0.462858,-0.060007,0.094565,0.422674,0.547722,0.780351,0.754719,-3.650880,0.043320,0.087375,,,-2.685336,,0.278843,0.797877,3.657650
200110,1059.78,15.7373,27.1033,0.019540,0.018546,0.0703,0.0791,0.0506,0.0464,0.0437,0.0216,0.002200,0.014850,0.015118,0.025574,0.580642,0.144901,0.029000,0.008800,-0.002700,-0.003365,,0.010749,0.003250,,,-0.0013347395,,56.236618,0.011211,58.344300,,-1.725601,,,0.065222,-0.095563,,,-0.539025,-0.008811,-0.023815,0.431268,0.506890,0.800424,0.774133,-3.710846,0.046045,0.093754,,,-2.685336,,0.270105,0.771079,3.788428
200111,1139.45,15.7387,25.8967,0.078787,0.077259,0.0697,0.0781,0.0553,-0.0471,-0.0188,0.0187,0.001700,0.013813,0.014851,0.022727,0.607749,0.133481,0.036600,0.008400,0.028300,-0.001688,,0.011162,0.002189,,,-0.0010598798,,26.088465,0.005104,25.172800,,-1.668005,,,0.057699,-0.082075,,,-0.689895,-0.059324,0.019561,0.437626,0.508374,0.868904,0.840363,-3.829638,0.044701,0.046080,,,-2.439266,,0.279667,0.780572,3.679569
200112,1148.08,15.7400,24.6900,0.009051,0.007849,0.0677,0.0805,0.0575,-0.0183,-0.0090,0.0169,0.001500,0.013710,0.013814,0.021505,0.637505,0.131218,0.040600,0.012800,0.009300,-0.003946,,0.013465,0.001798,,,-0.0013361672,,31.290174,0.005025,35.787300,,-1.764758,,,0.055818,0.025694,,,-0.873857,-0.062351,-0.009783,0.442055,0.522040,0.883892,0.854859,-3.889095,0.039276,0.045047,,,-1.370594,,0.213865,0.797873,3.592093
200201,1130.20,15.7367,24.6933,-0.014324,-0.015320,0.0655,0.0787,0.0569,0.0138,0.0175,0.0165,0.001400,0.013924,0.013707,0.021849,0.637284,0.132561,0.040400,0.013200,0.003700,0.002264,,0.011191,0.002184,,,-0.0020042449,,16.062216,0.004740,20.895600,,-1.820521,,,0.061001,-0.012525,,,-0.579415,-0.068673,0.056013,0.428195,0.503644,0.874940,0.846201,-3.872788,0.038633,0.039397,,,-1.368067,,0.220667,0.796275,3.632854
200202,1106.73,15.7333,24.6967,-0.019481,-0.020973,0.0651,0.0789,0.0563,0.0115,0.0130,0.0172,0.001300,0.014216,0.013921,0.022315,0.637063,0.130119,0.039100,0.013800,0.001500,0.003953,,0.012499,0.002568,,,-0.0018207545,,16.351425,0.005545,19.419300,,-1.794809,,,0.059670,0.105023,,,-0.623635,-0.014780,0.006883,0.436715,0.484538,0.891357,0.862079,-3.850429,0.043870,0.040675,,,-2.156656,,0.245133,0.899607,3.608661
200203,1147.39,15.7300,24.7000,0.037572,0.036690,0.0681,0.0811,0.0604,-0.0436,-0.0295,0.0179,0.001300,0.013709,0.014213,0.021527,0.636842,0.236833,0.042500,0.013000,0.014100,0.005624,,0.013759,0.002015,,,-0.0022385902,,10.318050,0.003863,11.504600,,-1.862549,,,0.065440,0.203398,,,-0.604672,-0.037953,0.037588,0.443358,0.491615,0.917623,0.887483,-3.889895,0.042057,0.026665,,,-1.088864,,0.267918,0.929776,3.589833
200204,1076.92,15.8330,25.3800,-0.061001,-0.061826,0.0676,0.0803,0.0575,0.0410,0.0253,0.0171,0.001500,0.014702,0.013799,0.023567,0.623838,0.247732,0.040400,0.012700,-0.015700,0.005593,,0.015107,0.002320,,,-0.0020475182,,20.508438,0.005870,24.661300,,-1.862691,,,0.068873,0.042350,,,-0.479642,-0.044672,0.032505,0.465506,0.496638,0.877253,0.848438,-3.798687,0.043667,0.041228,,,-2.129701,,0.269032,0.965645,3.496831
200205,1067.14,15.9360,26.0600,-0.007800,-0.009438,0.0675,0.0809,0.0578,0.0015,0.0113,0.0173,0.001400,0.014933,0.014798,0.024420,0.611512,0.248256,0.040500,0.013400,0.009800,0.000000,,0.022277,0.004102,,,-0.002141779,,16.374939,0.004467,14.573200,,-1.849393,,,0.071449,-0.071376,,,-0.399440,-0.043569,0.082581,0.468406,0.476486,0.888099,0.846649,-3.762649,0.039165,0.035822,,,-2.685336,,0.290056,0.819511,3.513341
200206,989.81,16.0390,26.7400,-0.071349,-0.072611,0.0663,0.0795,0.0566,0.0187,0.0073,0.0170,0.001300,0.016204,0.015030,0.027015,0.599813,0.266573,0.039600,0.013200,-0.011400,0.000556,,0.027523,0.003708,,,-0.0026067905,,15.332964,0.005035,15.573300,,-1.923766,,,0.078233,0.055972,,,-0.321888,-0.072414,0.059024,0.447961,0.484855,0.869115,0.788474,-3.659476,0.043719,0.057630,,,-2.685336,,0.310607,0.898160,3.606390
200207,911.62,15.9590,27.8400,-0.073987,-0.075074,0.0653,0.0790,0.0544,0.0303,0.0094,0.0168,0.001500,0.017506,0.016123,0.030539,0.573240,0.282032,0.037600,0.013700,-0.020900,0.001112,,0.028441,0.015343,,,-0.0024205352,,14.802562,0.009783,-21.896700,,-2.090772,,,0.076485,0.008585,,,-0.243559,-0.023807,0.076499,0.452625,0.493893,0.821475,0.745253,-3.534201,0.040612,0.090944,,,-2.685336,,0.422387,0.996470,3.411661
200208,916.07,15.8790,28.9400,0.007061,0.005401,0.0637,0.0758,0.0510,0.0464,0.0452,0.0162,0.001400,0.017334,0.017418,0.031591,0.548687,0.284412,0.034800,0.012100,-0.001200,0.003331,,0.024748,0.009409,,,-0.0029084989,,44.092201,0.008350,29.556000,,-1.913632,,,0.073951,0.072169,,,-0.214394,-0.016762,0.024863,0.459700,0.488810,0.814602,0.739019,-3.496586,0.040157,0.091700,,,-2.685336,,0.462108,1.041815,3.280654
200209,815.29,15.7990,30.0400,-0.108965,-0.110421,0.0615,0.0740,0.0480,0.0417,0.0330,0.0163,0.001400,0.019378,0.017246,0.036846,0.525932,0.324555,0.031700,0.012500,-0.008700,0.001660,,0.029299,0.007366,,,-0.0032126151,,59.435001,0.010980,80.610800,,-1.973555,,,0.073381,0.055920,,,-0.294498,-0.063366,-0.060483,0.455005,0.479583,0.713846,0.647611,-3.338984,0.039830,0.137213,,,-2.685336,,0.483693,1.057862,3.291551
200210,885.76,15.8907,29.2233,0.088599,0.087103,0.0632,0.0773,0.0508,-0.0294,-0.0240,0.0158,0.001400,0.017940,0.019491,0.032992,0.543766,0.293437,0.035000,0.014100,0.005400,0.001657,,0.025671,0.011590,,,-0.0037533659,,35.707058,0.008933,-0.097000,,-1.948356,,,0.069882,-0.111474,,,-0.063014,-0.051345,0.020106,0.462414,0.460522,0.789547,0.716288,-3.450122,0.038401,0.085892,,,-2.685336,,0.470235,1.117057,3.292937
200211,936.31,15.9823,28.4067,0.059019,0.057288,0.0631,0.0762,0.0521,-0.0122,0.0130,0.0123,0.001200,0.017069,0.018044,0.030339,0.562626,0.276975,0.039800,0.013100,0.025200,0.000000,,0.022908,0.004449,,,-0.0041663869,,38.143787,0.004966,31.682900,,-1.912268,,,0.074058,-0.011405,,,-0.005782,-0.048571,0.027778,0.448779,0.462761,0.836472,0.758859,-3.535024,0.043630,0.068040,,,-2.167405,,0.423099,1.094415,3.390608
200212,879.82,16.0740,27.5900,-0.058834,-0.060464,0.0621,0.0745,0.0484,0.0507,0.0361,0.0119,0.001100,0.018270,0.017167,0.031359,0.582602,0.295386,0.036500,0.012400,-0.014600,-0.002206,,0.025736,0.002640,,,-0.0041443054,,42.968784,0.008218,43.327800,,-1.748816,,,0.067074,0.161518,,,-0.126108,-0.046085,0.069880,0.470561,0.468309,0.784338,0.711562,-3.501773,0.041722,0.072329,,,-2.149246,,0.383449,1.034999,3.366038
200301,855.70,16.1240,28.5000,-0.026579,-0.027860,0.0617,0.0735,0.0495,-0.0106,0.0021,0.0117,0.001000,0.018843,0.018326,0.033306,0.565754,0.305942,0.037800,0.011800,0.012700,0.004422,,0.028289,0.005168,,,,,45.956982,0.010049,55.730500,,-1.865982,,,0.074157,0.073694,,,-0.093129,-0.034079,0.030990,0.468567,0.464388,0.757275,0.687010,-3.441717,0.037047,0.085634,,,-2.421108,,0.388321,0.973005,3.354772
200302,841.15,16.1740,29.4100,-0.015246,-0.017225,0.0595,0.0706,0.0472,0.0329,0.0264,0.0117,0.000900,0.019228,0.018901,0.034964,0.549949,0.312251,0.035500,0.011100,-0.006500,0.007705,,0.027919,0.002564,,,,,42.992195,0.005471,46.522700,,-1.731456,,,0.073945,0.096986,,,-0.204489,-0.016971,0.060134,0.471706,0.478175,0.741974,0.673129,-3.391694,0.028759,0.080074,,,-2.685336,,0.425846,1.107162,3.308221
200303,848.18,16.2240,30.3200,0.010308,0.008967,0.0589,0.0695,0.0486,-0.0135,-0.0080,0.0113,0.001000,0.019128,0.019288,0.035747,0.535092,0.286118,0.037300,0.010600,0.005500,0.006008,,0.024099,0.006136,,,,,35.907288,0.005863,34.746900,,-1.737883,,,0.069918,-0.152884,,,-0.088127,-0.031612,0.004931,0.483051,0.498527,0.769826,0.681749,-3.368677,0.025590,0.079002,,,-2.685336,,0.505464,1.249240,3.341920
200304,916.92,16.2043,31.7300,0.082774,0.081462,0.0574,0.0685,0.0481,0.0102,0.0229,0.0113,0.001000,0.017673,0.019105,0.034605,0.510694,0.269654,0.036800,0.011100,0.012700,-0.002172,,0.019967,0.003065,,,,,15.884294,0.005503,12.860100,,-1.755336,,,0.062552,-0.162171,,,-0.295355,-0.025357,0.017745,0.483306,0.490118,0.819089,0.723373,-3.402594,0.027468,0.040498,,,-0.539463,,0.490589,1.351033,3.306588
200305,963.59,16.1847,33.1400,0.053251,0.051508,0.0522,0.0638,0.0436,0.0592,0.0471,0.0107,0.000900,0.016796,0.017651,0.034392,0.488373,0.258376,0.032900,0.011600,-0.012100,-0.001632,,0.006448,0.002228,,,,,14.117106,0.003609,14.804900,,-1.736854,,,0.060892,0.133001,,,-0.355187,-0.026479,0.031142,0.457266,0.471769,0.891691,0.754950,-3.405002,0.031868,0.034238,,,0.816994,,0.460801,1.316286,3.293855
200306,974.51,16.1650,34.5500,0.012816,0.011351,0.0497,0.0619,0.0452,-0.0154,-0.0143,0.0092,0.001000,0.016588,0.016776,0.035454,0.467873,0.254488,0.036000,0.012200,0.001100,0.001090,,0.001262,0.001998,,,,,12.083601,0.003243,14.391900,,-1.882416,,,0.060785,0.019959,,,-0.269576,-0.021450,-0.010740,0.439065,0.325636,0.957987,0.766481,-3.372285,0.034326,0.035242,,,0.816994,,0.368189,1.271452,3.185934
200307,990.31,16.3053,35.8933,0.017932,0.016505,0.0549,0.0662,0.0542,-0.0982,-0.0881,0.0090,0.000700,0.016465,0.016732,0.036245,0.454272,0.247643,0.045200,0.011300,0.010100,0.001089,,0.000272,0.002046,,,,,9.206808,0.004521,9.903600,,-1.789256,,,0.064531,0.013599,,,-0.327295,-0.034651,0.042124,0.442004,0.349893,0.990430,0.787667,-3.356495,0.036580,0.035070,,,1.052260,,0.346143,1.442122,3.203597
200308,1008.01,16.4457,37.2367,0.019597,0.018014,0.0588,0.0701,0.0532,0.0166,0.0219,0.0095,0.000700,0.016315,0.016607,0.036941,0.441652,0.242856,0.043700,0.011300,0.005300,0.003806,,0.002917,0.000966,,,,,14.443665,0.003791,15.200800,,-1.565672,,,0.060971,0.039267,,,-0.367755,-0.018074,0.034917,0.442163,0.348484,0.998613,0.803193,-3.341978,0.032507,0.029726,,,1.052260,,0.320344,1.294139,3.285873
200309,995.97,16.5860,38.5800,-0.010737,-0.012107,0.0572,0.0679,0.0490,0.0546,0.0503,0.0094,0.000800,0.016653,0.016454,0.038736,0.429912,0.246542,0.039600,0.010700,-0.004300,0.003250,,0.007323,0.001869,,,,,22.258223,0.005970,30.559500,,-1.803617,,,0.066026,-0.080919,,,-0.406154,-0.018865,0.026194,0.418175,0.345308,0.960238,0.791186,-3.292797,0.032044,0.045473,,,1.052260,,0.320190,1.215274,3.289668
200310,1050.71,16.8523,41.9667,0.055560,0.053970,0.0570,0.0673,0.0518,-0.0283,-0.0203,0.0092,0.000700,0.016039,0.016921,0.039941,0.401565,0.233309,0.042600,0.010300,0.008000,-0.001080,,0.007211,0.001408,,,,,8.700280,0.002960,6.839800,,-1.737272,,,0.065889,0.001713,,,-0.299242,0.009638,0.008065,0.416802,0.341086,0.998791,0.836060,-3.262351,0.029218,0.022251,,,1.052260,,0.299130,1.237118,3.333079
200311,1058.20,17.1187,45.3533,0.009259,0.007606,0.0565,0.0666,0.0519,-0.0027,0.0052,0.0093,0.000700,0.016177,0.016292,0.042859,0.377451,0.233754,0.042600,0.010100,0.007900,-0.002703,,0.010001,0.000920,,,,,10.985224,0.002946,13.573400,,-1.861440,,,0.071208,0.037278,,,-0.100978,-0.008681,0.054464,0.439505,0.338893,0.992291,0.834469,-3.191942,0.027511,0.023238,,,1.052260,,0.296932,1.173595,3.298719
200312,1111.92,17.3850,48.7400,0.051780,0.050107,0.0562,0.0660,0.0511,0.0139,0.0139,0.0090,0.000800,0.015635,0.016429,0.043834,0.356689,0.218740,0.042100,0.009800,0.000000,-0.001084,,0.006946,0.000894,,,,,16.923622,0.003586,20.793800,,-1.848346,,,0.070144,0.071876,,,-0.078260,-0.000854,0.013805,0.412256,0.334616,1.000000,0.891746,-3.169157,0.025328,0.029296,,,1.052260,,0.244238,1.156819,3.525580
200401,1131.13,17.5980,49.8267,0.019078,0.017991,0.0554,0.0644,0.0499,0.0187,0.0187,0.0088,0.000700,0.015558,0.015827,0.044050,0.353184,0.218028,0.041100,0.009000,0.000000,0.004883,,0.006887,0.000979,,,,,9.070396,0.003507,14.086000,,-1.955987,,,0.070309,0.019994,,,-0.054459,-0.009529,0.055347,0.391864,0.323304,0.979964,0.894659,-3.163084,0.023908,0.022976,,,1.052260,,0.232106,1.182378,3.395043
200402,1144.94,17.8110,50.9133,0.014403,0.012716,0.0550,0.0627,0.0483,0.0230,0.0178,0.0093,0.000600,0.015556,0.015746,0.044468,0.349830,0.216053,0.039000,0.007700,-0.005200,0.005400,,0.009361,0.000611,,,,,6.797552,0.002247,9.872800,,-1.999025,,,0.074971,0.088058,,,0.046601,-0.006453,0.063375,0.418229,0.325073,0.985678,0.902835,-3.152972,0.024721,0.017592,,,1.052260,,0.205085,1.175043,3.387459
200403,1126.21,18.0240,52.0000,-0.014982,-0.016267,0.0533,0.0611,0.0474,0.0141,0.0118,0.0094,0.000900,0.016004,0.015742,0.046173,0.346615,0.281731,0.038000,0.007800,-0.002300,0.006445,,0.012282,0.001981,,,,,10.093694,0.003774,9.446200,,-2.039099,,,0.069614,-0.009146,,,0.036225,0.010285,0.038804,0.426142,0.343093,0.964611,0.883538,-3.112954,0.024431,0.024304,,,1.052260,,0.279831,1.233396,3.496390
200404,1107.30,18.2167,53.3833,-0.015584,-0.016719,0.0573,0.0646,0.0531,-0.0588,-0.0534,0.0094,0.000800,0.016451,0.016175,0.048210,0.341243,0.285372,0.043700,0.007300,0.005400,0.003202,,0.013766,0.001231,,,,,8.945021,0.003185,13.442700,,-2.019828,,,0.071977,0.043636,,,0.082690,-0.007021,0.021507,0.446393,0.329671,0.952305,0.872267,-3.074762,0.024495,0.025071,,,1.052260,,0.299338,1.331226,3.505003
200405,1120.68,18.4093,54.7667,0.013629,0.012024,0.0604,0.0675,0.0539,-0.0051,-0.0071,0.0102,0.000600,0.016427,0.016625,0.048869,0.336141,0.286412,0.043700,0.007100,-0.002000,0.005851,,0.016330,0.000978,,,,,8.014761,0.002628,5.240300,,-1.810153,,,0.077834,0.069418,,,0.078571,-0.011980,0.006471,0.418785,0.329951,0.948848,0.869101,-3.064729,0.023059,0.020748,,,1.052260,,0.330601,1.374726,3.484782
200406,1140.84,18.6020,56.1500,0.019488,0.018019,0.0601,0.0678,0.0532,0.0121,0.0093,0.0127,0.000800,0.016306,0.016599,0.049218,0.331291,0.279632,0.040500,0.007700,-0.002800,0.003173,,0.014491,0.000771,,,,,6.833077,0.003478,10.663100,,-1.875967,,,0.068665,-0.074687,,,0.169915,-0.007850,0.010542,0.406129,0.347505,0.971854,0.890173,-3.057709,0.024670,0.017639,,,1.052260,,0.276379,1.455498,3.553241
200407,1101.72,18.7890,56.6900,-0.032954,-0.034111,0.0582,0.0662,0.0523,0.0155,0.0184,0.0133,0.001000,0.017054,0.016469,0.051456,0.331434,0.287788,0.039000,0.008000,0.002900,-0.001581,,0.014721,0.000777,,,,,7.298367,0.003435,10.053300,,-1.955118,,,0.074776,0.184182,,,0.213820,0.008288,0.022846,0.432738,0.341566,0.944309,0.864943,-3.011047,0.025977,0.019466,,,0.783645,,0.242845,1.452400,3.431836
200408,1104.24,18.9760,57.2300,0.003807,0.002019,0.0565,0.0646,0.0493,0.0395,0.0395,0.0148,0.001100,0.017185,0.017224,0.051828,0.331574,0.286821,0.034500,0.008100,0.000000,0.000528,,0.014279,0.001443,,,,,9.262615,0.002459,10.431800,,-1.927723,,,0.074119,-0.034081,,,0.346063,-0.031687,-0.013830,0.428101,0.355846,0.947495,0.867861,-3.001744,0.026637,0.020537,,,0.228010,,0.273515,1.474065,3.249254
200409,1114.58,19.1630,57.7700,0.010817,0.009347,0.0546,0.0627,0.0488,0.0096,0.0101,0.0165,0.001100,0.017193,0.017354,0.051831,0.331712,0.289485,0.032300,0.008100,0.000500,0.002111,,0.009132,0.000706,,,,,5.377908,0.003633,9.026200,,-1.882949,,,0.074064,0.173573,,,0.351381,-0.008933,0.004080,0.428602,0.352394,0.938774,0.859873,-3.000233,0.024504,0.015007,,,-0.042495,,0.262615,1.443999,3.227389
200410,1130.20,19.2560,58.0300,0.014973,0.013699,0.0547,0.0621,0.0478,0.0154,0.0164,0.0176,0.001100,0.017038,0.017276,0.051345,0.331828,0.291010,0.030200,0.007400,0.001000,0.005266,,0.007429,0.001230,,,,,10.323262,0.003344,14.121800,,-1.893309,,,0.081238,0.044794,,,0.168068,-0.033386,0.043315,0.437249,0.404032,0.933856,0.855369,-3.009372,0.021162,0.023747,,,0.510453,,0.298204,1.422067,3.193821
200411,1173.82,19.3490,58.2900,0.040559,0.035572,0.0552,0.0620,0.0502,-0.0234,-0.0200,0.0207,0.001500,0.016484,0.017120,0.049658,0.331944,0.279832,0.029500,0.006800,0.003400,0.000524,,0.012177,0.000857,,,,,4.535990,0.003858,6.687300,,-1.849584,,,0.082402,-0.050599,,,0.202912,0.002663,0.026847,0.461809,0.402837,0.971160,0.889537,-3.043634,0.022505,0.015786,,,1.052260,,0.258546,1.321909,3.333961
200412,1211.92,19.4420,58.5500,0.033734,0.032086,0.0547,0.0615,0.0484,0.0250,0.0257,0.0219,0.001600,0.016042,0.016563,0.048312,0.332058,0.270619,0.026500,0.006800,0.000700,-0.003665,,0.013002,0.000728,,,,,5.005804,0.003005,8.961800,,-1.810449,,,0.089025,-0.117982,,,0.210658,-0.014116,0.041348,0.444586,0.397337,0.993410,0.919818,-3.071510,0.022154,0.015169,,,1.052260,,0.257245,1.247113,3.294101
200501,1181.27,19.7030,59.1067,-0.023824,-0.024749,0.0536,0.0602,0.0465,0.0300,0.0277,0.0233,0.001600,0.016680,0.016258,0.050037,0.333346,0.278180,0.023200,0.006600,-0.002300,0.002102,,0.013545,0.000821,,,,,3.189023,0.003218,5.719300,,-1.938144,,,0.091306,0.112777,,,0.270228,-0.022899,0.040763,0.419327,0.400283,0.966410,0.894819,-3.036336,0.022518,0.013740,,,1.052260,,0.253469,1.251976,3.290524
200502,1203.60,19.9640,59.6633,0.021152,0.019015,0.0520,0.0582,0.0479,-0.0128,-0.0112,0.0254,0.001600,0.016587,0.016900,0.049571,0.334611,0.271041,0.022500,0.006200,0.001600,0.005768,,0.011758,0.000834,,,,,2.515531,0.003051,7.578300,,-1.858649,,,0.097234,0.072539,,,0.161853,-0.004955,0.032958,0.420793,0.391945,0.991864,0.918387,-3.045209,0.022230,0.014190,,,1.052260,,0.254206,1.370790,3.203083
200503,1180.59,20.2250,60.2200,-0.017240,-0.018729,0.0540,0.0606,0.0488,-0.0072,-0.0125,0.0274,0.002100,0.017131,0.016804,0.051008,0.335852,0.319857,0.021400,0.006600,-0.005300,0.007821,,0.009097,0.000860,,,,,6.571886,0.004343,8.757700,,-1.854882,,,0.094580,0.068792,,,0.314656,-0.045506,0.071041,0.453542,0.394544,0.960076,0.895997,-3.019782,0.022163,0.016893,,,1.052260,,0.263572,1.417137,3.229015
200504,1156.85,20.4583,61.2333,-0.018926,-0.020076,0.0533,0.0605,0.0461,0.0373,0.0327,0.0278,0.002100,0.017685,0.017329,0.052931,0.334105,0.329624,0.018300,0.007200,-0.004600,0.006725,,0.007936,0.001826,,,,,4.932277,0.004134,7.873300,,-2.014705,,,0.095433,-0.110468,,,0.305847,-0.032636,0.034704,0.445773,0.402789,0.931627,0.869447,-2.981249,0.022075,0.020550,,,0.003789,,0.306976,1.479514,3.215606
200505,1191.50,20.6917,62.2467,0.031994,0.030156,0.0515,0.0601,0.0440,0.0297,0.0295,0.0284,0.002400,0.017366,0.017886,0.052242,0.332414,0.320966,0.015600,0.008600,-0.000200,-0.001028,,0.004777,0.000859,,,,,5.238642,0.003763,6.820000,,-1.852807,,,0.095039,0.058537,,,0.528387,0.035483,0.015521,0.438275,0.395953,0.956760,0.892903,-2.992429,0.021385,0.014832,,,-0.000557,,0.312902,1.592731,3.375148
200506,1191.33,20.9250,63.2600,0.001717,0.000139,0.0496,0.0586,0.0429,0.0167,0.0141,0.0297,0.002300,0.017564,0.017562,0.053100,0.330778,0.326979,0.013200,0.009000,-0.002600,0.000514,,0.005366,0.000542,,,,,3.004058,0.004740,5.987400,,-1.799008,,,0.098237,0.087366,,,0.402970,0.048276,0.003417,0.439429,0.424437,0.939164,0.876481,-2.974793,0.022020,0.012369,,,-0.801239,,0.300176,1.547707,3.374221
200507,1234.18,21.1070,64.3300,0.037364,0.036163,0.0506,0.0595,0.0456,-0.0288,-0.0244,0.0322,0.002400,0.017102,0.017717,0.052124,0.328105,0.315734,0.013400,0.008900,0.004400,0.004627,,0.004480,0.000650,,,,,2.759788,0.003923,5.218600,,-1.910596,,,0.093780,0.072047,,,0.335670,-0.011778,0.037996,0.444567,0.405774,0.972612,0.907697,-2.995086,0.021757,0.011945,,,-0.265009,,0.235282,1.553202,3.443621
200508,1220.33,21.2890,65.4000,-0.009159,-0.011265,0.0509,0.0596,0.0432,0.0333,0.0233,0.0344,0.003000,0.017445,0.017250,0.053592,0.325520,0.320533,0.008800,0.008700,-0.010000,0.005118,,0.005405,0.000697,,,,,2.343653,0.005268,6.559100,,-1.851275,,,0.095752,0.130456,,,0.307502,0.016802,0.051039,0.448228,0.401215,0.958051,0.894107,-2.968072,0.020000,0.013536,,,-0.526934,,0.222301,1.551472,3.368370
200509,1228.81,21.4710,66.4700,0.008067,0.006916,0.0513,0.0603,0.0464,-0.0338,-0.0310,0.0342,0.002900,0.017473,0.017594,0.054093,0.323018,0.317892,0.012200,0.009000,0.002800,0.012220,,0.006716,0.000660,,,,,2.404744,0.004287,5.355900,,-1.864287,,,0.074910,-0.035262,,,0.337510,-0.002311,0.077542,0.429158,0.396642,0.966012,0.901537,-2.958193,0.019174,0.011892,,,-0.018939,,0.224189,1.567992,3.335754
200510,1207.01,21.7193,67.5900,-0.015672,-0.016697,0.0535,0.0630,0.0484,-0.0196,-0.0204,0.0371,0.002700,0.017994,0.017675,0.055998,0.321339,0.321808,0.011300,0.009500,-0.000800,0.002012,,0.005749,0.001818,,,,,6.652069,0.004721,7.058300,,-1.978387,,,0.085701,-0.096813,,,0.457352,0.011808,0.114842,0.431296,0.399451,0.954255,0.890565,-2.926075,0.017920,0.019249,,,-0.526934,,0.272205,1.664849,3.393502
200511,1249.48,21.9677,68.7100,0.038289,0.035675,0.0542,0.0639,0.0481,0.0076,0.0099,0.0388,0.003100,0.017581,0.018200,0.054991,0.319716,0.310914,0.009300,0.009700,0.002300,-0.008032,,0.005768,0.000540,,,,,3.097908,0.005579,6.825600,,-1.798398,,,0.095608,-0.041304,,,0.485267,0.059387,-0.004435,0.448258,0.414477,0.987690,0.921768,-2.944988,0.018748,0.013262,,,0.245289,,0.249433,1.618187,3.485560
200512,1248.29,22.2160,69.8300,-0.000060,-0.001396,0.0537,0.0632,0.0461,0.0267,0.0225,0.0389,0.003200,0.017797,0.017780,0.055941,0.318144,0.313478,0.007200,0.009500,-0.004200,-0.004049,,0.003059,0.000433,,,,,3.475762,0.004683,7.147600,,-1.816546,,,0.099494,0.065062,,,0.515907,0.033755,0.037942,0.457591,0.412614,0.979613,0.914230,-2.927196,0.017264,0.011822,,,-0.526934,,0.241339,1.567532,3.473042
200601,1280.08,22.4053,70.7767,0.026442,0.025424,0.0529,0.0624,0.0474,-0.0118,-0.0093,0.0424,0.003500,0.017503,0.017949,0.055291,0.316564,0.309226,0.005000,0.009500,0.002500,0.007622,,-0.000446,0.000975,,,,,3.666092,0.004767,6.987700,,-1.948347,,,0.099808,0.111366,,,0.401581,-0.003326,0.016363,0.406897,0.420023,0.983829,0.926800,-2.938400,0.021361,0.014793,,,0.245289,,0.191314,1.610376,3.491813
200602,1280.66,22.5947,71.7233,0.002425,0.000167,0.0535,0.0627,0.0457,0.0238,0.0128,0.0443,0.003400,0.017643,0.017651,0.056005,0.315025,0.305610,0.001400,0.009200,-0.011000,0.002017,,0.002038,0.000649,,,,,3.306879,0.005869,7.260300,,-1.889509,,,0.098971,-0.095638,,,0.426629,0.030116,0.037356,0.429218,0.416295,0.987092,0.937766,-2.927001,0.021010,0.013997,,,1.052260,,0.217270,1.587604,3.395014
200603,1294.87,22.7840,72.6700,0.012909,0.011511,0.0553,0.0641,0.0507,-0.0539,-0.0404,0.0451,0.003700,0.017596,0.017791,0.056121,0.313527,0.316009,0.005600,0.008800,0.013500,0.005536,,0.002152,0.000545,,,,,1.924380,0.004802,5.175800,,-1.883449,,,0.099969,0.079518,,,0.310029,0.057133,0.030216,0.427600,0.407785,0.981612,0.947653,-2.926357,0.023624,0.012747,,,1.052260,,0.218255,1.646175,3.420949
200604,1310.61,23.0017,73.2767,0.012064,0.010850,0.0584,0.0668,0.0532,-0.0247,-0.0224,0.0460,0.003600,0.017550,0.017764,0.055910,0.313902,0.308842,0.007200,0.008400,0.002300,0.008509,,-0.003473,0.000600,,,,,0.510575,0.004926,3.978200,,-2.018447,,,0.101750,0.083774,,,0.433271,0.027401,0.074405,0.430044,0.399355,0.998650,0.969646,-2.932701,0.020694,0.012121,,,1.052260,,0.194308,1.654113,3.360193
200605,1270.09,23.2193,73.8833,-0.028319,-0.030519,0.0595,0.0675,0.0535,0.0010,-0.0020,0.0472,0.004300,0.018282,0.017716,0.058172,0.314270,0.314340,0.006300,0.008000,-0.003000,0.004963,,-0.002657,0.001355,,,,,7.702732,0.007451,10.630600,,-2.094577,,,0.100758,-0.005292,,,0.413135,0.002775,-0.015183,0.422483,0.389169,0.959258,0.952685,-2.894193,0.022637,0.022797,,,1.052260,,0.236424,1.761148,3.472674
200606,1270.20,23.4370,74.4900,0.001587,0.000348,0.0589,0.0678,0.0531,0.0092,0.0039,0.0479,0.004000,0.018451,0.018453,0.058644,0.314633,0.314850,0.005200,0.008900,-0.005300,0.001975,,-0.002195,0.002103,,,,,3.927803,0.005634,0.071400,,-2.034160,,,0.102677,0.035284,,,0.515284,0.024449,0.094178,0.409042,0.349852,0.957705,0.951142,-2.886102,0.021813,0.015388,,,1.052260,,0.318922,1.959861,3.584823
200607,1276.66,23.6567,75.8500,0.005571,0.004510,0.0585,0.0676,0.0518,0.0199,0.0237,0.0495,0.004000,0.018530,0.018624,0.059413,0.311887,0.313852,0.002300,0.009100,0.003800,0.002957,,-0.002363,0.001452,,,,,6.784281,0.005945,8.500700,,-2.204487,,,0.100925,0.008385,,,0.566636,0.009506,0.068362,0.426433,0.350012,0.960750,0.954167,-2.872892,0.023359,0.019782,,,0.496625,,0.348355,1.548506,3.385648
200608,1303.82,23.8763,77.2100,0.024150,0.021679,0.0568,0.0659,0.0496,0.0299,0.0361,0.0496,0.004200,0.018313,0.018702,0.059218,0.309239,0.308462,0.000000,0.009100,0.006200,0.001966,,-0.008474,0.000469,,,,,4.392976,0.006742,4.099700,,-1.961568,,,0.104069,-0.056062,,,0.533667,-0.021425,0.057293,0.433782,0.341657,0.977539,0.970841,-2.874171,0.021428,0.012697,,,1.052260,,0.306255,1.705316,3.377594
200609,1335.85,24.0960,78.5700,0.026487,0.025296,0.0551,0.0643,0.0484,0.0170,0.0183,0.0481,0.004100,0.018038,0.018481,0.058816,0.306682,0.300593,0.000300,0.009200,0.001300,-0.004904,,-0.009493,0.000513,,,,,3.342976,0.005237,6.988500,,-1.933891,,,0.101176,-0.106280,,,0.598373,0.099427,0.004045,0.415214,0.352081,0.996639,0.996254,-2.879453,0.019668,0.012425,,,1.052260,,0.222101,1.747819,3.272154
200610,1377.94,24.3587,79.5500,0.032527,0.031420,0.0551,0.0642,0.0481,0.0077,0.0127,0.0492,0.004100,0.017678,0.018235,0.057731,0.306206,0.290599,-0.001100,0.009100,0.005000,-0.005421,,-0.008935,0.000451,,,,,1.557429,0.005106,5.402600,,-1.868496,,,0.098801,-0.066455,,,0.595533,0.020348,0.033665,0.432369,0.345840,0.993182,0.993182,-2.898175,0.017547,0.010462,,,1.052260,,0.141280,1.732277,3.307268
200611,1400.63,24.6213,80.5300,0.018385,0.015887,0.0533,0.0620,0.0467,0.0207,0.0246,0.0494,0.004200,0.017579,0.017868,0.057496,0.305741,0.287242,-0.002700,0.008700,0.003900,-0.001487,,-0.015111,0.000592,,,,,-0.225144,0.006304,4.334900,,-1.909732,,,0.097157,0.072377,,,0.498274,0.045977,0.032184,0.450814,0.340956,0.990227,0.990227,-2.901021,0.017672,0.010409,,,1.052260,,0.166567,1.591608,3.385662
200612,1418.30,24.8840,81.5100,0.013768,0.012294,0.0532,0.0622,0.0491,-0.0236,-0.0232,0.0485,0.004000,0.017545,0.017766,0.057470,0.305288,0.281682,0.000600,0.009000,0.000400,0.001489,,-0.015037,0.000358,,,,,3.177323,0.005268,6.959300,,-1.833495,,,0.106080,-0.033667,,,0.517401,0.032655,0.031500,0.449956,0.336683,0.996210,0.996210,-2.901079,0.018873,0.011479,,,1.052260,,0.164712,1.658475,3.518923
200701,1438.24,25.0873,82.0567,0.015313,0.014345,0.0540,0.0634,0.0502,-0.0102,-0.0051,0.0498,0.004400,0.017443,0.017688,0.057054,0.305732,0.278144,0.000400,0.009400,0.005100,0.003053,,-0.013987,0.000450,,,,,0.216578,0.005026,3.881300,,-1.911507,,,0.101476,-0.044043,,,0.684479,0.033459,0.040021,0.421739,0.359125,0.999994,0.999994,-2.910267,0.018065,0.009429,,,1.052260,,0.177001,1.954449,3.661030
200702,1406.82,25.2907,82.6033,-0.019288,-0.021598,0.0539,0.0628,0.0477,0.0335,0.0287,0.0503,0.003800,0.017977,0.017584,0.058716,0.306170,0.286148,-0.002600,0.008900,-0.004800,0.005350,,-0.015141,0.001477,,,,,2.363840,0.007041,12.832500,,-1.906729,,,0.109643,0.062059,,,0.679363,0.009051,-0.228505,0.431750,0.372256,0.959488,0.959488,-2.881157,0.018056,0.023341,,,1.052260,,0.273230,2.035012,3.391588
200703,1420.86,25.4940,83.1500,0.010894,0.009679,0.0530,0.0627,0.0493,-0.0145,-0.0231,0.0494,0.004300,0.017943,0.018122,0.058521,0.306603,0.269050,-0.000100,0.009700,-0.008600,0.009106,,-0.012486,0.001588,,,,,4.416194,0.005812,0.628100,,-2.014213,,,0.110214,0.067336,,,0.694049,0.030442,0.003787,0.443552,0.353691,0.966192,0.966192,-2.882962,0.017938,0.018700,,,1.052260,,0.359868,2.184254,3.325085
200704,1482.37,25.7193,83.7402,0.043991,0.042857,0.0547,0.0639,0.0489,0.0085,0.0140,0.0487,0.004400,0.017350,0.018101,0.056491,0.307132,0.254456,0.000200,0.009200,0.005500,0.006496,,-0.008912,0.000582,,,,,7.065283,0.005615,12.001300,,-1.875501,,,0.115711,-0.002426,,,0.698105,0.039868,0.051720,0.450590,0.349118,0.995577,0.995577,-2.919511,0.018735,0.018393,,,1.052260,,0.377942,2.194711,3.454824
200705,1530.62,25.9447,84.3305,0.034459,0.032154,0.0547,0.0639,0.0510,-0.0200,-0.0178,0.0473,0.004100,0.016950,0.017502,0.055096,0.307655,0.243911,0.003700,0.009200,0.002200,0.006111,,-0.010283,0.000697,,,,,4.403100,0.006763,7.800900,,-1.947584,,,0.115467,-0.026756,,,0.595965,0.012245,0.022317,0.445024,0.354286,0.999601,0.999601,-2.945091,0.019224,0.014478,,,1.052260,,0.308351,2.351901,3.442410
200706,1503.35,26.1700,84.9207,-0.016620,-0.017828,0.0579,0.0670,0.0521,-0.0091,-0.0148,0.0461,0.004000,0.017408,0.017098,0.056488,0.308170,0.247896,0.006000,0.009100,-0.005700,0.001938,,-0.011064,0.001472,,,,,5.929673,0.006273,10.636000,,-2.067563,,,0.114848,0.100750,,,0.557009,0.016352,0.022668,0.425850,0.347701,0.980426,0.980426,-2.923475,0.020029,0.022814,,,1.052260,,0.302283,2.512156,3.378670
200707,1455.27,26.4393,82.8141,-0.031197,-0.032283,0.0573,0.0665,0.0501,0.0284,-0.0032,0.0482,0.004000,0.018168,0.017587,0.056906,0.319261,0.251585,0.001900,0.009200,-0.031600,-0.000254,,-0.015262,0.002426,,,,,18.148926,0.009543,28.788600,,-2.157448,,,0.112456,0.109692,,,0.547226,0.035551,-0.017435,0.430163,0.359379,0.943686,0.943686,-2.915139,0.022251,0.050517,,,0.806190,,0.388405,2.561007,3.567171
200708,1473.99,26.7087,80.7074,0.015094,0.012859,0.0579,0.0665,0.0487,0.0199,0.0152,0.0420,0.004200,0.018120,0.018353,0.054754,0.330932,0.248840,0.006700,0.008600,-0.004700,-0.001834,,-0.012198,0.005134,,,,,17.801060,0.008483,-1.501600,,-2.555813,,,0.113192,-0.053964,,,0.536291,0.038389,0.021382,0.390270,0.373291,0.954096,0.954096,-2.950540,0.025219,0.047264,,,1.052260,,0.463602,2.684886,3.404076
200709,1526.75,26.9780,78.6007,0.037468,0.035923,0.0574,0.0659,0.0489,0.0012,0.0135,0.0389,0.003200,0.017670,0.018303,0.051482,0.343228,0.239207,0.010000,0.008500,0.012300,0.002756,,-0.013015,0.001868,,,,,13.575129,0.006829,11.916800,,-2.213898,,,0.114228,0.103541,,,0.396167,0.008501,0.064050,0.409513,0.380900,0.992516,0.992516,-3.010724,0.025740,0.028545,,,1.052260,,0.465329,2.594101,3.662644
200710,1549.38,27.2293,74.4607,0.017360,0.016292,0.0566,0.0648,0.0480,0.0155,0.0088,0.0390,0.003200,0.017574,0.017835,0.048058,0.365687,0.238617,0.009000,0.008200,-0.006700,0.002139,,-0.017955,0.001683,,,,,10.142141,0.008104,11.629500,,-2.058055,,,0.110224,0.153356,,,0.357030,0.025009,-0.007039,0.439263,0.395163,0.983443,0.983443,-3.079642,0.027804,0.029594,,,1.052260,,0.417189,2.536739,3.716285
200711,1481.14,27.4807,70.3207,-0.041382,-0.043582,0.0544,0.0640,0.0445,0.0468,0.0079,0.0327,0.003400,0.018554,0.017737,0.047477,0.390790,0.248580,0.011800,0.009600,-0.038900,0.005940,,-0.025159,0.005637,,,,,14.959748,0.007868,2.807100,,-2.505872,,,0.114368,-0.059048,,,0.434538,0.003906,0.029188,0.437166,0.395972,0.944028,0.944028,-3.088162,0.027107,0.046862,,,0.783645,,0.408765,2.541695,3.814775
200712,1468.36,27.7320,66.1807,-0.006116,-0.007903,0.0549,0.0665,0.0450,-0.0029,0.0028,0.0300,0.002700,0.018886,0.018723,0.045071,0.419034,0.250583,0.015000,0.011600,0.005700,-0.000671,,-0.040637,0.002345,,,,,25.319271,0.007704,18.136200,,-2.358381,,,0.113545,0.082957,,,0.619614,0.080578,-0.033481,0.441426,0.395986,0.936481,0.936481,-3.139694,0.026412,0.042799,,,-0.566559,,0.403755,2.581206,3.760651
200801,1378.55,27.9220,64.2507,-0.061166,-0.062332,0.0533,0.0654,0.0436,0.0213,0.0017,0.0275,0.002100,0.020255,0.019016,0.046607,0.434579,0.262754,0.016100,0.012100,-0.019600,0.004971,,-0.043178,0.004832,,,,,5.735699,0.008791,-24.168500,,-2.457629,,,0.111052,-0.044607,,,0.532625,0.043333,0.061600,0.397885,0.393283,0.893101,0.893101,-3.102712,0.026716,0.062595,,,-2.685336,,0.394399,2.635515,3.728843
200802,1330.63,28.1120,62.3207,-0.031419,-0.033693,0.0553,0.0682,0.0438,0.0018,-0.0071,0.0212,0.001300,0.021127,0.020392,0.046836,0.451086,0.270979,0.022600,0.012900,-0.008900,0.002904,,-0.049607,0.003226,,,,,27.955940,0.007997,26.232000,,-2.367352,,,0.105958,0.110287,,,0.499403,0.029039,-0.068127,0.421280,0.381914,0.865993,0.865993,-3.097831,0.029351,0.061118,,,-2.685336,,0.352287,2.535512,3.856882
200803,1322.70,28.3020,60.3907,-0.003400,-0.005054,0.0551,0.0689,0.0432,0.0106,-0.0059,0.0126,0.001700,0.021397,0.021270,0.045657,0.468648,0.254058,0.030600,0.013800,-0.016500,0.008668,,-0.051830,0.006338,,,,,27.432327,0.007108,3.210400,,-2.389392,,,0.101747,-0.002358,,,0.548620,0.049590,0.079980,0.454163,0.373534,0.865746,0.865746,-3.121093,0.032020,0.058141,,,-2.685336,,0.389729,2.619755,4.221584
200804,1385.59,28.4387,57.3838,0.048629,0.047490,0.0555,0.0697,0.0458,-0.0288,0.0091,0.0129,0.001800,0.020525,0.021500,0.041415,0.495587,0.243015,0.032900,0.014200,0.037900,0.006065,,-0.048844,0.002904,,,,,15.547883,0.006800,13.464200,,-2.121308,,,0.094117,0.119756,,,0.331315,0.010287,0.042132,0.451173,0.397292,0.905087,0.905087,-3.220258,0.032015,0.037671,,,-2.685336,,0.390858,2.531799,4.317626
200805,1400.38,28.5753,54.3769,0.012986,0.010708,0.0557,0.0693,0.0475,-0.0164,-0.0277,0.0173,0.001800,0.020405,0.020623,0.038830,0.525505,0.246511,0.030200,0.013600,-0.011300,0.008421,,-0.045461,0.001641,,,,,12.202509,0.004524,13.206900,,-2.033883,,,0.086888,0.120053,,,0.334440,0.010878,0.048537,0.442677,0.397023,0.892251,0.892251,-3.286625,0.029130,0.027413,,,-2.685336,,0.357037,2.436693,4.280037
200806,1280.00,28.7120,51.3700,-0.082842,-0.084569,0.0568,0.0707,0.0460,0.0220,-0.0061,0.0186,0.001700,0.022431,0.020503,0.040133,0.558925,0.274491,0.027400,0.013900,-0.028100,0.010077,,-0.047377,0.003425,,,,,24.663998,0.006665,24.155800,,-2.071483,,,0.083404,0.099018,,,0.268181,0.013804,0.016754,0.433128,0.468310,0.801298,0.801298,-3.255743,0.034405,0.050685,,,-2.685336,,0.298419,2.490551,4.672302
200807,1267.38,28.7593,49.5633,-0.007306,-0.008738,0.0567,0.0716,0.0465,-0.0025,-0.0109,0.0163,0.001500,0.022692,0.022468,0.039107,0.580254,0.273816,0.030200,0.014900,-0.008400,0.005251,,-0.046932,0.004466,,,,,18.047714,0.007227,2.866000,,-2.183946,,,0.078679,-0.112818,,,0.169336,-0.013604,0.062834,0.433881,0.454261,0.803276,0.803276,-3.280773,0.038158,0.044745,,,-2.685336,,0.271915,2.668360,3.965271
200808,1282.83,28.8067,47.7567,0.014955,0.012682,0.0564,0.0715,0.0449,0.0242,0.0121,0.0172,0.001300,0.022456,0.022729,0.037228,0.603197,0.269889,0.027700,0.015100,-0.012100,-0.003992,,-0.046333,0.003448,,,,,17.212015,0.005672,15.762900,,-2.199780,,,0.061713,-0.069421,,,0.090792,-0.012772,0.033277,0.450844,0.488256,0.814962,0.814962,-3.328868,0.041872,0.036772,,,-2.685336,,0.301374,2.470436,4.267466
200809,1166.36,28.8540,45.9500,-0.085467,-0.087287,0.0565,0.0731,0.0443,0.0112,-0.0863,0.0113,0.001500,0.024739,0.022492,0.039396,0.627943,0.287124,0.033000,0.016600,-0.097500,-0.001383,,-0.048923,0.023775,,,,,29.373299,0.013282,-9.470800,,-2.321456,,,0.015529,-0.128516,,,0.081016,-0.003492,-0.046231,0.432989,0.486276,0.766044,0.766044,-3.270325,0.045760,0.148673,,,-2.685336,,0.461480,2.286937,3.702697
200810,968.75,28.6983,35.5933,-0.166980,-0.168455,0.0628,0.0888,0.0478,-0.0383,-0.0450,0.0067,0.000800,0.029624,0.024605,0.036742,0.806284,0.334099,0.041100,0.026000,-0.006700,-0.010101,,-0.055954,0.058089,,,,,63.150711,0.024406,-218.563800,,-2.646921,,,0.024288,-0.323734,,,0.076414,-0.069620,0.158765,0.402220,0.493424,0.679317,0.658335,-3.341240,0.047144,0.283216,,,-2.685336,,0.616792,1.818874,3.532017
200811,896.24,28.5427,25.2367,-0.073512,-0.076514,0.0612,0.0921,0.0372,0.1443,0.1174,0.0019,0.000300,0.031847,0.029463,0.028158,1.131000,0.352867,0.035300,0.030900,-0.026900,-0.019153,,-0.052780,0.036257,,,,,99.205353,0.021804,8.306000,,-2.510216,,,0.009870,-0.189280,,,0.083509,-0.078632,0.115169,0.425603,0.513173,0.643186,0.623320,-3.604602,0.052872,0.262477,,,-2.685336,,0.647684,1.510115,3.360168
200812,903.25,28.3870,14.8800,0.011995,0.009229,0.0505,0.0843,0.0303,0.0967,0.1560,0.0003,0.000000,0.031428,0.031673,0.016474,1.907728,0.354984,0.030000,0.033800,0.059300,-0.010342,,-0.024498,0.020090,,,,,84.764015,0.015547,-11.345700,,-2.138056,,,-0.019860,-0.289078,,,0.106860,-0.088068,-0.036853,0.434046,0.512506,0.672098,0.619603,-4.129893,0.049283,0.128690,,,-2.685336,,0.652041,1.474684,4.284431
200901,825.88,28.0097,12.2067,-0.082615,-0.084039,0.0505,0.0814,0.0394,-0.1124,-0.0949,0.0013,0.000000,0.033915,0.031010,0.014780,2.294620,0.389393,0.038100,0.030900,0.017500,0.004352,,-0.025058,0.011971,,,,,93.488319,0.015097,70.822000,,-2.073560,,,-0.046241,0.063185,,,0.034062,-0.153249,-0.038881,0.418161,0.568698,0.612708,0.564852,-4.239355,0.055888,0.167191,,,-2.685336,,0.597145,1.191733,3.655910
200902,735.09,27.6323,9.5333,-0.103588,-0.107402,0.0527,0.0808,0.0401,-0.0056,-0.0308,0.0030,0.000100,0.037590,0.033458,0.012969,2.898497,0.441103,0.037100,0.028100,-0.025200,0.004973,,-0.024930,0.009961,,,,,72.313690,0.014703,77.816100,,-1.795892,,,-0.053462,0.057992,,,-0.002492,-0.166567,-0.035536,0.433328,0.608413,0.540881,0.498635,-4.373494,0.053004,0.184942,,,-2.685336,,0.506930,1.195841,3.729614
200903,797.87,27.2550,6.8600,0.087634,0.084154,0.0550,0.0842,0.0355,0.0641,-0.0018,0.0021,0.000200,0.034160,0.037077,0.008598,3.973032,0.446141,0.033400,0.029200,-0.065900,0.002432,,-0.037429,0.020364,,,,,83.318710,0.015555,31.003000,,-2.093216,,,-0.070356,0.125028,,,0.013698,-0.162300,0.036288,0.453420,0.602581,0.582693,0.537181,-4.784048,0.054960,0.166137,,,-2.685336,,0.498336,1.264709,3.767478
200904,872.81,26.7013,7.0767,0.094230,0.092550,0.0539,0.0839,0.0410,-0.0649,-0.0030,0.0016,0.000100,0.030592,0.033466,0.008108,3.773151,0.415597,0.039400,0.030000,0.061900,0.002496,,-0.030995,0.007551,,,,,59.499481,0.013106,38.955700,,-2.020318,,,-0.079791,0.013690,,,-0.160214,-0.123221,0.034198,0.424466,0.581603,0.625517,0.576660,-4.843794,0.054754,0.111486,,,-2.439266,,0.498821,1.208133,3.755024
200905,919.14,26.1477,7.2933,0.054640,0.051848,0.0554,0.0806,0.0432,-0.0248,0.0489,0.0018,0.000000,0.028448,0.029958,0.007935,3.585146,0.399355,0.041400,0.025200,0.073700,0.002889,,-0.024350,0.006381,,,,,31.152943,0.006248,21.961800,,-2.068825,,,-0.091047,0.316981,,,-0.230702,-0.093728,0.069392,0.433062,0.562186,0.672584,0.600114,-4.868848,0.056250,0.072564,,,-1.101979,,0.468049,0.919723,3.971048
200906,919.32,25.5940,7.5100,0.002476,0.000680,0.0561,0.0750,0.0429,0.0083,0.0350,0.0018,0.000100,0.027840,0.027846,0.008169,3.407989,0.401876,0.041100,0.018900,0.026700,0.008590,,-0.022097,0.003473,,,,,31.857018,0.007507,24.918600,,-1.750600,,,-0.095925,0.052933,,,-0.195442,-0.107030,0.029987,0.418931,0.364836,0.716920,0.596349,-4.843924,0.051599,0.058282,,,-0.281893,,0.345417,0.918161,4.326689
200907,987.48,25.0297,9.1867,0.074482,0.073101,0.0541,0.0709,0.0430,0.0019,0.0565,0.0018,0.000100,0.025347,0.027226,0.009303,2.724565,0.370126,0.041200,0.016800,0.054600,-0.001586,,-0.013782,0.003771,,,,,29.756847,0.005846,26.309900,,-1.793977,,,-0.085796,-0.008021,,,-0.348034,-0.084432,0.016384,0.437400,0.352783,0.778419,0.647505,-4.712384,0.041304,0.057366,,,0.816994,,0.367714,1.190950,4.357690
200908,1020.62,24.4653,10.8633,0.034751,0.032255,0.0526,0.0658,0.0415,0.0231,0.0235,0.0017,0.000100,0.023971,0.024776,0.010644,2.252102,0.357472,0.039800,0.013200,0.000400,0.002243,,-0.007921,0.002178,,,,,33.311047,0.006359,32.887000,,-1.869986,,,-0.075983,0.010251,,,-0.337273,-0.067378,-0.002088,0.460746,0.314568,0.823409,0.670427,-4.578043,0.040636,0.055611,,,0.816994,,0.360026,0.988118,4.464900
200909,1057.08,23.9010,12.5400,0.036534,0.034978,0.0513,0.0631,0.0403,0.0176,0.0273,0.0012,0.000100,0.022610,0.023418,0.011863,1.905981,0.349521,0.039100,0.011800,0.009700,0.000625,,-0.000014,0.001913,,,,,29.858633,0.006603,36.584400,,-1.809766,,,-0.068298,0.007003,,,-0.401955,-0.094032,0.027441,0.436340,0.288947,0.896705,0.685676,-4.467777,0.038207,0.056441,,,0.816994,,0.341999,0.932937,4.415440
200910,1036.19,23.4023,25.3500,-0.018259,-0.019458,0.0515,0.0629,0.0420,-0.0171,0.0016,0.0007,0.000000,0.022585,0.022139,0.024465,0.923169,0.349505,0.041300,0.011400,0.018700,0.000963,,0.003198,0.003898,,,,,43.838741,0.006125,54.972700,,-1.990410,,,-0.066692,0.093386,,,-0.424550,-0.074517,-0.007408,0.418161,0.307128,0.962401,0.685708,-3.743865,0.036946,0.081790,,,1.052260,,0.356742,0.875104,4.616566
200911,1095.63,22.9037,38.1600,0.060257,0.057607,0.0519,0.0632,0.0406,0.0208,0.0044,0.0005,0.000000,0.020905,0.022104,0.034829,0.600201,0.328149,0.040100,0.011300,-0.016400,0.000708,,0.007532,0.002001,,,,,26.101521,0.004572,24.633500,,-1.835099,,,-0.063446,0.001947,,,-0.704351,-0.100212,-0.002017,0.453492,0.315516,0.988575,0.730334,-3.390732,0.030182,0.050709,,,1.052260,,0.382748,0.863272,4.650184
200912,1115.10,22.4050,50.9700,0.018983,0.017346,0.0526,0.0637,0.0458,-0.0584,-0.0275,0.0005,0.000100,0.020092,0.020449,0.045709,0.439572,0.325531,0.045300,0.011100,0.030900,-0.001761,,0.010594,0.000933,,,,,25.883081,0.004747,25.778000,,-1.639104,,,-0.060474,0.028501,,,-0.826733,-0.114455,-0.017902,0.463348,0.322949,0.988580,0.736209,-3.120733,0.032611,0.039134,,,1.052260,,0.385914,0.921072,4.265622
201001,1073.87,22.2380,54.2900,-0.035751,-0.036781,0.0526,0.0625,0.0441,0.0264,0.0096,0.0006,0.000000,0.020708,0.019943,0.050555,0.409615,0.337195,0.043459,0.009900,-0.016811,0.003417,,0.013410,0.001992,,,,,23.600800,0.004851,35.802100,,-1.888283,,,-0.050708,-0.082378,,,-0.554431,-0.013831,-0.021321,0.421572,0.301133,0.938641,0.710742,-3.021305,0.030471,0.051049,,,1.052260,,0.342003,0.883480,4.175088
201002,1104.49,22.0710,57.6100,0.030424,0.028014,0.0535,0.0634,0.0441,0.0032,0.0039,0.0011,0.000000,0.019983,0.020553,0.052160,0.383111,0.328771,0.042971,0.009900,0.000726,0.000249,,0.013932,0.002373,,,,,13.458838,0.003313,8.927400,,-1.756974,,,-0.048033,0.094303,,,-0.502846,0.000809,-0.075352,0.422395,0.286538,0.962690,0.728952,-2.989678,0.030008,0.033151,,,1.052260,,0.376083,0.971490,5.049226
201003,1169.43,21.9040,60.9300,0.061014,0.059430,0.0527,0.0627,0.0458,-0.0179,0.0045,0.0015,0.000100,0.018730,0.019832,0.052102,0.359495,0.381878,0.044278,0.010000,0.022384,0.004106,,0.026390,0.000633,,,,,12.592733,0.003522,16.624400,,-1.624881,,,-0.042266,0.046789,,,-0.622798,-0.006048,0.042909,0.463095,0.276378,0.995344,0.766466,-2.991167,0.027421,0.025818,,,1.052260,,0.374266,1.011201,5.183884
201004,1186.69,21.9483,62.9867,0.015977,0.014957,0.0529,0.0625,0.0437,0.0304,0.0357,0.0016,0.000100,0.018495,0.018768,0.053078,0.348460,0.376606,0.042136,0.009600,0.005344,0.001737,,0.026651,0.001794,,,,,20.886282,0.004199,27.699200,,-1.831315,,,-0.039943,0.031396,,,-0.504794,-0.023947,-0.050217,0.459483,0.262366,0.982470,0.777196,-2.973777,0.030385,0.042127,,,1.052260,,0.375269,0.934496,5.177044
201005,1089.41,21.9927,65.0433,-0.080111,-0.082337,0.0496,0.0605,0.0407,0.0437,-0.0051,0.0016,0.000100,0.020188,0.018533,0.059705,0.338123,0.409003,0.039081,0.010900,-0.048787,0.000775,,0.025720,0.008108,,,,,33.552822,0.007540,-4.974100,,-2.222239,,,-0.027583,-0.140235,,,-0.516893,0.003016,0.137538,0.404995,0.256550,0.904650,0.715635,-2.851966,0.031133,0.083960,,,0.783645,,0.540799,0.920696,5.098826
201006,1030.71,22.0370,67.1000,-0.053525,-0.055115,0.0488,0.0623,0.0376,0.0446,0.0519,0.0012,0.000100,0.021380,0.020228,0.065101,0.328420,0.424177,0.036407,0.013500,0.007381,-0.000976,,0.018776,0.005592,,,,,63.366505,0.011249,59.389600,,-1.966595,,,-0.026791,0.021486,,,-0.579631,-0.018395,-0.041636,0.429098,0.362903,0.872289,0.690035,-2.763318,0.033965,0.099699,,,-0.572135,,0.602017,0.863740,4.832597
201007,1101.60,22.1423,68.6867,0.070451,0.068620,0.0472,0.0601,0.0377,0.0024,0.0170,0.0016,0.000100,0.020100,0.021483,0.062352,0.322367,0.396134,0.036058,0.012900,0.014542,0.000211,,0.015557,0.003349,,,,,21.241562,0.005294,14.957300,,-1.966635,,,-0.024052,0.043127,,,-0.588180,-0.030184,-0.013089,0.420863,0.354720,0.934039,0.738884,-2.804620,0.028221,0.046533,,,-0.597324,,0.627803,0.895963,4.800434
201008,1049.33,22.2477,70.2733,-0.045434,-0.047840,0.0449,0.0566,0.0327,0.0702,0.0473,0.0016,0.000100,0.021202,0.020196,0.066970,0.316588,0.413982,0.031108,0.011700,-0.022894,0.001381,,0.011218,0.002705,,,,,29.493845,0.006063,29.057300,,-1.828767,,,-0.021441,-0.087762,,,-0.573953,-0.004953,-0.012903,0.453419,0.359030,0.893770,0.707028,-2.730157,0.028035,0.059821,,,-1.914960,,0.553332,0.856164,4.521338
201009,1141.20,22.3530,71.8600,0.090383,0.088751,0.0453,0.0566,0.0341,-0.0153,-0.0144,0.0015,0.000100,0.019587,0.021302,0.062969,0.311063,0.384306,0.032563,0.011300,0.000935,0.000582,,0.003338,0.002337,,,,,24.993029,0.006176,28.268700,,-1.754599,,,-0.019541,0.111497,,,-0.524916,0.036178,0.056828,0.443190,0.355133,0.962786,0.761624,-2.791271,0.024681,0.044690,,,-0.592937,,0.500420,0.934047,4.487864
201010,1183.26,22.4783,73.6900,0.038726,0.037081,0.0468,0.0572,0.0367,-0.0317,-0.0203,0.0013,0.000100,0.018997,0.019697,0.062277,0.305039,0.372887,0.035416,0.010400,0.011464,0.001245,,0.007232,0.001080,,,,,21.889006,0.003716,22.648400,,-1.594801,,,-0.023418,0.018762,,,-0.405035,-0.006845,0.010114,0.445350,0.383332,0.992277,0.784953,-2.801244,0.026263,0.039119,,,0.788032,,0.439369,0.904069,4.831587
201011,1180.55,22.6037,75.5200,-0.000051,-0.002571,0.0487,0.0592,0.0380,-0.0137,-0.0057,0.0014,0.000100,0.019147,0.019103,0.063970,0.299307,0.376695,0.036626,0.010500,0.007999,0.000421,,0.014798,0.001738,,,,,25.609650,0.005279,26.816800,,-1.725272,,,-0.023584,0.032781,,,-0.240452,0.012137,0.028229,0.445124,0.370275,0.961722,0.777013,-2.776564,0.025924,0.047484,,,0.806190,,0.398954,0.805426,4.772921
201012,1257.64,22.7290,77.3500,0.067055,0.065249,0.0502,0.0610,0.0414,-0.0388,-0.0036,0.0014,0.000100,0.018073,0.019253,0.061504,0.293846,0.358100,0.039978,0.010800,0.035195,0.001718,,0.012612,0.000832,,,,,16.443985,0.003352,18.638300,,-1.508994,,,-0.014878,0.086305,,,0.059906,-0.019975,0.103825,0.457545,0.360383,0.999321,0.817359,-2.821022,0.026715,0.027065,,,1.052260,,0.336385,0.699699,4.692229
201101,1286.12,22.9630,78.6700,0.023349,0.022319,0.0504,0.0609,0.0432,-0.0196,-0.0198,0.0015,0.000100,0.017854,0.018259,0.061168,0.291890,0.348632,0.041700,0.010500,-0.000200,0.004763,,0.015368,0.000863,,,,,18.449362,0.002970,24.211200,,-1.743456,,,-0.018014,-0.004268,,,0.052766,0.013044,-0.045547,0.433327,0.344653,0.991835,0.839557,-2.827461,0.026809,0.032792,,,1.052260,,0.307520,0.608541,4.796369
201102,1327.22,23.1970,79.9900,0.032508,0.030251,0.0522,0.0615,0.0426,0.0113,0.0157,0.0013,0.000100,0.017478,0.018036,0.060269,0.289999,0.339097,0.041300,0.009300,0.004400,0.004931,,0.015918,0.001066,,,,,12.911728,0.002900,18.650800,,-1.747378,,,-0.023017,0.067150,,,0.077378,-0.020507,0.014065,0.447262,0.354037,0.986691,0.863166,-2.844114,0.024947,0.028801,,,1.052260,,0.233252,0.610681,4.392582
201103,1325.83,23.4310,81.3100,0.000625,-0.000867,0.0513,0.0603,0.0429,-0.0006,-0.0072,0.0010,0.000100,0.017673,0.017654,0.061328,0.288169,0.354270,0.041900,0.009000,-0.006600,0.009751,,0.012476,0.002347,,,,,13.791314,0.003470,-1.732900,,-1.910983,,,-0.013687,0.093615,,,0.132399,0.026839,0.016337,0.442354,0.369162,0.994228,0.869759,-2.825056,0.022437,0.026026,,,1.052260,,0.327014,0.647140,4.425464
201104,1363.61,23.7343,82.1633,0.029441,0.028358,0.0516,0.0602,0.0416,0.0199,0.0239,0.0006,0.000000,0.017406,0.017901,0.060254,0.288868,0.340697,0.041000,0.008600,0.004000,0.006439,,0.009380,0.000637,,,,,8.831087,0.002249,7.470700,,-1.676722,,,-0.017939,0.067803,,,0.213823,-0.012008,0.049150,0.443359,0.389465,1.000000,0.904410,-2.843197,0.020889,0.018558,,,1.052260,,0.332689,0.618144,4.726950
201105,1345.20,24.0377,83.0167,-0.011313,-0.013572,0.0496,0.0578,0.0391,0.0355,0.0257,0.0004,0.000000,0.017869,0.017628,0.061713,0.289552,0.347222,0.038700,0.008200,-0.009800,0.004704,,0.009117,0.000934,,,,,4.589796,0.002186,5.442100,,-1.791621,,,-0.017746,-0.094276,,,0.188702,0.015802,0.041740,0.448970,0.400842,0.981207,0.887413,-2.816465,0.020286,0.020532,,,1.052260,,0.348803,0.574120,4.360199
201106,1320.64,24.3410,83.8700,-0.016545,-0.018106,0.0499,0.0575,0.0409,-0.0179,-0.0210,0.0004,0.000000,0.018431,0.018095,0.063507,0.290223,0.351570,0.040500,0.007600,-0.003100,-0.001071,,0.011734,0.002295,,,,,9.273595,0.003047,5.364000,,-1.861572,,,-0.015733,-0.072055,,,0.162559,-0.016263,0.030185,0.456711,0.444389,0.969072,0.876439,-2.786163,0.018242,0.022288,,,0.272404,,0.355349,0.668478,4.223489
201107,1292.28,24.6210,84.9067,-0.019828,-0.020982,0.0493,0.0576,0.0378,0.0422,0.0473,0.0004,0.000000,0.019052,0.018643,0.065703,0.289977,0.359419,0.037400,0.008300,0.005100,0.000886,,0.012371,0.001831,,,,,27.209616,0.003653,36.582500,,-1.860722,,,-0.011823,0.003987,,,0.118218,-0.007720,0.016880,0.457136,0.456636,0.947910,0.857299,-2.752170,0.018728,0.059166,,,-0.795548,,0.411824,0.598707,4.263261
201108,1218.89,24.9010,85.9433,-0.054323,-0.056735,0.0437,0.0536,0.0315,0.0862,0.0240,0.0002,0.000100,0.020429,0.019269,0.070510,0.289737,0.375813,0.031300,0.009900,-0.062200,0.002758,,0.012727,0.019222,,,,,31.088255,0.009258,-38.614800,,-2.429982,,,-0.006094,-0.071802,,,0.060942,0.032859,-0.034169,0.413711,0.447736,0.906561,0.819902,-2.674747,0.022229,0.084949,,,-1.912064,,0.698998,0.668419,4.138358
201109,1131.42,25.1810,86.9800,-0.070238,-0.071739,0.0409,0.0527,0.0265,0.0704,0.0575,0.0001,0.000000,0.022256,0.020659,0.076877,0.289503,0.399923,0.026400,0.011800,-0.012900,0.001518,,0.013049,0.006916,,,,,78.666977,0.013020,77.296600,,-2.237052,,,-0.007918,-0.078144,,,0.158251,-0.013415,-0.008292,0.407624,0.466413,0.851906,0.770472,-2.585157,0.026651,0.153585,,,-2.685336,,0.707789,0.817770,4.297690
201110,1253.30,25.5957,86.9700,0.109014,0.107554,0.0398,0.0537,0.0291,-0.0306,0.0094,0.0002,0.000000,0.020423,0.022623,0.069393,0.294305,0.365078,0.028900,0.013900,0.040000,-0.002063,,0.007893,0.007401,,,,,28.180676,0.006697,19.883100,,-2.285695,,,-0.001994,0.138268,,,0.164446,-0.003552,-0.070151,0.428956,0.484604,0.933217,0.844010,-2.689244,0.031245,0.072307,,,-2.450070,,0.705576,0.868815,4.684182
201111,1246.96,26.0103,86.9600,-0.002727,-0.005552,0.0387,0.0514,0.0273,0.0251,-0.0356,0.0001,0.000000,0.020859,0.020753,0.069738,0.299107,0.362330,0.027200,0.012700,-0.060700,-0.000844,,-0.004340,0.007680,,,,,1.942404,0.007704,2.565500,,-2.058755,,,-0.003069,0.076940,,,0.193615,0.021522,0.118068,0.487203,0.487039,0.940294,0.850412,-2.682916,0.029668,0.063248,,,-2.450070,,0.644986,0.743093,4.720403
201112,1257.60,26.4250,86.9500,0.009427,0.007613,0.0393,0.0525,0.0255,0.0270,0.0512,0.0001,0.000000,0.021012,0.021192,0.069140,0.303910,0.357233,0.025400,0.013200,0.024200,-0.002467,,-0.006497,0.002764,,,,,28.795353,0.005435,22.136200,,-1.855866,,,0.001238,-0.015245,,,0.193464,0.047422,0.051625,0.464591,0.491628,0.953712,0.862546,-2.691234,0.026844,0.044474,,,-2.685336,,0.619006,0.697170,4.769919
201201,1312.41,26.7343,87.4800,0.045205,0.044003,0.0385,0.0523,0.0249,0.0002,0.0194,0.0003,0.000000,0.020370,0.021258,0.066656,0.305605,0.345487,0.024600,0.013800,0.019200,0.004400,,-0.013062,0.000648,,,,,14.533537,0.003481,17.501500,,-1.596666,,,0.006204,-0.003744,,,0.195831,0.032503,0.015386,0.438337,0.490848,0.986134,0.891869,-2.727719,0.026388,0.031168,,,-0.818871,,0.555954,0.612890,4.728519
201202,1365.68,27.0437,88.0100,0.043341,0.040744,0.0385,0.0514,0.0272,-0.0196,0.0057,0.0009,0.000000,0.019802,0.020606,0.064444,0.307279,0.336974,0.026300,0.012900,0.025300,0.004403,,-0.014466,0.000624,,,,,15.114022,0.003803,19.932300,,-1.823388,,,0.008438,0.087548,,,0.204113,0.040233,0.054230,0.453060,0.473217,0.995921,0.914402,-2.761466,0.025046,0.026535,,,0.787808,,0.323790,0.525530,5.097233
201203,1408.47,27.3530,88.5400,0.032866,0.031282,0.0399,0.0523,0.0297,-0.0302,-0.0303,0.0008,0.000000,0.019420,0.020029,0.062863,0.308934,0.346182,0.028900,0.012400,-0.000100,0.007595,,-0.013775,0.001155,,,,,8.046990,0.002433,11.277800,,-1.883817,,,0.002274,-0.037822,,,0.247099,0.015274,0.030862,0.450146,0.468949,0.996927,0.932755,-2.788273,0.025208,0.020839,,,1.052260,,0.219845,0.471488,5.058333
201204,1397.91,27.6753,88.3333,-0.006034,-0.007237,0.0396,0.0519,0.0268,0.0409,0.0251,0.0008,0.000000,0.019798,0.019649,0.063190,0.313306,0.346140,0.026000,0.012300,-0.015800,0.003021,,-0.012414,0.001628,,,,,11.264264,0.002769,11.136700,,-1.883667,,,0.008472,0.018053,,,0.239411,-0.003911,0.021669,0.479693,0.471135,0.996166,0.932868,-2.781909,0.021284,0.025634,,,1.052260,,0.326025,0.441692,4.816299
201205,1310.33,27.9977,88.1267,-0.059790,-0.062433,0.0380,0.0507,0.0221,0.0643,0.0344,0.0009,0.000100,0.021367,0.020028,0.067255,0.317698,0.369047,0.021200,0.012700,-0.029900,-0.001173,,-0.015271,0.001496,,,,,27.343626,0.006125,30.272400,,-1.750549,,,0.009814,-0.175136,,,0.215149,-0.010997,0.000631,0.456643,0.479815,0.933290,0.874964,-2.717099,0.022721,0.044843,,,0.816994,,0.358386,0.453110,4.753910
201206,1362.16,28.3200,87.9200,0.041465,0.039888,0.0364,0.0502,0.0233,-0.0136,0.0064,0.0009,0.000000,0.020791,0.021613,0.064545,0.322111,0.355104,0.022400,0.013800,0.020000,-0.001466,,-0.019043,0.003437,,,,,-0.253008,0.003050,4.599600,,-1.862500,,,0.008908,-0.017106,,,0.227621,-0.011651,0.004046,0.444082,0.493241,0.969936,0.909320,-2.756470,0.023985,0.025067,,,1.052260,,0.449869,0.561752,4.662256
201207,1379.32,28.7433,87.4467,0.014363,0.013096,0.0340,0.0487,0.0216,0.0247,0.0612,0.0010,0.000000,0.020839,0.021101,0.063398,0.328696,0.351594,0.020600,0.014700,0.036500,-0.001630,,-0.020321,0.001553,,,,,11.757695,0.003720,13.619900,,-1.705735,,,0.010047,0.035748,,,0.215094,0.026164,0.052560,0.463107,0.499459,0.979619,0.918398,-2.773501,0.026098,0.030760,,,1.052260,,0.435499,0.541299,4.594048
201208,1406.58,29.1667,86.9733,0.022744,0.019938,0.0348,0.0491,0.0223,-0.0068,-0.0093,0.0010,0.000100,0.020736,0.021146,0.061833,0.335352,0.349387,0.021300,0.014300,-0.002500,0.005565,,-0.019783,0.000727,,,,,10.495697,0.003090,15.367600,,-1.442910,,,0.004806,0.095254,,,0.124998,-0.069102,0.077987,0.465451,0.493756,0.985807,0.924199,-2.799975,0.024966,0.025708,,,1.052260,,0.425293,0.470725,4.468726
201209,1440.67,29.5900,86.5000,0.025120,0.023547,0.0349,0.0484,0.0235,-0.0146,-0.0126,0.0011,0.000100,0.020539,0.021037,0.060042,0.342081,0.340383,0.022400,0.013500,0.002000,0.004462,,-0.017425,0.001045,,,,,8.961792,0.002373,14.060500,,-1.575606,,,0.003122,-0.044470,,,0.127664,0.001135,0.073130,0.488262,0.490941,0.988247,0.948646,-2.829773,0.022911,0.020830,,,1.052260,,0.324293,0.372626,4.280568
201210,1412.16,30.1423,86.5033,-0.017837,-0.019227,0.0347,0.0458,0.0238,-0.0014,0.0206,0.0010,0.000100,0.021345,0.020922,0.061256,0.348453,0.349237,0.022800,0.011100,0.022000,-0.000389,,-0.015713,0.000926,,,,,11.934395,0.003242,17.683500,,-1.638606,,,0.005645,-0.064548,,,0.142111,0.009178,-0.019593,0.478174,0.477560,0.962257,0.924595,-2.810041,0.022779,0.030139,,,1.052260,,0.296228,0.226863,4.605519
201211,1416.18,30.6946,86.5067,0.005326,0.002154,0.0350,0.0451,0.0228,0.0144,-0.0092,0.0009,0.000100,0.021674,0.021736,0.061085,0.354824,0.351138,0.021900,0.010100,-0.023600,-0.004738,,-0.012094,0.001903,,,,,7.304790,0.002085,5.741800,,-1.615316,,,0.008364,0.026789,,,0.083411,-0.014818,-0.006447,0.476746,0.503378,0.957049,0.919591,-2.811862,0.022616,0.022199,,,1.052260,,0.360052,0.195281,4.250778
201212,1426.19,31.2469,86.5100,0.008508,0.005902,0.0365,0.0463,0.0246,-0.0202,-0.0062,0.0007,0.000100,0.021909,0.022064,0.060658,0.361195,0.349032,0.023900,0.009800,0.014000,-0.002693,,-0.011549,0.001036,,,,,11.418256,0.002564,17.928000,,-1.491639,,,0.009793,0.037158,,,0.043448,0.041743,0.074656,0.482195,0.494272,0.962821,0.925138,-2.819556,0.023066,0.030989,,,1.052260,,0.368939,0.152033,4.150606
201301,1498.11,31.5353,86.9067,0.052361,0.051024,0.0380,0.0473,0.0291,-0.0332,-0.0313,0.0007,0.000000,0.021050,0.022112,0.058011,0.362864,0.329984,0.028400,0.009300,0.001900,0.002957,,-0.008017,0.000907,,,,,6.880069,0.001853,8.852200,,-1.434297,,,0.009104,0.063378,,,0.066766,0.011452,0.086244,0.428578,0.478823,0.993275,0.978541,-2.866045,0.021063,0.017268,,,1.052260,,0.375975,0.014877,4.173981
201302,1514.68,31.8236,87.3033,0.013013,0.010511,0.0390,0.0485,0.0285,0.0114,0.0093,0.0010,0.000000,0.021010,0.021243,0.057638,0.364518,0.325431,0.027500,0.009500,-0.002100,0.008190,,-0.008864,0.001243,,,,,7.767926,0.002383,13.441300,,-1.688462,,,0.012840,-0.057552,,,0.118383,0.045410,0.007231,0.470090,0.455303,0.998517,0.992231,-2.873177,0.019435,0.020019,,,1.052260,,0.350539,0.026111,3.429763
201303,1569.19,32.1119,87.7000,0.037584,0.036025,0.0393,0.0485,0.0287,-0.0062,-0.0018,0.0009,0.000000,0.020464,0.021200,0.055889,0.366157,0.346130,0.027800,0.009200,0.004400,0.002615,,-0.008911,0.000485,,,,,3.452372,0.001654,5.405600,,-1.522835,,,0.015935,0.056612,,,0.069930,-0.027913,0.029136,0.469547,0.451611,1.000000,1.000000,-2.903803,0.018189,0.013760,,,1.052260,,0.304632,0.057968,3.193653
201304,1597.57,32.4967,88.7833,0.019621,0.018482,0.0373,0.0459,0.0264,0.0378,0.0349,0.0006,0.000000,0.020341,0.020709,0.055574,0.366023,0.340036,0.025800,0.008600,-0.002900,-0.001040,,-0.008005,0.001683,,,,,5.368287,0.002113,2.880900,,-1.683115,,,0.014149,-0.041341,,,-0.053212,0.012262,-0.047568,0.447945,0.447869,0.998295,0.998295,-2.907487,0.018014,0.015949,,,1.052260,,0.332584,0.015566,3.213593
201305,1630.74,32.8815,89.8667,0.023120,0.020441,0.0389,0.0473,0.0309,-0.0629,-0.0536,0.0004,0.000000,0.020164,0.020582,0.055108,0.365893,0.333833,0.030500,0.008400,0.009300,0.001780,,-0.004705,0.001016,,,,,8.207236,0.002094,11.225900,,-1.696153,,,0.014012,-0.013838,,,-0.049210,0.044969,-0.019515,0.472139,0.452062,0.980932,0.980932,-2.917578,0.021328,0.023286,,,1.052260,,0.301294,-0.063278,3.096506
201306,1606.28,33.2663,90.9500,-0.013601,-0.015262,0.0427,0.0519,0.0330,-0.0285,-0.0371,0.0005,0.000000,0.020710,0.020400,0.056622,0.365765,0.338444,0.032500,0.009200,-0.008600,0.002400,,0.000119,0.002248,,,,,6.865631,0.002603,4.433600,,-1.898373,,,0.015170,0.048189,,,-0.153585,0.089402,-0.014054,0.445304,0.410374,0.967566,0.967566,-2.894106,0.022563,0.024444,,,1.052260,,0.394338,-0.204104,3.093098
201307,1685.73,33.6455,92.0900,0.050672,0.049287,0.0434,0.0532,0.0344,-0.0173,0.0031,0.0004,0.000000,0.019959,0.020946,0.054629,0.365355,0.325563,0.034000,0.009800,0.020400,0.000394,,0.008361,0.000502,,,,,4.850831,0.002054,6.934500,,-1.626144,,,0.011153,0.090702,,,-0.112501,0.001328,0.034898,0.452323,0.394161,0.995619,0.995619,-2.932660,0.023172,0.016518,,,1.052260,,0.353552,-0.143479,3.189419
201308,1632.97,34.0247,93.2300,-0.029207,-0.031638,0.0454,0.0542,0.0351,-0.0079,-0.0074,0.0004,0.000000,0.020836,0.020184,0.057092,0.364955,0.340713,0.034700,0.008800,0.000500,0.001203,,0.010332,0.000950,,,,,11.596802,0.002571,16.034900,,-1.781237,,,0.016012,0.027402,,,0.046129,0.000810,0.030602,0.495155,0.406668,0.945840,0.945840,-2.890118,0.019558,0.026163,,,1.052260,,0.369506,-0.199145,3.284550
201309,1681.55,34.4039,94.3700,0.031660,0.030064,0.0464,0.0547,0.0349,0.0061,0.0014,0.0002,0.000000,0.020460,0.021068,0.056121,0.364564,0.333521,0.034700,0.008300,-0.004700,0.001163,,0.010119,0.000622,,,,,10.487769,0.002137,14.573800,,-1.585777,,,0.020181,-0.052047,,,0.028622,0.052825,-0.022110,0.462020,0.406614,0.965091,0.965091,-2.907960,0.019858,0.025740,,,1.052260,,0.262465,-0.157533,3.388872
201310,1756.54,34.6000,96.3133,0.046268,0.044953,0.0453,0.0531,0.0342,0.0128,0.0211,0.0005,0.000000,0.019698,0.020576,0.054831,0.359244,0.324595,0.033700,0.007800,0.008300,-0.002575,,0.009623,0.001438,,,,,6.003458,0.002108,5.680000,,-1.685166,,,0.018494,-0.059301,,,-0.005609,0.021341,0.030181,0.467080,0.404954,0.991416,0.991416,-2.929357,0.020053,0.015900,,,1.052260,,0.329706,-0.243919,3.461509
201311,1805.81,34.7960,98.2567,0.030817,0.028398,0.0463,0.0538,0.0361,-0.0236,-0.0086,0.0007,0.000000,0.019269,0.019809,0.054411,0.354134,0.313685,0.035400,0.007500,0.015000,-0.002042,,0.010325,0.000644,,,,,7.661209,0.001595,11.187100,,-1.724325,,,0.019932,-0.038841,,,-0.016662,0.047314,0.023915,0.477749,0.370664,0.999322,0.999322,-2.938018,0.022851,0.016488,,,1.052260,,0.299230,-0.198614,3.722800
201312,1848.36,34.9920,100.2000,0.025950,0.024196,0.0462,0.0538,0.0378,-0.0207,0.0002,0.0007,0.000000,0.018931,0.019377,0.054210,0.349222,0.304408,0.037100,0.007600,0.020900,-0.000086,,0.012144,0.000746,,,,,7.783432,0.002057,9.565400,,-1.761887,,,0.021050,0.060724,,,-0.023889,0.054671,0.058368,0.456452,0.365903,1.000000,1.000000,-2.943473,0.021635,0.017288,,,1.052260,,0.312076,-0.263219,3.763380
201401,1782.59,35.4039,100.4167,-0.034666,-0.035731,0.0449,0.0519,0.0342,0.0548,0.0331,0.0004,0.000000,0.019861,0.019154,0.056332,0.352570,0.321429,0.033800,0.007000,-0.021700,0.003720,,0.013765,0.001304,,,,,10.739444,0.002566,18.521600,,-1.893071,,,0.016599,-0.006316,,,-0.084204,-0.002193,0.015143,0.472338,0.366470,0.947045,0.947045,-2.904693,0.023865,0.030307,,,1.052260,,0.308278,-0.395270,3.737884
201402,1859.45,35.8158,100.6333,0.045757,0.043194,0.0445,0.0510,0.0339,0.0074,0.0168,0.0005,0.000000,0.019262,0.020092,0.054120,0.355904,0.309163,0.033400,0.006500,0.009400,0.003698,,0.016576,0.001254,,,,,5.448574,0.001805,9.157300,,-1.941896,,,0.023245,0.054639,,,-0.122665,0.007418,-0.070166,0.439643,0.362360,0.984620,0.984620,-2.943292,0.022321,0.016964,,,1.052260,,0.344635,-0.279599,4.303745
201403,1872.34,36.2277,100.8500,0.008056,0.006537,0.0438,0.0506,0.0337,0.0063,0.0062,0.0005,0.000000,0.019349,0.019483,0.053863,0.359223,0.350616,0.033200,0.006800,-0.000100,0.006440,,0.016417,0.000869,,,,,3.767386,0.001799,5.247400,,-1.953892,,,0.032004,-0.012733,,,-0.100081,0.019732,0.065956,0.468064,0.346205,0.992821,0.992821,-2.948147,0.025985,0.015812,,,1.052260,,0.342488,-0.286324,4.114864
201404,1883.95,36.6120,101.6067,0.006555,0.005388,0.0424,0.0490,0.0326,0.0181,0.0160,0.0003,0.000000,0.019434,0.019554,0.053933,0.360331,0.348011,0.032300,0.006600,-0.002100,0.003297,,0.016623,0.001363,,,,,4.397512,0.002093,5.555900,,-1.955761,,,0.032096,-0.014768,,,-0.143066,0.027338,-0.006666,0.430740,0.337476,1.000000,1.000000,-2.946756,0.026651,0.015454,,,1.052260,,0.341178,-0.323162,4.089598
201405,1923.57,36.9963,102.3633,0.023309,0.020895,0.0416,0.0476,0.0309,0.0279,0.0188,0.0003,0.000000,0.019233,0.019638,0.053215,0.361422,0.345173,0.030600,0.006000,-0.009100,0.003493,,0.013985,0.000555,,,,,3.303732,0.001378,5.377700,,-1.869482,,,0.035049,0.033277,,,-0.042739,0.010703,0.028791,0.468731,0.343288,1.000000,1.000000,-2.958687,0.027082,0.010809,,,1.052260,,0.304396,-0.278035,3.856094
201406,1960.23,37.3807,103.1200,0.020635,0.019048,0.0425,0.0480,0.0313,-0.0025,0.0020,0.0004,0.000000,0.019070,0.019433,0.052606,0.362497,0.342928,0.030900,0.005500,0.004500,0.001862,,0.013885,0.000282,,,,,3.600473,0.001262,8.219500,,-1.716610,,,0.037608,0.025822,,,-0.002557,0.020074,0.036332,0.457496,0.451334,0.992891,0.992891,-2.970591,0.025828,0.011750,,,1.052260,,0.271863,-0.264502,3.615326
201407,1930.67,37.7520,104.0667,-0.013974,-0.015278,0.0416,0.0473,0.0310,0.0057,0.0024,0.0003,0.000000,0.019554,0.019259,0.053902,0.362767,0.348380,0.030700,0.005700,-0.003300,-0.000390,,0.008438,0.000949,,,,,11.260952,0.002441,17.200400,,-1.737316,,,0.038963,-0.073913,,,0.079931,0.229814,-0.071380,0.443228,0.453622,0.966455,0.966455,-2.945673,0.023646,0.026175,,,1.052260,,0.262331,-0.289176,3.418538
201408,2003.37,38.1233,105.0133,0.039777,0.037445,0.0408,0.0469,0.0287,0.0369,0.0356,0.0003,0.000000,0.019030,0.019746,0.052418,0.363033,0.337476,0.028400,0.006100,-0.001300,-0.001671,,0.006739,0.000546,,,,,4.306926,0.001575,5.534800,,-1.640819,,,0.036214,-0.003767,,,-0.002793,-0.001243,0.023748,0.467346,0.462914,0.997681,0.997681,-2.972411,0.021323,0.012139,,,1.052260,,0.271107,-0.257250,3.501203
201409,1972.29,38.4946,105.9600,-0.013928,-0.015467,0.0411,0.0480,0.0300,-0.0170,-0.0271,0.0002,0.000000,0.019518,0.019215,0.053724,0.363294,0.338576,0.029800,0.006900,-0.010100,0.000753,,0.007991,0.000721,,,,,10.045763,0.002703,15.890600,,-1.785465,,,0.038228,-0.068363,,,0.015872,-0.002065,-0.030091,0.472802,0.465121,0.986294,0.986294,-2.948874,0.021176,0.022491,,,1.052260,,0.322432,-0.308271,3.466628
201410,2018.05,38.8108,104.7433,0.023972,0.022800,0.0392,0.0469,0.0282,0.0300,0.0225,0.0002,0.000000,0.019232,0.019678,0.051903,0.370532,0.331808,0.028000,0.007700,-0.007500,-0.002512,,0.008032,0.002944,,,,,3.002222,0.002120,-10.888500,,-2.065743,,,0.037495,-0.116705,,,-0.074104,-0.013640,0.000557,0.460419,0.494956,1.000000,1.000000,-2.981114,0.022849,0.018475,,,1.052260,,0.410275,-0.208150,3.512689
201411,2067.56,39.1270,103.5267,0.027631,0.025159,0.0392,0.0479,0.0264,0.0286,0.0173,0.0002,0.000000,0.018924,0.019389,0.050072,0.377941,0.323662,0.026200,0.008700,-0.011300,-0.005399,,0.006892,0.000150,,,,,6.453174,0.001795,10.908800,,-1.724077,,,0.042801,-0.181175,,,-0.037678,-0.012729,0.016852,0.472241,0.513799,1.000000,1.000000,-3.017328,0.026578,0.017425,,,1.052260,,0.360730,-0.318162,3.664808
201412,2058.90,39.4431,102.3100,-0.002473,-0.004249,0.0379,0.0474,0.0246,0.0290,0.0183,0.0003,0.000000,0.019157,0.019077,0.049692,0.385526,0.323756,0.024300,0.009500,-0.010700,-0.005670,,0.005625,0.001993,,,,,19.057377,0.003478,17.533100,,-1.854681,,,0.041878,-0.189415,,,0.008553,-0.051059,0.001881,0.477928,0.507214,0.987225,0.987225,-3.023779,0.027571,0.030461,,,1.052260,,0.400247,-0.349283,3.774100
201501,1994.99,39.8976,101.2900,-0.029430,-0.030468,0.0346,0.0445,0.0200,0.0709,0.0599,0.0003,0.000000,0.019999,0.019378,0.050772,0.393895,0.336169,0.019700,0.009900,-0.011000,-0.004706,,0.000191,0.002227,,,,,17.113367,0.003884,16.295800,,-1.999249,,,0.033158,-0.105893,,,-0.017575,-0.021739,0.019655,0.446774,0.492175,0.950771,0.950771,-2.999032,0.026722,0.042695,,,0.272404,,0.370303,-0.463248,4.254888
201502,2104.50,40.3521,100.2700,0.056976,0.054305,0.0361,0.0451,0.0238,-0.0523,-0.0320,0.0002,0.000000,0.019174,0.020227,0.047646,0.402435,0.318227,0.023600,0.009000,0.020300,0.004343,,-0.003767,0.000814,,,,,6.052403,0.002250,7.904600,,-1.894431,,,0.025916,0.042896,,,0.070706,-0.056247,0.029847,0.485821,0.510966,0.994959,0.994959,-3.063573,0.025589,0.016633,,,0.516170,,0.387856,-0.391817,4.693438
201503,2067.89,40.8066,99.2500,-0.014993,-0.016628,0.0364,0.0454,0.0230,0.0137,0.0058,0.0003,0.000000,0.019733,0.019390,0.047996,0.411150,0.307454,0.022700,0.009000,-0.007900,0.005952,,-0.006890,0.001720,,,,,7.067354,0.002198,9.778500,,-1.823404,,,0.021732,-0.042536,,,-0.033534,-0.022824,0.045059,0.468538,0.503619,0.971977,0.971977,-3.056837,0.023224,0.021627,,,-0.526934,,0.384083,-0.436740,4.631391
201504,2085.51,41.1184,97.8033,0.009101,0.008004,0.0352,0.0448,0.0249,-0.0250,-0.0223,0.0002,0.000000,0.019716,0.019884,0.046897,0.420419,0.306344,0.024700,0.009600,0.002700,0.002033,,-0.007075,0.000574,,,,,6.440116,0.002516,10.702400,,-1.695635,,,0.015433,0.249371,,,-0.034226,-0.037548,-0.005289,0.465133,0.502159,0.975498,0.975498,-3.079024,0.021045,0.021435,,,-0.018939,,0.308456,-0.392146,4.535028
201505,2107.39,41.4302,96.3567,0.012522,0.010141,0.0398,0.0489,0.0262,-0.0159,-0.0204,0.0002,0.000000,0.019659,0.019866,0.045723,0.429967,0.303450,0.026000,0.009100,-0.004500,0.005097,,-0.008078,0.000887,,,,,6.349033,0.001766,9.124100,,-1.746209,,,0.010186,0.010567,,,-0.051697,-0.059094,-0.000431,0.478605,0.508578,0.983524,0.983524,-3.106910,0.022096,0.017869,,,0.788032,,0.347369,-0.366182,4.393390
201506,2063.11,41.7420,94.9100,-0.019343,-0.021020,0.0419,0.0513,0.0285,-0.0298,-0.0320,0.0002,0.000000,0.020233,0.019807,0.046003,0.439806,0.310187,0.028300,0.009400,-0.002200,0.003503,,-0.008725,0.001052,,,,,13.507390,0.003215,18.725800,,-1.694074,,,0.006216,-0.012780,,,0.031265,-0.020796,-0.070812,0.470636,0.501416,0.962163,0.962163,-3.102367,0.024610,0.031750,,,0.544265,,0.330907,-0.340388,4.502908
201507,2103.84,41.9981,93.4933,0.021297,0.020101,0.0415,0.0520,0.0263,0.0329,0.0239,0.0003,0.000000,0.019963,0.020357,0.044439,0.449210,0.308953,0.026000,0.010500,-0.009000,0.000067,,-0.008358,0.001160,,,,,2.784979,0.001762,0.964800,,-1.852596,,,0.011859,-0.207969,,,-0.015990,-0.025527,0.013069,0.461923,0.516287,0.966005,0.966005,-3.136564,0.029923,0.014091,,,1.052260,,0.362507,-0.267213,4.332596
201508,1972.18,42.2543,92.0767,-0.060073,-0.062419,0.0404,0.0519,0.0264,0.0012,-0.0067,0.0007,0.000000,0.021425,0.020084,0.046688,0.458903,0.330671,0.025700,0.011500,-0.007900,-0.001416,,-0.010161,0.005847,,,,,17.087656,0.005286,-11.747200,,-2.105330,,,0.009206,0.044364,,,0.029337,-0.047733,0.010810,0.506225,0.484259,0.902560,0.902560,-3.085741,0.029907,0.065040,,,-1.614137,,0.527301,-0.223932,3.878023
201509,1920.03,42.5104,90.6600,-0.024547,-0.026258,0.0407,0.0534,0.0253,0.0174,0.0133,0.0002,0.000000,0.022140,0.021555,0.047218,0.468899,0.335612,0.025100,0.012700,-0.004100,-0.001557,,-0.013638,0.004053,,,,,20.039719,0.005252,16.258700,,-1.937947,,,0.005603,-0.084146,,,-0.017309,-0.069793,0.018753,0.499620,0.475939,0.889272,0.889272,-3.074448,0.030737,0.051354,,,-2.685336,,0.574625,-0.148300,4.037228
201510,2079.36,42.8029,89.2833,0.083449,0.082049,0.0395,0.0534,0.0259,-0.0053,0.0020,0.0002,0.000000,0.020585,0.022293,0.042938,0.479405,0.309414,0.025700,0.013900,0.007300,-0.000450,,-0.016833,0.001619,,,,,7.158831,0.002398,4.276000,,-2.021851,,,-0.000049,0.034177,,,0.067571,-0.016029,0.026182,0.459056,0.486761,0.964568,0.964568,-3.168489,0.026710,0.021456,,,-1.636041,,0.553007,-0.013125,4.140420
201511,2080.41,43.0954,87.9067,0.003373,0.000817,0.0406,0.0546,0.0265,-0.0065,0.0020,0.0012,0.000000,0.020715,0.020725,0.042254,0.490240,0.308429,0.025300,0.014000,0.008500,-0.002111,,-0.018438,0.001119,,,,,11.424622,0.002428,14.191500,,-1.870848,,,-0.008235,-0.132403,,,0.003294,-0.029422,-0.000944,0.488896,0.500391,0.967646,0.967646,-3.186393,0.027629,0.024242,,,-0.288732,,0.433101,-0.047807,3.744861
201512,2043.94,43.3879,86.5300,-0.015247,-0.017076,0.0397,0.0546,0.0268,-0.0022,0.0000,0.0023,0.000100,0.021228,0.020855,0.042335,0.501420,0.313649,0.024500,0.014900,0.002200,-0.003417,,-0.022252,0.002838,,,,,14.181724,0.003797,9.122900,,-1.937802,,,-0.013948,-0.081623,,,-0.043350,-0.034268,-0.004419,0.487160,0.513196,0.951543,0.951543,-3.184296,0.026626,0.029006,,,-0.505030,,0.386386,-0.098730,3.798513
201601,1940.24,43.5506,86.5000,-0.049100,-0.050250,0.0400,0.0545,0.0236,0.0476,0.0067,0.0026,0.000100,0.022446,0.021307,0.044582,0.503475,0.331911,0.021000,0.014500,-0.040900,0.001653,,-0.020944,0.004301,,,,,8.901879,0.004124,-15.816000,,-2.243231,,,-0.009515,-0.093455,,,-0.085104,0.000983,0.101842,0.462956,0.499440,0.899189,0.899189,-3.131107,0.031568,0.036324,,,-2.685336,,0.474145,-0.039531,3.780883
201602,1932.23,43.7133,86.4700,-0.001742,-0.004457,0.0396,0.0534,0.0217,0.0294,0.0232,0.0031,0.000200,0.022623,0.022530,0.044751,0.505531,0.330902,0.018600,0.013800,-0.006200,0.000823,,-0.024716,0.002602,,,,,15.834206,0.003768,2.014800,,-2.068559,,,-0.015502,-0.027332,,,-0.056436,-0.048941,-0.042955,0.449643,0.515725,0.901930,0.901930,-3.124276,0.031825,0.038897,,,-2.685336,,0.455902,0.094149,3.921678
201603,2059.74,43.8759,86.4400,0.067340,0.065146,0.0382,0.0513,0.0218,-0.0003,0.0423,0.0029,0.000200,0.021302,0.022707,0.041966,0.507588,0.327955,0.018900,0.013100,0.042600,0.004306,,-0.023710,0.001274,,,,,6.438787,0.002764,5.078000,,-1.945021,,,-0.023735,0.128283,,,0.119303,-0.030334,0.061287,0.492852,0.516964,0.965745,0.965745,-3.189608,0.032438,0.017335,,,-2.138808,,0.401842,-0.004215,4.636166
201604,2065.30,44.0706,86.6000,0.003747,0.002576,0.0362,0.0479,0.0223,-0.0053,0.0146,0.0023,0.000100,0.021339,0.021396,0.041931,0.508898,0.326321,0.020000,0.011700,0.019900,0.004741,,-0.024210,0.000818,,,,,8.936513,0.002675,12.640200,,-1.794063,,,-0.021140,0.244721,,,-0.050680,0.010242,-0.072997,0.476649,0.485796,0.970580,0.970580,-3.189669,0.029081,0.023247,,,-0.792211,,0.290152,-0.054982,4.479176
201605,2096.95,44.2652,86.7600,0.018487,0.015886,0.0365,0.0468,0.0219,0.0082,0.0016,0.0027,0.000100,0.021109,0.021433,0.041374,0.510203,0.326072,0.019200,0.010300,-0.006600,0.004046,,-0.027048,0.000996,,,,,7.470032,0.002190,8.761800,,-1.817386,,,-0.024188,0.067856,,,0.054744,-0.010158,0.017714,0.495604,0.490346,0.980331,0.971321,-3.203032,0.026590,0.016611,,,0.816994,,0.274494,-0.156552,4.648514
201606,2098.86,44.4599,86.9200,0.002675,0.001002,0.0350,0.0453,0.0179,0.0590,0.0377,0.0027,0.000200,0.021183,0.021202,0.041413,0.511503,0.323475,0.015200,0.010300,-0.021300,0.003284,,-0.028679,0.002864,,,,,-0.690834,0.003244,0.034800,,-1.894726,,,-0.020249,-0.016904,,,0.009539,-0.083243,-0.038374,0.495379,0.517525,0.989500,0.979118,-3.200428,0.026489,0.021687,,,1.052260,,0.361306,-0.243551,4.654141
201607,2173.60,44.6485,87.6433,0.036571,0.035324,0.0328,0.0422,0.0175,0.0081,0.0245,0.0030,0.000200,0.020541,0.021273,0.040322,0.509434,0.314661,0.014500,0.009400,0.016400,-0.001618,,-0.032019,0.000478,,,,,3.462905,0.001965,6.653200,,-1.642946,,,-0.019847,-0.139424,,,0.000535,-0.039260,0.039722,0.508646,0.530472,0.991246,0.991246,-3.225753,0.024725,0.012708,,,1.052260,,0.374276,-0.226788,4.718733
201608,2170.95,44.8371,88.3667,0.001247,-0.001396,0.0332,0.0424,0.0186,-0.0140,0.0016,0.0030,0.000200,0.020653,0.020628,0.040704,0.507398,0.315197,0.015600,0.009200,0.015600,0.000918,,-0.030786,0.000279,,,,,6.596770,0.002656,11.299200,,-1.619416,,,-0.022121,0.075590,,,-0.021592,-0.032764,0.007279,0.494327,0.532084,0.987381,0.987381,-3.216905,0.026817,0.015095,,,1.052260,,0.345233,-0.330104,4.189495
201609,2168.27,45.0257,89.0900,0.000446,-0.001033,0.0341,0.0431,0.0196,-0.0124,-0.0119,0.0029,0.000200,0.020766,0.020740,0.041088,0.505396,0.316794,0.016700,0.009000,0.000500,0.002404,,-0.032607,0.001673,,,,,4.759753,0.002436,5.603600,,-1.871907,,,-0.023938,0.076768,,,-0.086753,-0.040075,-0.066793,0.478658,0.492624,0.982405,0.982405,-3.208206,0.028341,0.016355,,,1.052260,,0.312957,-0.282935,4.327451
201610,2126.15,45.2507,90.9100,-0.017944,-0.019193,0.0351,0.0438,0.0220,-0.0314,-0.0263,0.0033,0.000200,0.021283,0.020869,0.042758,0.497752,0.319688,0.018700,0.008700,0.005100,0.001247,,-0.029038,0.000364,,,,,13.648062,0.002660,17.132400,,-1.408701,,,-0.024540,-0.026606,,,-0.147415,0.039616,-0.000880,0.489430,0.501595,0.973512,0.973512,-3.169645,0.032835,0.030227,,,0.272404,,0.291001,-0.311889,4.605226
201611,2198.81,45.4756,92.7300,0.035812,0.033029,0.0386,0.0471,0.0267,-0.0599,-0.0510,0.0045,0.000100,0.020682,0.021389,0.042173,0.490409,0.303286,0.022200,0.008500,0.008900,-0.001555,,-0.027456,0.000946,,,,,5.971515,0.002493,6.386400,,-1.257746,,,-0.029475,0.055093,,,-0.074732,-0.036296,0.068841,0.472227,0.471223,0.998509,0.998509,-3.187154,0.040746,0.017357,,,0.516170,,0.260017,-0.302532,4.399969
201612,2238.83,45.7006,94.5500,0.019204,0.017577,0.0406,0.0483,0.0272,-0.0057,0.0059,0.0051,0.000300,0.020413,0.020784,0.042232,0.483349,0.293479,0.022100,0.007700,0.011600,0.000327,,-0.025108,0.000524,,,,,7.837351,0.002486,12.538600,,-1.268578,,,-0.023412,0.087836,,,-0.068584,-0.034241,0.011258,0.478789,0.473688,0.989386,0.989386,-3.189175,0.038903,0.017627,,,0.788032,,0.173441,-0.496236,4.425706
201701,2278.87,45.9279,96.4633,0.019384,0.018311,0.0392,0.0466,0.0278,0.0043,-0.0021,0.0051,0.000400,0.020154,0.020514,0.042329,0.476117,0.291980,0.022700,0.007400,-0.006400,0.005828,,-0.022662,0.000336,,,,,4.166114,0.002007,7.465100,,-1.374837,,,-0.026790,-0.018605,,,-0.070857,-0.038492,-0.003418,0.494153,0.476586,0.988218,0.988218,-3.186282,0.034795,0.014271,,,1.052260,,0.171795,-0.629995,4.061637
201702,2363.64,46.1552,98.3767,0.039459,0.037052,0.0395,0.0464,0.0270,0.0137,0.0212,0.0052,0.000400,0.019527,0.020254,0.041621,0.469168,0.278678,0.021800,0.006900,0.007500,0.003146,,-0.018713,0.000224,,,,,6.290055,0.002494,10.936600,,-1.148415,,,-0.031556,0.023697,,,-0.128807,-0.021915,0.030744,0.483824,0.475142,0.998791,0.998791,-3.203066,0.026628,0.015176,,,1.052260,,0.140286,-0.596987,4.263605
201703,2362.72,46.3824,100.2900,0.001665,0.000055,0.0401,0.0468,0.0274,-0.0040,-0.0062,0.0074,0.000300,0.019631,0.019623,0.042447,0.462483,0.281599,0.020000,0.006700,-0.002200,0.000813,,-0.016199,0.000575,,,,,4.779870,0.002169,7.196500,,-1.276306,,,-0.025717,-0.064074,,,-0.160548,-0.023674,0.034730,0.475681,0.506855,0.978578,0.978578,-3.184000,0.025552,0.011199,,,1.052260,,0.153534,-0.540656,4.156912
201704,2384.20,46.6613,101.5333,0.010591,0.009439,0.0387,0.0457,0.0265,0.0145,0.0176,0.0080,0.000500,0.019571,0.019749,0.042586,0.459566,0.277870,0.018500,0.007000,0.003100,0.002966,,-0.015575,0.000391,,,,,2.495290,0.001980,4.493000,,-1.240958,,,-0.016315,-0.024337,,,-0.132375,-0.013392,0.033478,0.479813,0.519321,0.991710,0.991710,-3.178971,0.025312,0.010566,,,1.052260,,0.189949,-0.477160,3.939474
201705,2411.80,46.9402,102.7767,0.014552,0.011920,0.0385,0.0455,0.0256,0.0158,0.0226,0.0089,0.000600,0.019463,0.019688,0.042614,0.456720,0.276969,0.016700,0.007000,0.006800,0.000855,,-0.010186,0.000503,,,,,2.159685,0.002327,5.703100,,-1.140264,,,-0.015863,-0.020685,,,-0.133992,-0.040778,-0.084896,0.468047,0.535599,0.994937,0.994937,-3.178310,0.026528,0.010453,,,1.052260,,0.230138,-0.530558,4.324871
201706,2423.41,47.2190,104.0200,0.005798,0.004364,0.0368,0.0437,0.0258,-0.0010,0.0108,0.0098,0.000600,0.019485,0.019578,0.042923,0.453942,0.272545,0.016000,0.006900,0.011800,0.000907,,-0.009785,0.000448,,,,,2.146314,0.002158,5.995500,,-1.253400,,,-0.014531,-0.047008,,,-0.060838,0.032304,-0.024979,0.455330,0.480607,0.991669,0.991669,-3.170011,0.029119,0.011088,,,1.052260,,0.194868,-0.444719,4.270674
201707,2470.30,47.5370,105.0400,0.020696,0.019162,0.0370,0.0439,0.0262,-0.0027,0.0060,0.0107,0.000700,0.019243,0.019616,0.042521,0.452561,0.265804,0.015500,0.006900,0.008700,-0.000690,,-0.013165,0.000259,,,,,1.919632,0.002011,5.856800,,-1.179108,,,-0.017652,0.091047,,,-0.027223,-0.047793,-0.035585,0.480064,0.473703,1.000000,1.000000,-3.180689,0.027483,0.010037,,,1.052260,,0.159057,-0.370905,4.070486
201708,2471.65,47.8551,106.0600,0.002238,-0.000324,0.0363,0.0431,0.0242,0.0289,0.0153,0.0101,0.000900,0.019362,0.019372,0.042911,0.451208,0.265114,0.014100,0.006800,-0.013600,0.002994,,-0.012214,0.000753,,,,,2.410077,0.002780,4.563800,,-1.154017,,,-0.022518,-0.058753,,,0.028684,-0.043229,-0.005172,0.469528,0.502703,0.992300,0.992300,-3.170496,0.026195,0.010494,,,1.052260,,0.190664,-0.480118,4.074265
201709,2519.36,48.1731,107.0800,0.020050,0.018742,0.0363,0.0430,0.0259,-0.0205,-0.0037,0.0103,0.000900,0.019121,0.019490,0.042503,0.449880,0.259706,0.015600,0.006700,0.016800,0.005295,,-0.011086,0.000257,,,,,1.147026,0.002022,4.917100,,-1.206038,,,-0.022201,0.093314,,,0.007446,-0.015875,-0.013532,0.481514,0.480836,0.999665,0.999665,-3.179945,0.026648,0.008223,,,1.052260,,0.171820,-0.472952,4.208498
201710,2575.26,48.4261,108.0133,0.024132,0.023006,0.0360,0.0432,0.0261,-0.0013,0.0076,0.0107,0.000900,0.018804,0.019222,0.041943,0.448334,0.248906,0.015400,0.007200,0.008900,-0.000632,,-0.012379,0.000218,,,,,1.916956,0.002029,6.589400,,-1.105141,,,-0.010669,0.052061,,,0.039578,-0.022587,0.045658,0.481192,0.465725,0.997248,0.997248,-3.194777,0.028222,0.010134,,,1.052260,,0.154360,-0.421248,4.417264
201711,2584.84,48.6790,108.9467,0.031389,0.028860,0.0357,0.0427,0.0260,0.0036,0.0020,0.0123,0.000800,0.018833,0.018903,0.042148,0.446815,0.239727,0.013700,0.007000,-0.001600,0.000024,,-0.012193,0.000355,,,,,2.863030,0.002560,6.972200,,-1.253511,,,-0.008986,0.055923,,,-0.001712,-0.029403,0.047687,0.509779,0.480847,1.000000,1.000000,-3.189789,0.026205,0.012087,,,1.052260,,0.096601,-0.420199,4.400073
201712,2673.61,48.9320,109.8800,0.011149,0.009850,0.0351,0.0422,0.0254,0.0102,0.0256,0.0132,0.000900,0.018302,0.018930,0.041098,0.445322,0.235393,0.012200,0.007100,0.015400,-0.000588,,-0.019880,0.000244,,,,,3.436215,0.002253,6.107300,,-1.250014,,,-0.007736,0.053310,,,0.057812,0.019392,-0.007635,0.510677,0.448684,0.995237,0.995237,-3.215513,0.022962,0.010176,,,1.052260,,0.097611,-0.513676,4.113863
201801,2823.81,49.2890,111.7333,0.058060,0.057018,0.0355,0.0426,0.0284,-0.0315,-0.0243,0.0141,0.001100,0.017455,0.018435,0.039568,0.441131,0.222519,0.014300,0.007100,0.007200,0.005448,,-0.019044,0.000774,,,,,5.713683,0.002821,10.032900,,-1.344920,,,-0.008454,0.072114,,,0.188135,-0.045852,-0.040837,0.475986,0.447333,0.982443,0.982443,-3.255200,0.024025,0.018437,,,1.052260,,0.145238,-0.301325,4.549021
201802,2713.83,49.6460,113.5867,-0.037661,-0.039702,0.0382,0.0451,0.0301,-0.0224,-0.0313,0.0157,0.001100,0.018294,0.017581,0.041855,0.437076,0.232478,0.014400,0.006900,-0.008900,0.004535,,-0.018321,0.005362,,,,,13.567319,0.005387,-5.901800,,-1.591490,,,-0.006728,-0.052299,,,0.223935,-0.014372,-0.141799,0.428843,0.457381,0.940357,0.940357,-3.201749,0.024079,0.034366,,,1.052260,,0.437422,-0.248163,4.543640
201803,2640.87,50.0030,115.4400,-0.025459,-0.027092,0.0387,0.0464,0.0285,0.0259,0.0124,0.0170,0.001200,0.018934,0.018425,0.043713,0.433152,0.259537,0.011500,0.007700,-0.013500,0.002261,,-0.018222,0.003247,,,,,9.282913,0.004455,8.665300,,-1.493319,,,-0.002533,0.055999,,,0.238519,0.010470,0.029932,0.474080,0.449112,0.905563,0.905563,-3.158117,0.023983,0.036716,,,1.052260,,0.496686,-0.339805,4.444096
201804,2648.05,50.3321,117.7867,0.003770,0.002656,0.0385,0.0467,0.0300,-0.0177,-0.0200,0.0176,0.001400,0.019007,0.019059,0.044481,0.427316,0.258892,0.012400,0.008200,-0.002300,0.003975,,-0.018607,0.002363,,,,,6.082696,0.003602,-1.975100,,-1.445359,,,0.007738,0.056883,,,0.031349,-0.003786,-0.058204,0.463996,0.455615,0.907819,0.907819,-3.141000,0.022680,0.023753,,,1.052260,,0.522150,-0.331128,4.528077
201805,2705.27,50.6612,120.1333,0.023800,0.021317,0.0400,0.0483,0.0289,0.0164,0.0140,0.0186,0.001400,0.018727,0.019132,0.044407,0.421708,0.256213,0.010300,0.008300,-0.002400,0.004159,,-0.018934,0.000923,,,,,8.495307,0.004168,9.404800,,-1.343318,,,-0.001991,-0.023046,,,-0.010564,-0.006301,-0.008443,0.503169,0.430766,0.917312,0.917312,-3.143719,0.032069,0.019823,,,1.052260,,0.411090,-0.533345,4.717839
201806,2718.37,50.9903,122.4800,0.006840,0.005507,0.0396,0.0483,0.0291,0.0007,-0.0124,0.0190,0.001400,0.018758,0.018849,0.045056,0.416315,0.257737,0.010100,0.008700,-0.013100,0.001594,,-0.022101,0.000623,,,,,9.386702,0.003626,13.274500,,-1.413717,,,0.005068,0.106748,,,0.082207,-0.009533,0.013810,0.491314,0.512585,0.911886,0.911886,-3.128525,0.031442,0.022110,,,1.052260,,0.306179,-0.536921,4.563479
201807,2816.29,51.4399,125.1167,0.037144,0.035970,0.0387,0.0479,0.0302,-0.0131,0.0101,0.0196,0.001600,0.018265,0.018923,0.044426,0.411135,0.246138,0.010600,0.009200,0.023200,0.000067,,-0.017096,0.000654,,,,,4.896421,0.003984,8.140900,,-1.363820,,,0.006005,-0.057332,,,0.085322,-0.038036,-0.031553,0.470834,0.515119,0.954858,0.954858,-3.142419,0.030990,0.014577,,,1.052260,,0.194086,-0.459851,4.318018
201808,2901.52,51.8894,127.7533,0.032938,0.030647,0.0388,0.0477,0.0293,0.0152,0.0058,0.0203,0.001600,0.017884,0.018425,0.044030,0.406169,0.240928,0.009000,0.008900,-0.009400,0.000556,,-0.021451,0.000471,,,,,5.797894,0.003184,8.503000,,-1.354267,,,0.011776,-0.000572,,,0.144897,-0.007018,0.015260,0.495056,0.525011,0.975508,0.975508,-3.151379,0.025220,0.013875,,,1.052260,,0.163951,-0.501048,5.550949
201809,2913.98,52.3390,130.3900,0.005138,0.003758,0.0398,0.0488,0.0334,-0.0518,-0.0120,0.0213,0.001500,0.017961,0.018038,0.044746,0.401403,0.236434,0.012100,0.009000,0.039800,0.001162,,-0.020834,0.000230,,,,,4.468248,0.003356,7.952800,,-1.397377,,,0.011759,0.047537,,,0.277157,-0.001556,-0.022568,0.492628,0.538129,0.989336,0.989336,-3.136304,0.025523,0.014212,,,1.052260,,0.131203,-0.413463,5.400509
201810,2711.74,52.8087,131.0567,-0.068409,-0.069492,0.0414,0.0507,0.0352,-0.0204,-0.0323,0.0225,0.001900,0.019474,0.018123,0.048329,0.402946,0.249073,0.012700,0.009300,-0.011900,0.001767,,-0.021217,0.004578,,,,,9.766628,0.006164,-2.250900,,-2.017224,,,0.009991,-0.107299,,,0.145558,-0.038455,0.021050,0.485335,0.523433,0.936164,0.936164,-3.060730,0.029203,0.045072,,,0.238231,,0.324615,-0.433039,4.471734
201811,2760.17,53.2785,131.7233,0.019752,0.017259,0.0422,0.0522,0.0317,0.0505,0.0071,0.0233,0.001800,0.019303,0.019647,0.047723,0.404472,0.244950,0.008400,0.010000,-0.043400,-0.003349,,-0.024593,0.002838,,,,,12.529401,0.004334,2.732900,,-2.017999,,,0.010124,-0.222477,,,0.174913,-0.055162,-0.005535,0.455028,0.561746,0.951919,0.951919,-3.073067,0.029445,0.034747,,,0.487963,,0.364840,-0.444744,3.616953
201812,2506.85,53.7482,132.3900,-0.090646,-0.092188,0.0402,0.0513,0.0284,0.0481,0.0370,0.0237,0.001900,0.021441,0.019473,0.052811,0.405984,0.268167,0.004700,0.011100,-0.011100,-0.003194,,-0.019228,0.006793,,,,,15.472471,0.006388,-4.003400,,-2.113445,,,0.009713,-0.110870,,,0.225524,-0.021871,0.111764,0.462554,0.595072,0.869507,0.869507,-2.968937,0.030503,0.064129,,,-1.106142,,0.490086,-0.552806,3.752451
201901,2704.10,54.1444,133.0567,0.081409,0.080024,0.0393,0.0512,0.0271,0.0080,0.0277,0.0237,0.002100,0.020023,0.021599,0.049206,0.406928,0.250229,0.003400,0.011900,0.019700,0.001907,,-0.019305,0.003011,,,,,9.103385,0.004234,-3.364500,,-2.004390,,,0.002395,0.192470,,,0.229784,-0.046032,0.052371,0.473200,0.586019,0.931836,0.931836,-3.038489,0.029079,0.024993,,,-0.838641,,0.498003,-0.483954,4.957256
201902,2784.49,54.5407,133.7233,0.031708,0.029398,0.0379,0.0495,0.0268,-0.0091,-0.0074,0.0239,0.001800,0.019587,0.020170,0.048024,0.407862,0.241382,0.002900,0.011600,0.001700,0.004227,,-0.023159,0.000532,,,,,8.737019,0.004614,10.593800,,-1.729903,,,-0.003732,0.062593,,,0.273593,-0.066869,0.021364,0.487399,0.584241,0.965992,0.965992,-3.062494,0.027538,0.019423,,,0.226120,,0.492469,-0.440773,5.096410
201903,2834.40,54.9369,134.3900,0.019531,0.018007,0.0377,0.0484,0.0257,0.0447,0.0485,0.0240,0.001900,0.019382,0.019730,0.047414,0.408787,0.244270,0.001700,0.010700,0.003800,0.005641,,-0.023231,0.001107,,,,,4.635274,0.003873,4.878300,,-1.789185,,,-0.004001,0.052089,,,0.213520,-0.024925,-0.032968,0.494753,0.601345,0.966464,0.966464,-3.074215,0.027740,0.016720,,,1.052260,,0.327768,-0.485522,5.234196
201904,2945.83,55.3170,134.6833,0.040629,0.039469,0.0369,0.0470,0.0253,-0.0126,-0.0089,0.0238,0.002100,0.018778,0.019516,0.045720,0.410719,0.238168,0.001500,0.010100,0.003700,0.005295,,-0.021700,0.000374,,,,,5.974257,0.004410,9.906300,,-1.753534,,,-0.010508,0.060475,,,0.114554,-0.049714,0.000021,0.472113,0.600682,0.991223,0.991223,-3.110205,0.025958,0.015880,,,1.052260,,0.195371,-0.491166,3.991717
201905,2752.06,55.6972,134.9767,-0.063187,-0.065503,0.0367,0.0463,0.0240,0.0530,0.0376,0.0235,0.002100,0.020238,0.018907,0.049046,0.412643,0.255232,0.000500,0.009600,-0.015400,0.002129,,-0.020358,0.001832,,,,,15.318520,0.004482,6.732100,,-1.818354,,,-0.009992,-0.161993,,,0.227952,-0.086370,-0.046556,0.478416,0.600675,0.924954,0.924954,-3.038720,0.025989,0.031366,,,0.238231,,0.289308,-0.646093,3.666565
201906,2941.76,56.0773,135.2700,0.069561,0.068056,0.0342,0.0446,0.0207,0.0104,0.0337,0.0217,0.001800,0.019062,0.020376,0.045983,0.414558,0.238105,-0.001000,0.010400,0.023300,0.000199,,-0.012538,0.001065,,,,,9.486640,0.003695,9.148100,,-1.894395,,,-0.010180,0.088054,,,0.097276,-0.086075,-0.000106,0.474377,0.506449,0.991486,0.991486,-3.099979,0.024872,0.022333,,,1.052260,,0.268461,-0.606763,3.726991
201907,2980.38,56.4580,134.4800,0.014603,0.013367,0.0329,0.0428,0.0206,0.0024,0.0084,0.0210,0.001900,0.018943,0.019192,0.045122,0.419825,0.235763,-0.000400,0.009900,0.006000,0.001671,,-0.012604,0.000594,,,,,10.002487,0.004511,14.865800,,-1.704960,,,-0.015670,0.005670,,,0.106123,-0.049169,-0.027606,0.469721,0.488414,0.981911,0.981911,-3.118781,0.026012,0.022568,,,1.052260,,0.289279,-0.556861,3.575841
201908,2926.46,56.8388,133.6900,-0.016085,-0.018377,0.0298,0.0387,0.0163,0.0797,0.0738,0.0195,0.001600,0.019422,0.019071,0.045683,0.425153,0.239879,-0.003200,0.008900,-0.005900,-0.000051,,-0.010142,0.004318,,,,,15.323647,0.004402,-2.368400,,-1.856021,,,-0.009469,-0.059115,,,0.107418,-0.042242,-0.045042,0.473319,0.497602,0.965062,0.965062,-3.102194,0.029002,0.031111,,,1.052260,,0.404946,-0.535885,3.089078
201909,2976.74,57.2195,132.9000,0.018791,0.017272,0.0303,0.0391,0.0170,-0.0192,-0.0190,0.0189,0.001800,0.019222,0.019552,0.044646,0.430546,0.235302,-0.001900,0.008800,0.000200,0.000783,,-0.010838,0.000605,,,,,10.143729,0.003873,13.096100,,-1.720047,,,-0.013479,-0.017796,,,0.008439,-0.050290,-0.003978,0.441798,0.462299,0.983832,0.983832,-3.125844,0.033660,0.024792,,,1.052260,,0.396092,-0.557584,3.120443
201910,3037.56,57.5599,135.0900,0.021621,0.020441,0.0301,0.0392,0.0171,-0.0052,0.0006,0.0165,0.001500,0.018949,0.019337,0.044473,0.426085,0.234176,0.000600,0.009100,0.005800,0.002286,,-0.013157,0.001510,,,,,5.158326,0.003975,2.441500,,-1.643123,,,-0.022575,-0.001294,,,0.010468,-0.044830,-0.035540,0.485185,0.493841,0.988562,0.988562,-3.129824,0.033970,0.016567,,,1.052260,,0.429979,-0.484593,3.077505
201911,3140.98,57.9003,137.2800,0.036206,0.033979,0.0306,0.0394,0.0181,-0.0059,0.0014,0.0154,0.001200,0.018434,0.019061,0.043706,0.421768,0.225785,0.002700,0.008800,0.007300,-0.000536,,-0.007796,0.000306,,,,,6.033072,0.002933,9.763300,,-1.570026,,,-0.018181,0.039430,,,0.030803,-0.071508,0.035172,0.516332,0.510090,0.996002,0.996002,-3.148206,0.031799,0.016187,,,1.052260,,0.231846,-0.627011,3.325439
201912,3230.78,58.2406,139.4700,0.029787,0.028136,0.0301,0.0388,0.0186,-0.0253,-0.0089,0.0154,0.001400,0.018027,0.018542,0.043169,0.417585,0.221932,0.003200,0.008700,0.016400,-0.000910,,-0.007199,0.000502,,,,,7.751521,0.003775,9.676300,,-1.505646,,,-0.021117,0.098486,,,-0.179470,-0.049641,0.010355,0.503100,0.528532,0.996271,0.996271,-3.161058,0.033185,0.017853,,,1.052260,,0.250595,-0.643638,3.119565
202001,3225.52,58.6873,131.7567,0.000108,-0.001129,0.0294,0.0377,0.0176,0.0632,0.0519,0.0152,0.001300,0.018195,0.018165,0.040848,0.445422,0.224150,0.002400,0.008300,-0.011300,0.003880,,-0.007694,0.001119,,,,,15.042850,0.003908,19.774000,,-1.650317,,,-0.028298,-0.155861,,,0.026493,0.005196,-0.074303,0.492515,0.521336,0.962789,0.962789,-3.215340,0.037108,0.031778,,,1.052260,,0.212878,-0.739573,2.977815
202002,2954.22,59.1339,124.0433,-0.081872,-0.084080,0.0278,0.0361,0.0150,0.0588,0.0280,0.0152,0.001200,0.020017,0.018333,0.041989,0.476720,0.249262,-0.000200,0.008300,-0.030800,0.002741,,-0.005560,0.004777,,,,,34.836102,0.007185,81.561300,,-1.829006,,,-0.025543,-0.131885,,,0.152779,0.021536,-0.208848,0.471185,0.531753,0.859836,0.859836,-3.185248,0.040052,0.170954,,,0.505732,,0.422829,-0.762529,3.292550
202003,2584.59,59.5806,116.3300,-0.121997,-0.123686,0.0302,0.0429,0.0087,0.0625,-0.0351,0.0029,0.001200,0.023052,0.020168,0.045009,0.512169,0.302505,0.005800,0.012700,-0.097600,-0.002176,,-0.007700,0.073153,,,,,104.550751,0.017962,-403.402100,,-2.812418,,,-0.066046,-0.542449,,,0.218099,-0.078846,0.033422,0.402485,0.515382,0.741662,0.741662,-3.109554,0.052173,0.232435,,,-2.420884,,0.701496,-0.689362,3.388363
202004,2912.43,59.6149,110.6300,0.128890,0.127653,0.0243,0.0413,0.0066,0.0082,0.0347,0.0014,0.000000,0.020469,0.023066,0.037985,0.538867,0.272329,0.005200,0.017000,0.026500,-0.006687,,-0.010538,0.014308,,,,,61.057369,0.011242,-18.995000,,-2.255819,,,-0.208062,-0.080078,,,0.544456,-0.074473,0.068026,0.393576,0.570695,0.823843,0.823843,-3.277130,0.063029,0.098502,,,-2.685336,,0.691076,-0.574823,3.944379
202005,3044.31,59.6491,104.9300,0.047818,0.045587,0.0250,0.0395,0.0067,-0.0097,0.0084,0.0013,0.000100,0.019594,0.020481,0.034468,0.568466,0.261199,0.005400,0.014500,0.018100,0.000020,,-0.014967,0.004072,,,,,33.734470,0.006638,17.214800,,-2.204036,,,-0.192249,0.883758,,,0.116741,-0.004221,0.025244,0.392930,0.595318,0.858947,0.858947,-3.374414,0.064393,0.064442,,,-0.857389,,0.673092,-0.803699,5.102150
202006,3100.29,59.6834,99.2300,0.020348,0.018885,0.0244,0.0364,0.0073,0.0023,0.0146,0.0016,0.000100,0.019251,0.019605,0.032007,0.601465,0.256850,0.005700,0.012000,0.012300,0.005472,,-0.016845,0.007209,,,,,46.843746,0.008796,13.934200,,-2.352057,,,-0.129363,0.106509,,,0.039004,-0.056907,-0.103971,0.452741,0.589862,0.873490,0.873490,-3.449084,0.051527,0.074950,,,0.777954,,0.500444,-0.979773,5.397099
202007,3271.12,59.4060,98.8933,0.056910,0.055682,0.0214,0.0331,0.0062,0.0287,0.0610,0.0013,0.000100,0.018161,0.019161,0.030232,0.600708,0.250869,0.004900,0.011700,0.032300,0.005058,,-0.011998,0.001608,,,,,30.381235,0.005751,25.200000,,-2.006155,,,-0.093157,0.021645,,,0.064895,-0.025095,0.068842,0.442326,0.564772,0.894316,0.894316,-3.505027,0.041189,0.047411,,,1.052260,,0.367448,-0.987077,5.718523
202008,3500.31,59.1286,98.5567,0.072068,0.070308,0.0225,0.0327,0.0065,-0.0349,-0.0488,0.0010,0.000100,0.016892,0.018076,0.028157,0.599945,0.233205,0.005500,0.010200,-0.013900,0.003153,,-0.008504,0.000743,,,,,29.529877,0.006181,49.097400,,-1.901992,,,-0.084004,0.062064,,,0.052405,-0.016992,0.079688,0.464371,0.614658,0.962054,0.962054,-3.576454,0.040674,0.053654,,,1.052260,,0.323716,-1.120441,5.636201
202009,3363.00,58.8512,98.2200,-0.038151,-0.039366,0.0231,0.0336,0.0068,0.0080,0.0041,0.0011,0.000100,0.017500,0.016813,0.029206,0.599178,0.238648,0.005700,0.010500,-0.003900,0.001393,,-0.005698,0.004907,,,,,30.648602,0.008935,10.045000,,-1.998845,,,-0.084453,-0.059610,,,-0.001923,-0.009436,-0.028351,0.419525,0.633773,0.940114,0.940114,-3.540156,0.039450,0.065249,,,1.052260,,0.293687,-1.147604,5.615525
202010,3269.96,58.6604,96.8567,-0.026409,-0.027507,0.0235,0.0344,0.0079,-0.0238,-0.0190,0.0010,0.000100,0.017939,0.017443,0.029620,0.605642,0.250175,0.006900,0.010900,0.004800,0.000415,,-0.001895,0.003661,,,,,78.324974,0.009327,88.360400,,-1.977776,,,-0.077005,-0.111305,,,0.126358,0.000495,-0.052858,0.430374,0.632785,0.896796,0.896796,-3.527170,0.039035,0.130199,,,1.052260,,0.375469,-1.159941,5.480926
202011,3621.63,58.4696,95.4933,0.109404,0.107624,0.0230,0.0330,0.0087,0.0093,0.0509,0.0009,0.000100,0.016145,0.017881,0.026368,0.612290,0.223696,0.007800,0.010000,0.041600,-0.000611,,-0.005262,0.002492,,,,,19.449568,0.004049,-1.877700,,-1.946437,,,-0.074041,0.273238,,,0.130911,0.002424,0.074702,0.412484,0.647507,0.986434,0.986434,-3.644285,0.043780,0.043597,,,1.052260,,0.359057,-1.179309,5.985571
202012,3756.07,58.2788,94.1300,0.041572,0.040137,0.0226,0.0316,0.0093,-0.0115,0.0000,0.0009,0.000100,0.015516,0.016092,0.025061,0.619131,0.216622,0.008400,0.009000,0.011500,0.000941,,-0.000098,0.000678,,,,,29.987631,0.005314,31.623700,,-1.986288,,,-0.061490,0.064843,,,0.229949,-0.001306,0.054560,0.457276,0.609251,1.000000,1.000000,-3.695709,0.045272,0.042189,,,1.052260,,0.263884,-1.335367,6.401161
202101,3714.24,58.0637,105.4867,-0.010052,-0.011090,0.0245,0.0324,0.0108,-0.0304,-0.0331,0.0008,0.000000,0.015633,0.015459,0.028401,0.550436,0.221129,0.010000,0.007900,-0.002700,0.004254,,0.002697,0.002078,,,,,54.641747,0.008466,72.164500,,-2.214943,,,-0.056784,0.080779,,,0.193261,0.007425,0.010133,0.464986,0.575581,0.961339,0.961339,-3.572087,0.075912,0.083226,,,1.052260,,0.198052,-1.261008,5.467714
202102,3811.15,57.8485,116.8433,0.026104,0.024631,0.0270,0.0342,0.0126,-0.0581,-0.0402,0.0004,0.000000,0.015179,0.015575,0.030658,0.495095,0.214340,0.012200,0.007200,0.017900,0.005474,,0.007014,0.001501,,,,,33.502934,0.005597,48.107200,,-2.295437,,,-0.090940,0.217516,,,0.390682,0.043581,-0.076882,0.460541,0.518728,0.967790,0.967790,-3.497374,0.078916,0.062675,,,1.052260,,0.213100,-1.685308,4.278652
202103,3972.89,57.6334,128.2000,0.043314,0.041970,0.0304,0.0374,0.0161,-0.0322,-0.0330,0.0003,0.000000,0.014507,0.015122,0.032269,0.449558,0.193837,0.015800,0.007000,-0.000800,0.007083,,0.015718,0.002473,,,,,16.254496,0.004147,5.916800,,-2.284487,,,-0.062924,-0.068786,,,0.642581,0.037756,0.002836,0.432938,0.509490,0.994278,0.994278,-3.449629,0.082813,0.029201,,,1.052260,,0.251886,-1.764393,5.373486
202104,4181.17,57.7106,138.3867,0.053904,0.052991,0.0290,0.0360,0.0164,0.0238,0.0222,0.0002,0.000000,0.013803,0.014526,0.033098,0.417024,0.188726,0.016200,0.007000,-0.001600,0.008219,,0.020054,0.001059,,,,,17.380941,0.003387,21.704300,,-1.591886,,,-0.061713,0.074713,,,-0.447779,0.024533,-0.001764,0.415079,0.479436,0.990473,0.990473,-3.424562,0.050530,0.029798,,,1.052260,,0.237393,-1.610828,4.954825
202105,4204.11,57.7878,148.5733,0.006208,0.004737,0.0296,0.0362,0.0162,0.0001,0.0045,0.0002,0.000000,0.013746,0.013821,0.035340,0.388952,0.185148,0.016000,0.006600,0.004400,0.008017,,0.017464,0.001496,,,,,13.295706,0.002793,8.774900,,-1.481640,,,-0.053422,0.043095,,,0.138273,0.030474,-0.031700,0.447808,0.472197,0.992860,0.992860,-3.358809,0.042977,0.023631,,,1.052260,,0.266839,-1.541981,5.151947
202106,4297.50,57.8650,158.7600,0.023682,0.022564,0.0279,0.0344,0.0152,0.0284,0.0442,0.0004,0.000000,0.013465,0.013764,0.036942,0.364481,0.185293,0.014800,0.006500,0.015800,0.009291,,0.017255,0.000607,,,,,12.243721,0.003155,14.633900,,-1.375354,,,-0.050292,0.110072,,,0.442732,0.037591,0.000092,0.432428,0.557891,0.992085,0.992085,-3.313481,0.041851,0.018816,,,1.052260,,0.245316,-1.570217,4.903622
202107,4395.26,58.3282,164.2967,0.024305,0.023309,0.0257,0.0324,0.0132,0.0305,0.0239,0.0005,0.000000,0.013271,0.013573,0.037380,0.355017,0.182996,0.012700,0.006700,-0.006600,0.004811,,0.016079,0.001124,,,,,16.371597,0.003369,17.676600,,-1.350664,,,-0.046297,0.004211,,,0.511268,0.012678,-0.016186,0.474079,0.583557,0.994058,0.994058,-3.299722,0.042592,0.026516,,,1.052260,,0.256638,-1.589934,4.213512
202108,4522.68,58.7913,169.8333,0.030600,0.029205,0.0255,0.0324,0.0128,-0.0035,-0.0045,0.0005,0.000000,0.012999,0.013376,0.037551,0.346171,0.180795,0.012300,0.006900,-0.001000,0.002066,,0.014846,0.000602,,,,,13.300282,0.002816,17.450900,,-1.372399,,,-0.048907,-0.071960,,,0.351650,0.038887,0.020084,0.451477,0.603313,0.992571,0.992571,-3.294761,0.036277,0.021794,,,1.052260,,0.199031,-1.602777,4.652412
202109,4307.54,59.2545,175.3700,-0.046077,-0.047152,0.0253,0.0323,0.0137,-0.0250,-0.0194,0.0004,0.000000,0.013756,0.013102,0.040712,0.337883,0.188898,0.013300,0.007000,0.005600,0.002716,,0.015598,0.001393,,,,,26.239740,0.005249,31.560300,,-1.377918,,,-0.061358,0.095759,,,0.454273,0.009786,-0.073930,0.450992,0.610718,0.949994,0.949994,-3.214831,0.031761,0.047692,,,1.052260,,0.249149,-1.604689,4.919234
202110,4605.38,59.6354,182.8700,0.070510,0.069627,0.0268,0.0335,0.0158,0.0051,0.0159,0.0005,0.000000,0.012949,0.013844,0.039708,0.326108,0.178480,0.015300,0.006700,0.010800,0.008308,,0.013368,0.001151,,,,,11.589758,0.002882,10.706100,,-1.285429,,,-0.048535,0.111599,,,0.497526,0.008827,0.010241,0.460643,0.623147,1.000000,1.000000,-3.241936,0.028098,0.023831,,,1.052260,,0.245633,-1.568273,5.594355
202111,4567.00,60.0162,190.3700,-0.007256,-0.008666,0.0262,0.0328,0.0156,0.0210,0.0094,0.0005,0.000000,0.013141,0.013032,0.041684,0.315261,0.185394,0.015100,0.006600,-0.011600,0.004913,,0.015640,0.001327,,,,,39.549934,0.006466,50.648600,,-1.438358,,,-0.042297,-0.208089,,,0.529661,0.017896,-0.053299,0.467904,0.633210,0.946517,0.946517,-3.193227,0.031883,0.062986,,,1.052260,,0.247123,-1.662202,4.653923
202112,4766.18,60.3971,197.8700,0.043485,0.042285,0.0265,0.0330,0.0147,-0.0110,-0.0129,0.0006,0.000100,0.012672,0.013225,0.041515,0.305236,0.175932,0.014100,0.006500,-0.001900,0.003073,,0.012970,0.002518,,,,,12.699518,0.003590,2.825500,,-1.277660,,,-0.045720,0.136446,,,0.449398,0.032383,0.007071,0.436660,0.655856,0.995880,0.995880,-3.196435,0.033398,0.024679,,,1.052260,,0.251053,-1.726900,4.601180
202201,4515.55,60.9214,197.8833,-0.052243,-0.053087,0.0293,0.0358,0.0176,-0.0189,-0.0337,0.0015,0.000000,0.013491,0.012782,0.043823,0.307865,0.181973,0.016100,0.006500,-0.014718,0.008415,,0.011640,0.002780,,,,,,0.005405,7.585700,,-1.277215,,,-0.050087,0.172052,,,0.614480,0.031606,0.133349,0.390675,0.620818,0.954679,0.954679,-3.145052,0.046773,0.055022,,,0.806190,,0.276435,-1.699912,4.252363
202202,4373.94,61.4457,197.8967,-0.029293,-0.030700,0.0325,0.0397,0.0193,-0.0066,-0.0200,0.0033,0.000000,0.014048,0.013608,0.045244,0.310494,0.188627,0.016000,0.007200,-0.013414,0.009134,,0.008487,0.003676,,,,,,0.005969,34.936500,,-1.241030,,,-0.044417,0.085876,,,0.488892,0.015621,0.117100,0.429343,0.633516,0.921003,0.921003,-3.114791,0.044915,0.075131,,,-0.819681,,0.309690,-1.501356,4.373775
202203,4530.41,61.9700,197.9100,0.037925,0.036605,0.0343,0.0429,0.0213,-0.0311,-0.0252,0.0044,0.000000,0.013679,0.014168,0.043685,0.313122,0.206921,0.016900,0.008600,0.005920,0.013351,,-0.001122,0.004747,,,,,,0.005660,-2.224900,,-1.183753,,,-0.039141,0.047639,,,0.522876,0.004503,-0.045892,0.440999,0.614804,0.942355,0.942355,-3.151832,0.042362,0.039258,,,-0.310123,,0.338479,-1.375883,4.970919
202204,4131.93,62.6532,196.0267,-0.087576,-0.088393,0.0376,0.0466,0.0275,-0.0310,-0.0547,0.0076,0.000000,0.015163,0.013829,0.047442,0.319616,0.217595,0.019900,0.009000,-0.023701,0.005583,,-0.005663,0.004927,,,,,,0.007754,66.619800,,-1.151554,,,-0.039155,0.043977,,,0.936658,0.002381,-0.016097,0.456366,0.625537,0.896128,0.896128,-3.075378,0.034923,0.098759,,,-2.685336,,0.386342,-1.707150,4.506512
202205,4132.15,63.3364,194.1433,0.000374,-0.001355,0.0413,0.0512,0.0290,0.0018,0.0093,0.0098,0.000300,0.015328,0.015329,0.046984,0.326235,0.217510,0.019200,0.009900,0.007510,0.011024,,-0.003372,0.007760,,,,,,0.005933,-10.717200,,-1.288885,,,-0.040701,0.095329,,,0.342627,-0.003191,-0.054700,0.419086,0.590741,0.896479,0.896479,-3.086544,0.041799,0.063961,,,-2.177341,,0.442829,-1.529273,3.829823
202206,3785.38,64.0196,192.2600,-0.081683,-0.083126,0.0424,0.0527,0.0314,-0.0088,-0.0280,0.0149,0.000600,0.016912,0.015493,0.050790,0.332985,0.233162,0.016500,0.010300,-0.019203,0.013736,,-0.004815,0.007203,,,,,,0.009185,6.180800,,-1.212001,,,-0.044312,-0.061132,,,0.259157,0.012876,0.014190,0.444607,0.633839,0.836297,0.836297,-3.010970,0.045202,0.073418,,,-2.685336,,0.504589,-1.470216,3.249042
202207,4130.29,64.4525,190.5333,0.093766,0.092675,0.0406,0.0521,0.0290,0.0159,0.0324,0.0223,0.000800,0.015605,0.017027,0.046131,0.338274,0.218470,0.006700,0.011500,0.016432,-0.000118,,-0.006120,0.003188,,,,,,0.005737,4.883700,,-0.995084,,,-0.042773,-0.058425,,,0.081113,0.009154,0.043600,0.425562,0.638851,0.892539,0.892539,-3.104863,0.043249,0.040164,,,-1.913113,,0.495079,-1.424577,3.097232
202208,3955.00,64.8854,188.8067,-0.040295,-0.042052,0.0407,0.0515,0.0290,-0.0248,-0.0293,0.0263,0.001900,0.016406,0.015710,0.047739,0.343661,0.227724,0.002700,0.010800,-0.004517,-0.000354,,-0.009731,0.003349,,,,,,0.008917,31.550300,,-1.082539,,,-0.044509,-0.111670,,,0.268883,-0.004435,-0.031986,0.472799,0.620576,0.856270,0.856270,-3.070600,0.037422,0.059213,,,-2.685336,,0.479721,-1.561611,3.724190
202209,3585.62,65.3183,187.0800,-0.091495,-0.092876,0.0459,0.0569,0.0352,-0.0345,-0.0526,0.0313,0.001900,0.018217,0.016515,0.052175,0.349146,0.249801,0.003900,0.011000,-0.018018,0.002151,,-0.011291,0.004934,,,,,,0.009715,37.417700,,-1.079288,,,-0.043058,-0.112271,,,0.203134,-0.009041,-0.084015,0.451048,0.615278,0.780592,0.780592,-2.987745,0.032654,0.092488,,,-2.685336,,0.451283,-1.644563,3.753479
202210,3871.98,65.8531,182.3033,0.080248,0.079197,0.0510,0.0626,0.0398,-0.0139,-0.0103,0.0372,0.002300,0.017008,0.018366,0.047083,0.361228,0.219219,0.002600,0.011600,0.003595,0.004056,,-0.015252,0.006504,,,,,,0.007770,3.946400,,-1.224840,,,-0.043918,0.082437,,,0.297107,0.003668,0.008375,0.453947,0.612738,0.889491,0.889491,-3.094878,0.034073,0.069536,,,-2.685336,,0.507393,-1.580106,3.235419
202211,4080.11,66.3880,177.5267,0.054165,0.052157,0.0490,0.0607,0.0389,0.0268,0.0518,0.0415,0.002900,0.016271,0.017146,0.043510,0.373961,0.207451,-0.002600,0.011700,0.025005,-0.001010,,-0.017011,0.006343,,,,,,0.008051,-6.999000,,-1.280606,,,-0.047335,-0.070265,,,0.139112,-0.028762,0.135855,0.445738,0.605912,0.939948,0.939948,-3.172921,0.036186,0.045584,,,-1.366207,,0.508817,-1.698882,2.878768
202212,3839.50,66.9228,172.7500,-0.058784,-0.060170,0.0443,0.0559,0.0362,-0.0052,-0.0044,0.0425,0.003300,0.017430,0.016402,0.044993,0.387397,0.216479,-0.006300,0.011600,0.000795,-0.003070,,-0.021249,0.002701,,,,,,0.007466,8.207700,,-1.296731,,,-0.059649,-0.002735,,,0.078461,0.018725,0.016247,0.485214,0.597068,0.900749,0.900749,-3.136812,0.037041,0.045050,,,-1.332807,,0.492762,-1.849287,2.884048
202301,4076.60,67.3524,173.5567,0.063810,0.062777,0.0440,0.0550,0.0353,0.0251,0.0401,0.0454,0.003500,0.016522,0.017542,0.042574,0.388071,0.210516,-0.010100,0.011000,0.015009,0.007995,,-0.020773,0.002286,,,,,,0.006111,10.666400,,-1.401180,,,-0.052738,-0.016951,,,0.046226,-0.005382,-0.026584,0.482638,0.597421,0.952974,0.926260,-3.191206,0.036833,0.038227,,,-0.003979,,0.438776,-1.671957,3.200535
202302,3970.15,67.7819,174.3633,-0.024265,-0.025993,0.0456,0.0559,0.0375,-0.0234,-0.0318,0.0465,0.003400,0.017073,0.016627,0.043919,0.388739,0.219730,-0.009000,0.010300,-0.008410,0.005582,,-0.022011,0.001740,,,,,,0.007941,13.031600,,-1.399816,,,-0.051841,-0.024344,,,0.086878,-0.018629,0.044437,0.502542,0.592486,0.925271,0.887419,-3.162232,0.031564,0.037030,,,-0.771372,,0.344916,-1.726092,3.192851
202303,4109.31,68.2114,175.1700,0.037479,0.035871,0.0460,0.0571,0.0366,0.0289,0.0278,0.0469,0.003600,0.016599,0.017181,0.042628,0.389401,0.220224,-0.010300,0.011100,-0.001102,0.003311,,-0.022331,0.002889,,,,,,0.006720,-1.445500,,-1.525343,,,-0.048540,-0.016634,,,-0.122851,0.005171,0.023323,0.471191,0.606927,0.946343,0.904197,-3.191200,0.038977,0.031691,,,0.816994,,0.322371,-1.658725,3.230063
202304,4169.48,68.3793,177.1167,0.015015,0.014065,0.0447,0.0553,0.0346,0.0054,0.0077,0.0492,0.003500,0.016400,0.016640,0.042479,0.386069,0.214902,-0.014600,0.010600,0.002297,0.005059,,-0.021389,0.001029,,,,,,0.006193,13.145700,,-1.378611,,,-0.046694,0.014272,,,-0.491962,0.014517,0.125914,0.490638,0.636109,0.985787,0.926589,-3.192753,0.035034,0.023384,,,1.052260,,0.286531,-1.664068,3.044430
202305,4179.83,68.5471,179.0633,0.005307,0.003474,0.0467,0.0577,0.0357,-0.0116,-0.0145,0.0514,0.003600,0.016399,0.016440,0.042840,0.382809,0.222672,-0.015700,0.011000,-0.002875,0.002518,,-0.020660,0.001369,,,,,,0.007691,14.946000,,-1.504341,,,-0.050352,-0.112834,,,-0.469330,-0.001924,0.064787,0.475041,0.654095,0.951387,0.894255,-3.185364,0.041959,0.028298,,,1.052260,,0.272975,-1.680857,2.432302
202306,4450.38,68.7149,181.0100,0.066951,0.065652,0.0465,0.0575,0.0375,-0.0075,0.0041,0.0516,0.004000,0.015440,0.016440,0.040673,0.379620,0.212969,-0.014100,0.011000,0.011626,0.003229,,-0.015673,0.001114,,,,,,0.005463,6.600500,,-1.597485,,,-0.058845,0.037450,,,-0.496187,0.042589,0.027622,0.459821,0.555714,0.994733,0.934998,-3.239006,0.034594,0.014853,,,1.052260,,0.210586,-1.695662,2.658727
202307,4588.96,68.9143,182.0900,0.031700,0.030745,0.0466,0.0574,0.0390,-0.0035,0.0034,0.0525,0.004500,0.015017,0.015485,0.039680,0.378463,0.206070,-0.013500,0.010800,0.006987,0.001908,,-0.016677,0.000537,,,,,,0.005571,7.679900,,-1.572493,,,-0.051455,0.157984,,,-0.491567,0.004175,0.035136,0.465671,0.546934,1.000000,0.966301,-3.265166,0.036508,0.016216,,,1.052260,,0.181590,-1.756130,2.632699
202308,4507.66,69.1137,183.1700,-0.015424,-0.017192,0.0495,0.0602,0.0417,-0.0052,-0.0078,0.0530,0.004500,0.015333,0.015061,0.040635,0.377320,0.211041,-0.011300,0.010700,-0.002586,0.004367,,-0.016514,0.001337,,,,,,0.007086,2.853400,,-1.513901,,,-0.052561,-0.002078,,,-0.587003,-0.013197,0.022578,0.523945,0.544787,0.974495,0.943539,-3.243973,0.034182,0.016423,,,1.052260,,0.191842,-1.373850,2.503318
202309,4288.05,69.3131,184.2500,-0.047566,-0.048621,0.0513,0.0616,0.0438,-0.0221,-0.0267,0.0532,0.004300,0.016164,0.015377,0.042968,0.376191,0.218690,-0.009400,0.010300,-0.004600,0.002485,,-0.017989,0.001023,,,,,,0.006385,15.359900,,-1.589586,,,-0.051193,0.112214,,,-0.609355,0.021947,-0.028305,0.502372,0.553424,0.940411,0.910539,-3.190162,0.033310,0.028167,,,1.052260,,0.195060,-1.901207,2.510934
202310,4193.80,69.6433,186.9767,-0.021040,-0.022005,0.0561,0.0663,0.0480,-0.0121,-0.0187,0.0534,0.004700,0.016606,0.016241,0.044584,0.372471,0.221698,-0.005400,0.010200,-0.006642,-0.000383,,-0.014711,0.001678,,,,,,0.006576,10.426200,,-1.577237,,,-0.057104,-0.101002,,,-0.933284,-0.010737,-0.024085,0.482373,0.529878,0.927652,0.898184,-3.157262,0.030600,0.031481,,,-0.555454,,0.239102,-1.933020,2.525981
202311,4567.80,69.9735,189.7033,0.090804,0.088667,0.0528,0.0629,0.0450,0.0347,0.0598,0.0527,0.004400,0.015319,0.016685,0.041531,0.368858,0.203827,-0.007700,0.010100,0.025053,-0.002015,,-0.020618,0.001341,,,,,,0.006883,4.031800,,-1.729436,,,-0.053605,-0.073634,,,-0.769659,0.025056,0.048701,0.495523,0.514373,1.000000,0.976936,-3.225342,0.029815,0.016447,,,0.516170,,0.257148,-1.880152,2.255945
202312,4769.83,70.3037,192.4300,0.045506,0.044157,0.0474,0.0564,0.0402,0.0337,0.0434,0.0524,0.004300,0.014739,0.015391,0.040343,0.365347,0.194424,-0.012200,0.009000,0.009703,-0.000993,,-0.017441,0.000797,,,,,,0.005747,5.960000,,-1.739012,,,-0.056616,-0.049200,,,,0.044725,-0.000505,0.509057,0.546537,0.999455,0.999455,-3.249746,0.036564,0.014326,,,0.788032,,0.239503,-1.924311,3.351642
202401,4845.65,70.4774,192.0833,0.015831,0.014936,0.0487,0.0568,0.0406,-0.0028,-0.0017,0.0522,0.004700,0.014544,0.014776,0.039640,0.366911,0.192076,-0.011600,0.008100,0.001105,0.005448,,-0.015188,0.000980,,,,,,0.005824,8.776400,,-1.885649,,,-0.070854,0.061066,,,,-0.029561,-0.055379,0.493192,0.569113,0.991759,0.991759,-3.267705,0.039138,0.019996,,,1.052260,,0.211570,-2.063996,4.104531
202402,5096.27,70.6511,191.7367,0.053031,0.051399,0.0503,0.0577,0.0421,-0.0131,-0.0150,0.0524,0.004200,0.013863,0.014580,0.037623,0.368480,0.187908,-0.010300,0.007400,-0.001911,0.006190,,-0.013678,0.001255,,,,,,0.006966,5.677200,,-2.048271,,,-0.060615,0.038542,,,,-0.024221,0.060106,0.509218,0.618723,0.996547,0.996547,-3.321379,0.043675,0.016106,,,1.052260,,0.186446,-2.063045,5.427081
202403,5254.35,70.8248,191.3900,0.032211,0.031069,0.0501,0.0575,0.0421,0.0064,0.0129,0.0524,0.004300,0.013479,0.013897,0.036425,0.370055,0.195641,-0.010300,0.007400,0.006503,0.006464,,-0.011172,0.000782,,,,,,0.005693,5.713400,,-1.789182,,,-0.059306,0.059833,,,,-0.006762,0.016059,0.498710,0.632340,1.000000,1.000000,-3.353736,0.038861,0.015128,,,1.052260,,0.166169,-1.974051,3.261506
202404,5035.69,71.2085,192.9033,-0.039800,-0.040584,0.0528,0.0600,0.0454,-0.0233,-0.0254,0.0524,0.004700,0.014141,0.013552,0.038307,0.369141,0.205944,-0.007000,0.007200,-0.002173,0.003893,,-0.011515,0.001558,,,,,,0.007413,2.743100,,-1.847731,,,-0.061846,-0.005598,,,,-0.020843,-0.017873,0.493398,0.640779,0.949973,0.949973,-3.306516,0.036853,0.024509,,,1.052260,,0.179997,-1.999061,2.871399
202405,5277.51,71.5921,194.4167,0.049431,0.047890,0.0525,0.0595,0.0448,0.0146,0.0187,0.0525,0.004400,0.013566,0.014217,0.036839,0.368241,0.201310,-0.007700,0.007000,0.004162,0.001662,,-0.012130,0.000829,,,,,,0.005608,5.165100,,-1.893916,,,-0.056086,-0.066116,,,,-0.015948,0.012296,0.518788,0.626940,0.967071,0.967071,-3.345032,0.032104,0.015603,,,1.052260,,0.170374,-1.947253,3.661343
202406,5460.48,71.9758,195.9300,0.037199,0.036012,0.0513,0.0582,0.0431,0.0101,0.0064,0.0524,0.004100,0.013181,0.013638,0.035881,0.367355,0.199085,-0.009300,0.006900,-0.003725,0.000338,,-0.014270,0.000356,,,,,,0.005712,6.331600,,-1.793435,,,-0.056177,0.062332,,,,-0.044110,0.027535,0.497914,0.628700,0.977884,0.977884,-3.369732,0.031460,0.014068,,,1.052260,,0.143823,-1.592845,2.717579
202407,5522.30,72.4506,197.3767,0.012147,0.011296,0.0512,0.0584,0.0425,0.0219,0.0238,0.0520,0.004500,0.013120,0.013268,0.035742,0.367068,0.190681,-0.009500,0.007200,0.001956,0.001162,,-0.011832,0.001748,,,,,,0.007593,8.872300,,-1.918411,,,-0.065714,-0.041893,,,,-0.011751,-0.006448,0.486440,0.577101,0.991376,0.991376,-3.373057,0.037610,0.024830,,,1.052260,,0.112621,-1.818471,2.608861
202408,5648.40,72.9255,198.8233,0.024282,0.022896,0.0487,0.0560,0.0387,0.0128,0.0157,0.0505,0.004800,0.012911,0.013206,0.035200,0.366785,0.187377,-0.011800,0.007300,0.002934,0.000814,,-0.011028,0.003184,,,,,,0.005918,-23.121400,,-1.995219,,,-0.061562,-0.060988,,,,-0.014960,-0.087016,0.499449,0.617476,1.000000,1.000000,-3.384681,0.038045,0.019763,,,1.052260,,0.195877,-1.714663,2.511166
202409,5762.48,73.4003,200.2700,0.022821,0.021707,0.0468,0.0542,0.0372,0.0120,0.0177,0.0472,0.004000,0.012738,0.012995,0.034754,0.366507,0.183981,-0.010000,0.007400,0.005707,0.001604,,-0.010283,0.001466,,,,,,0.006879,10.433500,,-1.924566,,,-0.068166,-0.077429,,,,-0.004350,-0.035663,0.479714,0.607329,1.000000,1.000000,-3.395982,0.035707,0.025678,,,1.052260,,0.236573,-1.830886,2.267242
202410,5705.45,73.8776,203.5700,-0.008690,-0.009524,0.0495,0.0563,0.0410,-0.0238,-0.0243,0.0451,0.003900,0.012949,0.012820,0.035680,0.362910,0.186478,-0.004100,0.006800,-0.000460,0.001151,,-0.009458,0.001062,,,,,,0.008874,35.055800,,-1.954967,,,-0.071950,0.012073,,,,0.003477,-0.067534,0.513004,0.609077,0.965051,0.965051,-3.373349,0.029450,0.048721,,,1.052260,,0.256121,-1.883722,2.851740
202411,6032.38,74.3549,206.8700,0.060421,0.059016,0.0514,0.0578,0.0436,0.0078,0.0134,0.0442,0.004000,0.012326,0.013032,0.034293,0.359428,0.173410,-0.000600,0.006400,0.005605,-0.000542,,-0.004121,0.001264,,,,,,0.005436,3.357800,,-2.057858,,,-0.074110,-0.018971,,,,-0.012884,0.064149,0.511126,0.643089,1.000000,1.000000,-3.415483,0.030784,0.017392,,,1.052260,,0.176644,-1.906840,3.220691
202412,5881.63,74.8323,210.1700,-0.023446,-0.024622,0.0520,0.0580,0.0439,-0.0154,-0.0194,0.0427,0.003700,0.012723,0.012405,0.035733,0.356056,0.183056,0.001200,0.006000,-0.003946,0.000355,,-0.004612,0.001643,,,,,,0.007693,12.328600,,-2.014340,,,-0.064117,0.061236,,,,-0.013072,-0.077546,0.542712,0.628438,0.945132,0.945132,-3.374636,0.033650,0.024268,,,1.052260,,0.195438,-1.960465,2.818058
202501,6040.53,75.2699,212.3433,0.028948,0.028135,0.0546,0.0608,0.0463,0.0052,0.0055,0.0421,0.003700,0.012461,0.012797,0.035153,0.354473,0.174835,0.004200,0.006200,0.000353,0.006546,,-0.006192,0.001525,,,,,,0.005759,,,-2.152802,,,-0.067109,0.005522,,,,,-0.051487,0.515580,0.628407,0.989573,0.989573,-3.393303,0.034423,0.023080,,,1.052260,,0.171555,-1.930906,2.555462
202502,5954.50,75.7076,214.5167,-0.014308,-0.015503,0.0532,0.0592,0.0445,0.0216,0.0204,0.0422,0.003300,0.012714,0.012533,0.036026,0.352922,0.177641,0.002300,0.006000,-0.001173,0.004442,,-0.007632,0.001261,,,,,,0.005831,,,-1.996327,,,-0.057189,-0.039401,,,,,-0.033404,0.507789,0.643284,0.973939,0.973939,-3.367053,0.033611,0.031825,,,0.806190,,0.169983,-1.885972,3.594384
202503,5611.85,76.1453,216.6900,-0.057700,-0.058922,0.0529,0.0593,0.0428,0.0023,-0.0029,0.0420,0.003400,0.013569,0.012788,0.038613,0.351402,0.195833,0.000800,0.006400,-0.005179,0.002247,,-0.012112,0.003532,,,,,,0.006852,,,-2.143670,,,-0.058135,0.027154,,,,,-0.068895,0.476383,0.631020,0.933081,0.933081,-3.296077,0.034201,0.044004,,,-1.090339,,0.205815,-1.744500,5.147782
202504,5569.06,76.5464,218.6367,-0.005820,-0.006627,0.0545,0.0618,0.0428,0.0063,-0.0003,0.0421,0.003500,0.013745,0.013640,0.039259,0.350108,0.202249,0.000700,0.007300,-0.006661,0.003114,,-0.012935,0.019338,,,,,,0.009828,,,-2.290460,,,-0.057629,-0.171421,,,,,0.076514,0.483364,0.637940,0.903482,0.903482,-3.279480,0.034626,0.056078,,,-1.912064,,0.507679,-1.667875,5.225446
202505,5911.69,76.9476,220.5833,0.063333,0.061928,0.0554,0.0629,0.0442,-0.0103,-0.0001,0.0425,0.003800,0.013016,0.013817,0.037313,0.348837,0.194590,0.001700,0.007500,0.010169,0.002089,,-0.013920,0.002376,,,,,,0.006583,,,-2.045317,,,-0.059591,0.032074,,,,,0.095126,0.507617,0.640819,0.939042,0.939042,-3.331663,0.034651,0.030826,,,-1.636041,,0.527140,-1.682459,5.147310
202506,6204.95,77.3487,222.5300,0.050912,0.049719,0.0546,0.0615,0.0438,0.0125,0.0187,0.0423,0.003400,0.012466,0.013084,0.035863,0.347588,0.186538,0.001500,0.006900,0.006142,0.003409,,-0.011158,0.000862,,,,,,0.006003,,,-2.045116,,,-0.054874,0.078750,,,,,-0.000237,0.525665,0.623885,0.979578,0.979578,-3.370909,0.035444,0.023430,,,-0.018939,,0.543230,-1.695228,4.567209
202507,6339.39,77.7245,226.3733,0.022965,0.022194,0.0545,0.0610,0.0439,-0.0039,0.0007,0.0425,0.003400,0.012261,0.012526,0.035709,0.343347,0.186385,0.001400,0.006500,0.004574,0.001510,,-0.009865,0.000371,,,,,,0.007480,,,-2.054380,,,-0.051136,0.061237,,,,,-0.001324,0.510147,0.612413,0.980383,0.980383,-3.375316,0.034063,0.024206,,,0.787808,,0.181662,-1.637132,2.833561
202508,6460.26,78.1003,230.2167,0.019485,0.018284,0.0535,0.0600,0.0426,0.0106,0.0101,0.0412,0.003800,0.012089,0.012320,0.035636,0.339247,0.180599,0.001400,0.006500,-0.000423,0.002873,,-0.009118,0.001144,,,,,,0.005829,,,-1.875735,,,-0.054126,-0.085276,,,,,0.000360,0.485219,0.624740,0.997984,0.997984,-3.376122,0.035485,0.020636,,,1.052260,,0.129183,-1.678118,2.764478
202509,6688.46,78.4761,234.0600,0.038940,0.037804,0.0521,0.0583,0.0412,0.0085,0.0150,0.0392,0.003300,0.011733,0.012148,0.034995,0.335282,0.177278,0.002000,0.006200,0.006538,0.002543,,-0.008641,0.000459,,,,,,,,,-1.996855,,,-0.054039,-0.018490,,,,,0.057067,0.505711,0.533117,1.000000,1.000000,-3.392935,0.036958,,,,1.052260,,0.094055,-1.561750,2.962177
202510,6840.20,78.6242,238.1967,0.023013,0.022302,0.0513,0.0574,0.0406,0.0062,0.0038,0.0382,0.003700,0.011494,0.011755,0.034823,0.330081,0.172936,0.002400,0.006100,-0.002331,-0.001044,,-0.008996,0.001646,,,,,,,,,-2.058054,,,-0.058796,-0.022479,,,,,-0.012243,0.495652,0.549517,0.996992,0.996992,-3.397273,0.038817,,,,1.052260,,0.131389,-1.608450,3.241917
202511,6849.09,78.7722,242.3333,0.002286,0.001166,0.0526,0.0586,0.0409,0.0062,0.0065,0.0378,0.003000,0.011501,0.011516,0.035382,0.325057,0.172380,0.003100,0.006000,0.000359,-0.001045,,-0.008713,0.001700,,,,,,,,,-2.032365,,,-0.060958,-0.051336,,,,,0.060113,0.457865,0.607992,0.988843,0.988843,-3.381643,0.040714,,,,1.052260,,0.132836,-1.628200,3.110721
202512,6845.50,78.9202,246.4700,0.000834,-0.000293,0.0531,0.0590,0.0414,-0.0033,-0.0020,0.0359,0.003400,0.011529,0.011523,0.036005,0.320202,0.171136,0.005500,0.005900,0.001299,-0.000210,,-0.029750,0.000649,,,,,,,,,-1.911321,,,-0.056746,-0.022533,,,,,-0.019289,0.485684,0.615637,0.986295,0.986295,-3.364672,0.037306,,,,1.052260,,0.148514,-1.645761,3.204057